transaction_id,account_id,is_fraud_ring,is_behavioral_anomaly,is_fraud,fraud_type,fraud_ring_id
TXN_563eba15a6a2,ACC_280389155857,False,False,False,normal,
TXN_374bc470f573,ACC_280389155857,False,False,False,normal,
TXN_4130d9a16d8d,ACC_280389155857,False,False,False,normal,
TXN_ceabfa9df97c,ACC_280389155857,False,False,False,normal,
TXN_a7284b0c640a,ACC_280389155857,False,False,False,normal,
TXN_a3ce76c5f067,ACC_280389155857,False,False,False,normal,
TXN_24cebc4483b0,ACC_280389155857,False,False,False,normal,
TXN_6b9789eab63c,ACC_280389155857,False,False,False,normal,
TXN_7918d303640d,ACC_280389155857,False,False,False,normal,
TXN_265997ea5843,ACC_280389155857,False,False,False,normal,
TXN_0f5538fa32c5,ACC_b125f178d436,False,False,False,normal,
TXN_67619d3d81ac,ACC_b125f178d436,False,False,False,normal,
TXN_f4485c203577,ACC_b125f178d436,False,False,False,normal,
TXN_d4eb4fc2c19e,ACC_b125f178d436,False,False,False,normal,
TXN_46be53b74501,ACC_b125f178d436,False,False,False,normal,
TXN_1e6a2b6b08da,ACC_b125f178d436,False,False,False,normal,
TXN_b58b692b3f04,ACC_b125f178d436,False,False,False,normal,
TXN_26998a847304,ACC_b125f178d436,False,False,False,normal,
TXN_1c7fbccb94d3,ACC_b125f178d436,False,False,False,normal,
TXN_ea398a218bd4,ACC_b125f178d436,False,False,False,normal,
TXN_601f1207c87b,ACC_88fe7e5abf9c,False,False,False,normal,
TXN_e382d6745f30,ACC_88fe7e5abf9c,False,False,False,normal,
TXN_16857024dad6,ACC_88fe7e5abf9c,False,False,False,normal,
TXN_01d09bc437e8,ACC_88fe7e5abf9c,False,False,False,normal,
TXN_eb4c7a1b0ded,ACC_88fe7e5abf9c,False,False,False,normal,
TXN_1c1d2edf06c6,ACC_88fe7e5abf9c,False,False,False,normal,
TXN_2279ec05cf54,ACC_88fe7e5abf9c,False,False,False,normal,
TXN_c2ff1368b76f,ACC_88fe7e5abf9c,False,False,False,normal,
TXN_d9c8ca1ff139,ACC_88fe7e5abf9c,False,False,False,normal,
TXN_a8642ff98aaf,ACC_88fe7e5abf9c,False,False,False,normal,
TXN_e55c93d54b40,ACC_0d95406be8c2,False,False,False,normal,
TXN_51aaffcef988,ACC_0d95406be8c2,False,False,False,normal,
TXN_ae48a52170c3,ACC_0d95406be8c2,False,False,False,normal,
TXN_009e3d666086,ACC_0d95406be8c2,False,False,False,normal,
TXN_fd19b6192b29,ACC_0d95406be8c2,False,False,False,normal,
TXN_d9ac75e26543,ACC_0d95406be8c2,False,False,False,normal,
TXN_e30005805e94,ACC_0d95406be8c2,False,False,False,normal,
TXN_4f38ffcc07b7,ACC_0d95406be8c2,False,False,False,normal,
TXN_3d697a1663c7,ACC_0d95406be8c2,False,False,False,normal,
TXN_95294295e5fd,ACC_0d95406be8c2,False,False,False,normal,
TXN_294f2bba18af,ACC_cbfa619a88c8,False,False,False,normal,
TXN_3eab0a96db6b,ACC_cbfa619a88c8,False,False,False,normal,
TXN_3cf1e1156e9e,ACC_cbfa619a88c8,False,False,False,normal,
TXN_4a512dad6428,ACC_cbfa619a88c8,False,False,False,normal,
TXN_14f6a72b07da,ACC_cbfa619a88c8,False,False,False,normal,
TXN_e2f835619960,ACC_cbfa619a88c8,False,False,False,normal,
TXN_dd269144f96a,ACC_cbfa619a88c8,False,False,False,normal,
TXN_60d60bd13677,ACC_cbfa619a88c8,False,False,False,normal,
TXN_bf230d2ce5b7,ACC_cbfa619a88c8,False,False,False,normal,
TXN_18ad5f9cdce7,ACC_cbfa619a88c8,False,False,False,normal,
TXN_611b069cb269,ACC_48ff73924a0d,False,False,False,normal,
TXN_c6b1aa97cd30,ACC_48ff73924a0d,False,False,False,normal,
TXN_2e493738d546,ACC_48ff73924a0d,False,False,False,normal,
TXN_17cbfc20d2d2,ACC_48ff73924a0d,False,False,False,normal,
TXN_48dafa36515b,ACC_48ff73924a0d,False,False,False,normal,
TXN_63fdf1e93918,ACC_48ff73924a0d,False,False,False,normal,
TXN_0bf1f113351b,ACC_48ff73924a0d,False,False,False,normal,
TXN_4d70aa3ea0b6,ACC_48ff73924a0d,False,False,False,normal,
TXN_ce3485508426,ACC_48ff73924a0d,False,False,False,normal,
TXN_e3dbb8f245b5,ACC_48ff73924a0d,False,False,False,normal,
TXN_1a573d395e0e,ACC_3b84db8ace86,False,False,False,normal,
TXN_cac158942b65,ACC_3b84db8ace86,False,False,False,normal,
TXN_3f852af7bfa1,ACC_3b84db8ace86,False,False,False,normal,
TXN_6d8479842e67,ACC_3b84db8ace86,False,False,False,normal,
TXN_a44d561e1211,ACC_3b84db8ace86,False,False,False,normal,
TXN_5c4cac34cb91,ACC_3b84db8ace86,False,False,False,normal,
TXN_8aa87a4b4225,ACC_3b84db8ace86,False,False,False,normal,
TXN_2bc807214afb,ACC_3b84db8ace86,False,False,False,normal,
TXN_21c034a0d97d,ACC_3b84db8ace86,False,False,False,normal,
TXN_faa1edff909d,ACC_3b84db8ace86,False,False,False,normal,
TXN_bc4948741597,ACC_c3956fde3241,False,False,False,normal,
TXN_647478314a7b,ACC_c3956fde3241,False,False,False,normal,
TXN_b3558f9d71db,ACC_c3956fde3241,False,False,False,normal,
TXN_32945072fe6a,ACC_c3956fde3241,False,False,False,normal,
TXN_ecf65bdf077b,ACC_c3956fde3241,False,False,False,normal,
TXN_b869ad4a8388,ACC_c3956fde3241,False,False,False,normal,
TXN_90671f461591,ACC_c3956fde3241,False,False,False,normal,
TXN_00bf7f65e8c8,ACC_c3956fde3241,False,False,False,normal,
TXN_666d785a7c2d,ACC_c3956fde3241,False,False,False,normal,
TXN_38c2c76efa78,ACC_c3956fde3241,False,False,False,normal,
TXN_a159e8322e83,ACC_016b87982cfc,False,False,False,normal,
TXN_7a58584e301f,ACC_016b87982cfc,False,False,False,normal,
TXN_0a1c86327aa8,ACC_016b87982cfc,False,False,False,normal,
TXN_9572fa4967e1,ACC_016b87982cfc,False,False,False,normal,
TXN_4c821f209f3b,ACC_016b87982cfc,False,False,False,normal,
TXN_0e51c1ef5ba6,ACC_016b87982cfc,False,False,False,normal,
TXN_4e9100a6483e,ACC_016b87982cfc,False,False,False,normal,
TXN_28e33f2a3d94,ACC_016b87982cfc,False,False,False,normal,
TXN_f031c3e3f109,ACC_016b87982cfc,False,False,False,normal,
TXN_7719297f6a6b,ACC_016b87982cfc,False,False,False,normal,
TXN_fc1d4b8f8b83,ACC_9badae99b8f2,False,True,True,behavioral_anomaly,
TXN_efbb03b753a5,ACC_9badae99b8f2,False,True,True,behavioral_anomaly,
TXN_edb2bdba2b29,ACC_9badae99b8f2,False,True,True,behavioral_anomaly,
TXN_4dcd8f744905,ACC_9badae99b8f2,False,True,True,behavioral_anomaly,
TXN_37907e6ecc75,ACC_9badae99b8f2,False,True,True,behavioral_anomaly,
TXN_fd0a18b75b81,ACC_9badae99b8f2,False,True,True,behavioral_anomaly,
TXN_9e2c99bc9b4a,ACC_9badae99b8f2,False,True,True,behavioral_anomaly,
TXN_aa6dc4c6566d,ACC_9badae99b8f2,False,True,True,behavioral_anomaly,
TXN_cc0affccf918,ACC_9badae99b8f2,False,True,True,behavioral_anomaly,
TXN_197be8acb438,ACC_9badae99b8f2,False,True,True,behavioral_anomaly,
TXN_eecc9689c77f,ACC_56c29bcf270c,False,False,False,normal,
TXN_d3e3289ffbf7,ACC_56c29bcf270c,False,False,False,normal,
TXN_a56f11bdba47,ACC_56c29bcf270c,False,False,False,normal,
TXN_dcf5aab060b8,ACC_56c29bcf270c,False,False,False,normal,
TXN_64d29ae42a80,ACC_56c29bcf270c,False,False,False,normal,
TXN_1a934bfb6863,ACC_56c29bcf270c,False,False,False,normal,
TXN_4b7d84b5c978,ACC_56c29bcf270c,False,False,False,normal,
TXN_5af104bedc07,ACC_56c29bcf270c,False,False,False,normal,
TXN_858fe8b25722,ACC_56c29bcf270c,False,False,False,normal,
TXN_dc70e7e53a08,ACC_56c29bcf270c,False,False,False,normal,
TXN_ebdad368611e,ACC_072b11d26d8e,False,False,False,normal,
TXN_e1d79f16f7b0,ACC_072b11d26d8e,False,False,False,normal,
TXN_ec0ee7653725,ACC_072b11d26d8e,False,False,False,normal,
TXN_bbd3939aa11d,ACC_072b11d26d8e,False,False,False,normal,
TXN_19b22f9f2353,ACC_072b11d26d8e,False,False,False,normal,
TXN_6570a092d3b8,ACC_072b11d26d8e,False,False,False,normal,
TXN_5a908c9293f4,ACC_072b11d26d8e,False,False,False,normal,
TXN_a6c2d7a75eb9,ACC_072b11d26d8e,False,False,False,normal,
TXN_be2e136adf81,ACC_072b11d26d8e,False,False,False,normal,
TXN_16bb68c9e5a0,ACC_072b11d26d8e,False,False,False,normal,
TXN_fff7faee2514,ACC_edcc347452c4,False,False,False,normal,
TXN_55974492af1a,ACC_edcc347452c4,False,False,False,normal,
TXN_6cdd379474f5,ACC_edcc347452c4,False,False,False,normal,
TXN_7dea9fe5dd76,ACC_edcc347452c4,False,False,False,normal,
TXN_0b48eb50f2ca,ACC_edcc347452c4,False,False,False,normal,
TXN_42c1373bd27c,ACC_edcc347452c4,False,False,False,normal,
TXN_141f85bd4548,ACC_edcc347452c4,False,False,False,normal,
TXN_78cd074732bb,ACC_edcc347452c4,False,False,False,normal,
TXN_5cb4e27247ad,ACC_edcc347452c4,False,False,False,normal,
TXN_efb4ffc0f704,ACC_edcc347452c4,False,False,False,normal,
TXN_41079b74174c,ACC_6467e69e5d0e,False,False,False,normal,
TXN_30b792ae356a,ACC_6467e69e5d0e,False,False,False,normal,
TXN_72ddda6d357e,ACC_6467e69e5d0e,False,False,False,normal,
TXN_d40e2ce9290b,ACC_6467e69e5d0e,False,False,False,normal,
TXN_d6fff31c813a,ACC_6467e69e5d0e,False,False,False,normal,
TXN_1ea3c89abb69,ACC_6467e69e5d0e,False,False,False,normal,
TXN_b5985001ad15,ACC_6467e69e5d0e,False,False,False,normal,
TXN_4393fbe53e24,ACC_6467e69e5d0e,False,False,False,normal,
TXN_ef75c2bc092a,ACC_6467e69e5d0e,False,False,False,normal,
TXN_dc95cccff910,ACC_6467e69e5d0e,False,False,False,normal,
TXN_754622379270,ACC_4439cdae5749,False,False,False,normal,
TXN_bdbf538a0c00,ACC_4439cdae5749,False,False,False,normal,
TXN_c485dc6e446a,ACC_4439cdae5749,False,False,False,normal,
TXN_0f81a8929b23,ACC_4439cdae5749,False,False,False,normal,
TXN_84a98a5882d4,ACC_4439cdae5749,False,False,False,normal,
TXN_3fb4efb4e5c9,ACC_4439cdae5749,False,False,False,normal,
TXN_c46452ee8b16,ACC_4439cdae5749,False,False,False,normal,
TXN_9ac7358ea3cf,ACC_4439cdae5749,False,False,False,normal,
TXN_9f7085003aea,ACC_4439cdae5749,False,False,False,normal,
TXN_ec06c737f34a,ACC_4439cdae5749,False,False,False,normal,
TXN_078a7acfad0e,ACC_bc047be86e66,False,False,False,normal,
TXN_70aadc519ea1,ACC_bc047be86e66,False,False,False,normal,
TXN_f5cc5880c6a5,ACC_bc047be86e66,False,False,False,normal,
TXN_587e03e86283,ACC_bc047be86e66,False,False,False,normal,
TXN_34ee2b02968c,ACC_bc047be86e66,False,False,False,normal,
TXN_c6cf38abdcbc,ACC_bc047be86e66,False,False,False,normal,
TXN_5ca8be29e002,ACC_bc047be86e66,False,False,False,normal,
TXN_af322e36a74b,ACC_bc047be86e66,False,False,False,normal,
TXN_46f8574c8fac,ACC_bc047be86e66,False,False,False,normal,
TXN_66b996b79e84,ACC_bc047be86e66,False,False,False,normal,
TXN_89e5353941e4,ACC_894d3f3394ed,False,False,False,normal,
TXN_a0ac9b777636,ACC_894d3f3394ed,False,False,False,normal,
TXN_e0c25d0f8274,ACC_894d3f3394ed,False,False,False,normal,
TXN_287a48015bac,ACC_894d3f3394ed,False,False,False,normal,
TXN_14758ccb69ce,ACC_894d3f3394ed,False,False,False,normal,
TXN_45def4cc83a3,ACC_894d3f3394ed,False,False,False,normal,
TXN_8c470fac6a3a,ACC_894d3f3394ed,False,False,False,normal,
TXN_1d9e6fe001eb,ACC_894d3f3394ed,False,False,False,normal,
TXN_869ddaeb5ad9,ACC_894d3f3394ed,False,False,False,normal,
TXN_98ecfa324ce7,ACC_894d3f3394ed,False,False,False,normal,
TXN_b29db1a84943,ACC_f94103e57971,False,False,False,normal,
TXN_dc576c2446be,ACC_f94103e57971,False,False,False,normal,
TXN_00da2f467e0f,ACC_f94103e57971,False,False,False,normal,
TXN_d66fa8262a7f,ACC_f94103e57971,False,False,False,normal,
TXN_0e8aebb0ac97,ACC_f94103e57971,False,False,False,normal,
TXN_9f4ee9a32a4f,ACC_f94103e57971,False,False,False,normal,
TXN_891fba703e0d,ACC_f94103e57971,False,False,False,normal,
TXN_02c530afb629,ACC_f94103e57971,False,False,False,normal,
TXN_0c8dd041a0ba,ACC_f94103e57971,False,False,False,normal,
TXN_31a051b76f69,ACC_f94103e57971,False,False,False,normal,
TXN_565ab3a01bf2,ACC_d7160c10d49e,False,False,False,normal,
TXN_209f30b5a89e,ACC_d7160c10d49e,False,False,False,normal,
TXN_54a46822b237,ACC_d7160c10d49e,False,False,False,normal,
TXN_c977502aaa9f,ACC_d7160c10d49e,False,False,False,normal,
TXN_9b83bda39f4a,ACC_d7160c10d49e,False,False,False,normal,
TXN_393e53871915,ACC_d7160c10d49e,False,False,False,normal,
TXN_2b07a3897b11,ACC_d7160c10d49e,False,False,False,normal,
TXN_381d2697a34f,ACC_d7160c10d49e,False,False,False,normal,
TXN_1dcc474431fa,ACC_d7160c10d49e,False,False,False,normal,
TXN_f4d02fa7c494,ACC_d7160c10d49e,False,False,False,normal,
TXN_805b8bb24bae,ACC_526ad32d1552,False,False,False,normal,
TXN_fba6ed941aa8,ACC_526ad32d1552,False,False,False,normal,
TXN_d02a919e2a93,ACC_526ad32d1552,False,False,False,normal,
TXN_334af2e2031b,ACC_526ad32d1552,False,False,False,normal,
TXN_bcc0204c7805,ACC_526ad32d1552,False,False,False,normal,
TXN_acc4faa81818,ACC_526ad32d1552,False,False,False,normal,
TXN_8dcdf89eebd7,ACC_526ad32d1552,False,False,False,normal,
TXN_ea122c7f2d21,ACC_526ad32d1552,False,False,False,normal,
TXN_9ea102f2ee42,ACC_526ad32d1552,False,False,False,normal,
TXN_90de8b7cb217,ACC_526ad32d1552,False,False,False,normal,
TXN_9dd6523e626d,ACC_bee754509e29,False,False,False,normal,
TXN_4df0a66497ad,ACC_bee754509e29,False,False,False,normal,
TXN_5eb0d34896a3,ACC_bee754509e29,False,False,False,normal,
TXN_02456f773c18,ACC_bee754509e29,False,False,False,normal,
TXN_4549ae3d8a15,ACC_bee754509e29,False,False,False,normal,
TXN_db64e4d618bd,ACC_bee754509e29,False,False,False,normal,
TXN_26a76e471e07,ACC_bee754509e29,False,False,False,normal,
TXN_c64310925423,ACC_bee754509e29,False,False,False,normal,
TXN_0abe2163f8c5,ACC_bee754509e29,False,False,False,normal,
TXN_99232e15a2c8,ACC_bee754509e29,False,False,False,normal,
TXN_679fbc8e0cc9,ACC_116bcbb972d7,False,False,False,normal,
TXN_b5e5b765145a,ACC_116bcbb972d7,False,False,False,normal,
TXN_c5061e272d70,ACC_116bcbb972d7,False,False,False,normal,
TXN_ca975cfc30fd,ACC_116bcbb972d7,False,False,False,normal,
TXN_d7d3d2e68ce9,ACC_116bcbb972d7,False,False,False,normal,
TXN_8719a0817b53,ACC_116bcbb972d7,False,False,False,normal,
TXN_7155ffbb14d0,ACC_116bcbb972d7,False,False,False,normal,
TXN_2d20fd3691f3,ACC_116bcbb972d7,False,False,False,normal,
TXN_6305393a910d,ACC_116bcbb972d7,False,False,False,normal,
TXN_547d70cef4e4,ACC_116bcbb972d7,False,False,False,normal,
TXN_53f6c1059f66,ACC_02a3ccc96767,False,False,False,normal,
TXN_a95b41945f68,ACC_02a3ccc96767,False,False,False,normal,
TXN_927fbb4299f7,ACC_02a3ccc96767,False,False,False,normal,
TXN_e2e23fcff542,ACC_02a3ccc96767,False,False,False,normal,
TXN_9fb2e25b71a8,ACC_02a3ccc96767,False,False,False,normal,
TXN_04982a2dc533,ACC_02a3ccc96767,False,False,False,normal,
TXN_9f53ed1badb8,ACC_02a3ccc96767,False,False,False,normal,
TXN_d6a43b16994e,ACC_02a3ccc96767,False,False,False,normal,
TXN_c4a2bbee1a87,ACC_02a3ccc96767,False,False,False,normal,
TXN_e70ab567d299,ACC_02a3ccc96767,False,False,False,normal,
TXN_1e6b08be240c,ACC_3a5db3de2e12,False,False,False,normal,
TXN_2f9c3b720869,ACC_3a5db3de2e12,False,False,False,normal,
TXN_f26ea92008af,ACC_3a5db3de2e12,False,False,False,normal,
TXN_fb6cd2fe4caa,ACC_3a5db3de2e12,False,False,False,normal,
TXN_c099c0639870,ACC_3a5db3de2e12,False,False,False,normal,
TXN_79e824abb497,ACC_3a5db3de2e12,False,False,False,normal,
TXN_11a61100a78a,ACC_3a5db3de2e12,False,False,False,normal,
TXN_0446c787d189,ACC_3a5db3de2e12,False,False,False,normal,
TXN_61254e36c203,ACC_3a5db3de2e12,False,False,False,normal,
TXN_67bc88d08a51,ACC_3a5db3de2e12,False,False,False,normal,
TXN_c93d32e17ac1,ACC_2949b4ff7b59,False,False,False,normal,
TXN_14b5f96db981,ACC_2949b4ff7b59,False,False,False,normal,
TXN_eae45a27bc5b,ACC_2949b4ff7b59,False,False,False,normal,
TXN_8bc6eca134a8,ACC_2949b4ff7b59,False,False,False,normal,
TXN_c4be3155aafe,ACC_2949b4ff7b59,False,False,False,normal,
TXN_9d84316cff4f,ACC_2949b4ff7b59,False,False,False,normal,
TXN_c65ea7956f45,ACC_2949b4ff7b59,False,False,False,normal,
TXN_ecb4e2a9129e,ACC_2949b4ff7b59,False,False,False,normal,
TXN_d6f01359e698,ACC_2949b4ff7b59,False,False,False,normal,
TXN_fb77b819cf16,ACC_2949b4ff7b59,False,False,False,normal,
TXN_4eb78419e7ca,ACC_4b9b79a2254e,False,False,False,normal,
TXN_67752c6e0c3f,ACC_4b9b79a2254e,False,False,False,normal,
TXN_fa799882b45d,ACC_4b9b79a2254e,False,False,False,normal,
TXN_4240b2516399,ACC_4b9b79a2254e,False,False,False,normal,
TXN_f6188259a453,ACC_4b9b79a2254e,False,False,False,normal,
TXN_b9aede146eff,ACC_4b9b79a2254e,False,False,False,normal,
TXN_b949c4c88b6a,ACC_4b9b79a2254e,False,False,False,normal,
TXN_f35551e74fcd,ACC_4b9b79a2254e,False,False,False,normal,
TXN_dd66653a0108,ACC_4b9b79a2254e,False,False,False,normal,
TXN_8ed378a870d5,ACC_4b9b79a2254e,False,False,False,normal,
TXN_5f7c983ef93c,ACC_3ec98ca4fa27,False,False,False,normal,
TXN_774d423cb335,ACC_3ec98ca4fa27,False,False,False,normal,
TXN_cdb901cb97d3,ACC_3ec98ca4fa27,False,False,False,normal,
TXN_ed2a8c8e9c36,ACC_3ec98ca4fa27,False,False,False,normal,
TXN_063fa0a7bdba,ACC_3ec98ca4fa27,False,False,False,normal,
TXN_28ce16a9ca17,ACC_3ec98ca4fa27,False,False,False,normal,
TXN_3f3e1fddcb74,ACC_3ec98ca4fa27,False,False,False,normal,
TXN_1cf5e71a6457,ACC_3ec98ca4fa27,False,False,False,normal,
TXN_1026d6e0469f,ACC_3ec98ca4fa27,False,False,False,normal,
TXN_30ef0db179eb,ACC_3ec98ca4fa27,False,False,False,normal,
TXN_144402c8dab3,ACC_8346af0c8448,False,False,False,normal,
TXN_180ed7ea6d6c,ACC_8346af0c8448,False,False,False,normal,
TXN_786d3217735b,ACC_8346af0c8448,False,False,False,normal,
TXN_49d8674d1c69,ACC_8346af0c8448,False,False,False,normal,
TXN_eede1bdcf5eb,ACC_8346af0c8448,False,False,False,normal,
TXN_6c107b96f6ee,ACC_8346af0c8448,False,False,False,normal,
TXN_41360b056b63,ACC_8346af0c8448,False,False,False,normal,
TXN_1a164af250f0,ACC_8346af0c8448,False,False,False,normal,
TXN_add238d0762d,ACC_8346af0c8448,False,False,False,normal,
TXN_7e320d964f3f,ACC_8346af0c8448,False,False,False,normal,
TXN_8c82d58af193,ACC_b45c4fe91ab5,False,False,False,normal,
TXN_b6e0cb4dbe64,ACC_b45c4fe91ab5,False,False,False,normal,
TXN_1b9f7bd5231b,ACC_b45c4fe91ab5,False,False,False,normal,
TXN_72eff8f4fade,ACC_b45c4fe91ab5,False,False,False,normal,
TXN_e95f6d748abe,ACC_b45c4fe91ab5,False,False,False,normal,
TXN_be27df8c1896,ACC_b45c4fe91ab5,False,False,False,normal,
TXN_98a8771e27c3,ACC_b45c4fe91ab5,False,False,False,normal,
TXN_af2a07ec79ad,ACC_b45c4fe91ab5,False,False,False,normal,
TXN_32b24bcbd883,ACC_b45c4fe91ab5,False,False,False,normal,
TXN_062f3dc90ee0,ACC_b45c4fe91ab5,False,False,False,normal,
TXN_9f8b136447d7,ACC_7b1234883cf2,False,False,False,normal,
TXN_59314db99140,ACC_7b1234883cf2,False,False,False,normal,
TXN_c1d7fb6af8cc,ACC_7b1234883cf2,False,False,False,normal,
TXN_8659be40c041,ACC_7b1234883cf2,False,False,False,normal,
TXN_bb6be407d77b,ACC_7b1234883cf2,False,False,False,normal,
TXN_914199543b40,ACC_7b1234883cf2,False,False,False,normal,
TXN_5ccbfee5b42d,ACC_7b1234883cf2,False,False,False,normal,
TXN_85abe8a33d59,ACC_7b1234883cf2,False,False,False,normal,
TXN_4184b6d86991,ACC_7b1234883cf2,False,False,False,normal,
TXN_8963df3d769b,ACC_7b1234883cf2,False,False,False,normal,
TXN_f0181f5f1445,ACC_6a63e4597a6e,False,False,False,normal,
TXN_bbdc19d23e2b,ACC_6a63e4597a6e,False,False,False,normal,
TXN_e67ec870558d,ACC_6a63e4597a6e,False,False,False,normal,
TXN_4a433463e0f9,ACC_6a63e4597a6e,False,False,False,normal,
TXN_8afe9e4dc363,ACC_6a63e4597a6e,False,False,False,normal,
TXN_0795e8bdc0e8,ACC_6a63e4597a6e,False,False,False,normal,
TXN_d5457e1da43c,ACC_6a63e4597a6e,False,False,False,normal,
TXN_4ba0bb70ae8a,ACC_6a63e4597a6e,False,False,False,normal,
TXN_682a5031693a,ACC_6a63e4597a6e,False,False,False,normal,
TXN_cd3f742995d0,ACC_6a63e4597a6e,False,False,False,normal,
TXN_a9e634086b73,ACC_052491763c45,False,False,False,normal,
TXN_2d48d95526e6,ACC_052491763c45,False,False,False,normal,
TXN_4cf3d0d54db2,ACC_052491763c45,False,False,False,normal,
TXN_09ee96908a69,ACC_052491763c45,False,False,False,normal,
TXN_99cb6c6b7278,ACC_052491763c45,False,False,False,normal,
TXN_1565a090982f,ACC_052491763c45,False,False,False,normal,
TXN_dd982e75f342,ACC_052491763c45,False,False,False,normal,
TXN_013a1b10754c,ACC_052491763c45,False,False,False,normal,
TXN_e6bc3bbd0092,ACC_052491763c45,False,False,False,normal,
TXN_34a09ae93985,ACC_052491763c45,False,False,False,normal,
TXN_8d42f28be0ac,ACC_d650632ba638,False,False,False,normal,
TXN_b2155b1e0220,ACC_d650632ba638,False,False,False,normal,
TXN_a2d94a977aac,ACC_d650632ba638,False,False,False,normal,
TXN_9166affd45e8,ACC_d650632ba638,False,False,False,normal,
TXN_db8ead6b1cbd,ACC_d650632ba638,False,False,False,normal,
TXN_178e87a0ef04,ACC_d650632ba638,False,False,False,normal,
TXN_223245d6b942,ACC_d650632ba638,False,False,False,normal,
TXN_4311d433a455,ACC_d650632ba638,False,False,False,normal,
TXN_b9eac0d1dfe2,ACC_d650632ba638,False,False,False,normal,
TXN_c1815814b11e,ACC_d650632ba638,False,False,False,normal,
TXN_c338205bbfee,ACC_91a6c22d876f,False,False,False,normal,
TXN_044ac08520cb,ACC_91a6c22d876f,False,False,False,normal,
TXN_8600ae60a56f,ACC_91a6c22d876f,False,False,False,normal,
TXN_4939e28cbe0f,ACC_91a6c22d876f,False,False,False,normal,
TXN_c690e6b412ed,ACC_91a6c22d876f,False,False,False,normal,
TXN_9712b8ab60fd,ACC_91a6c22d876f,False,False,False,normal,
TXN_8c5fa614c322,ACC_91a6c22d876f,False,False,False,normal,
TXN_2dd0d1a17a4d,ACC_91a6c22d876f,False,False,False,normal,
TXN_2dbb0ddd4263,ACC_91a6c22d876f,False,False,False,normal,
TXN_373489fdeb09,ACC_91a6c22d876f,False,False,False,normal,
TXN_b38e3af242eb,ACC_f8076d4327a9,False,False,False,normal,
TXN_70289e7b12bc,ACC_f8076d4327a9,False,False,False,normal,
TXN_39e6d1fb8f96,ACC_f8076d4327a9,False,False,False,normal,
TXN_3cf3a349062f,ACC_f8076d4327a9,False,False,False,normal,
TXN_8d312f2ee667,ACC_f8076d4327a9,False,False,False,normal,
TXN_9e39d81e8bc1,ACC_f8076d4327a9,False,False,False,normal,
TXN_8c393e627610,ACC_f8076d4327a9,False,False,False,normal,
TXN_605a457e4a76,ACC_f8076d4327a9,False,False,False,normal,
TXN_9168bcab6255,ACC_f8076d4327a9,False,False,False,normal,
TXN_c5b462ace4ae,ACC_f8076d4327a9,False,False,False,normal,
TXN_062669d5157f,ACC_04c6c5ca0e7c,False,False,False,normal,
TXN_9ea04d313eae,ACC_04c6c5ca0e7c,False,False,False,normal,
TXN_c654979307b0,ACC_04c6c5ca0e7c,False,False,False,normal,
TXN_4cf6363504cb,ACC_04c6c5ca0e7c,False,False,False,normal,
TXN_696f845bb85e,ACC_04c6c5ca0e7c,False,False,False,normal,
TXN_ff085818ee3c,ACC_04c6c5ca0e7c,False,False,False,normal,
TXN_1908564664b7,ACC_04c6c5ca0e7c,False,False,False,normal,
TXN_27cef549d530,ACC_04c6c5ca0e7c,False,False,False,normal,
TXN_fe14bf7c6cff,ACC_04c6c5ca0e7c,False,False,False,normal,
TXN_d1a8fbbbf4f7,ACC_04c6c5ca0e7c,False,False,False,normal,
TXN_39ac6304dade,ACC_f7e96e86a14d,False,False,False,normal,
TXN_74fb031a2ef8,ACC_f7e96e86a14d,False,False,False,normal,
TXN_376d502d354a,ACC_f7e96e86a14d,False,False,False,normal,
TXN_3a77339a6b44,ACC_f7e96e86a14d,False,False,False,normal,
TXN_432898637884,ACC_f7e96e86a14d,False,False,False,normal,
TXN_f21458fb9976,ACC_f7e96e86a14d,False,False,False,normal,
TXN_649996d40e99,ACC_f7e96e86a14d,False,False,False,normal,
TXN_92d458c665f9,ACC_f7e96e86a14d,False,False,False,normal,
TXN_04a6a7a74b2a,ACC_f7e96e86a14d,False,False,False,normal,
TXN_1c5c24749986,ACC_f7e96e86a14d,False,False,False,normal,
TXN_37392ef7f072,ACC_db63b0cac835,False,True,True,behavioral_anomaly,
TXN_0b134920edda,ACC_db63b0cac835,False,True,True,behavioral_anomaly,
TXN_a30c27821761,ACC_db63b0cac835,False,True,True,behavioral_anomaly,
TXN_72d1465b2145,ACC_db63b0cac835,False,True,True,behavioral_anomaly,
TXN_b2dbf1ee89c2,ACC_db63b0cac835,False,True,True,behavioral_anomaly,
TXN_0f40ab235d4c,ACC_db63b0cac835,False,True,True,behavioral_anomaly,
TXN_7d49526839e9,ACC_db63b0cac835,False,True,True,behavioral_anomaly,
TXN_6b395d5129b0,ACC_db63b0cac835,False,True,True,behavioral_anomaly,
TXN_4f7de3ddcbb4,ACC_db63b0cac835,False,True,True,behavioral_anomaly,
TXN_193546f3008c,ACC_db63b0cac835,False,True,True,behavioral_anomaly,
TXN_bbd069977557,ACC_42e349ec83f2,False,True,True,behavioral_anomaly,
TXN_a9b62f454b85,ACC_42e349ec83f2,False,True,True,behavioral_anomaly,
TXN_f97797411cb2,ACC_42e349ec83f2,False,True,True,behavioral_anomaly,
TXN_119908fb8689,ACC_42e349ec83f2,False,True,True,behavioral_anomaly,
TXN_6a2dc8be2fae,ACC_42e349ec83f2,False,True,True,behavioral_anomaly,
TXN_850687015502,ACC_42e349ec83f2,False,True,True,behavioral_anomaly,
TXN_7d840957d3d4,ACC_42e349ec83f2,False,True,True,behavioral_anomaly,
TXN_f7f25a6d1b10,ACC_42e349ec83f2,False,True,True,behavioral_anomaly,
TXN_9cf6af9c68ef,ACC_42e349ec83f2,False,True,True,behavioral_anomaly,
TXN_9a02ee763761,ACC_42e349ec83f2,False,True,True,behavioral_anomaly,
TXN_b21334c5c793,ACC_5745f882d20b,False,False,False,normal,
TXN_02527c6e61e6,ACC_5745f882d20b,False,False,False,normal,
TXN_5131db81e66a,ACC_5745f882d20b,False,False,False,normal,
TXN_20ff439c3e67,ACC_5745f882d20b,False,False,False,normal,
TXN_e462d66a5ee7,ACC_5745f882d20b,False,False,False,normal,
TXN_b5bd67e6fd4e,ACC_5745f882d20b,False,False,False,normal,
TXN_589d921f2f44,ACC_5745f882d20b,False,False,False,normal,
TXN_16cf87350c78,ACC_5745f882d20b,False,False,False,normal,
TXN_472e6a724f2d,ACC_5745f882d20b,False,False,False,normal,
TXN_a616a446f4ad,ACC_5745f882d20b,False,False,False,normal,
TXN_f2ad02d8cf9d,ACC_fb1e668112f9,False,False,False,normal,
TXN_d425b6792534,ACC_fb1e668112f9,False,False,False,normal,
TXN_18e450ba6cc2,ACC_fb1e668112f9,False,False,False,normal,
TXN_0e4952950e75,ACC_fb1e668112f9,False,False,False,normal,
TXN_cc5ab01f24bb,ACC_fb1e668112f9,False,False,False,normal,
TXN_d0a521f9c40d,ACC_fb1e668112f9,False,False,False,normal,
TXN_6040c5fb6caa,ACC_fb1e668112f9,False,False,False,normal,
TXN_4107203bbcf4,ACC_fb1e668112f9,False,False,False,normal,
TXN_345fa132a436,ACC_fb1e668112f9,False,False,False,normal,
TXN_f695153dd3d7,ACC_fb1e668112f9,False,False,False,normal,
TXN_fef997fc0f3e,ACC_09a0f05170f9,False,False,False,normal,
TXN_ccdaf4d5e4f9,ACC_09a0f05170f9,False,False,False,normal,
TXN_5375d50657ea,ACC_09a0f05170f9,False,False,False,normal,
TXN_294553750507,ACC_09a0f05170f9,False,False,False,normal,
TXN_81eab5b27496,ACC_09a0f05170f9,False,False,False,normal,
TXN_f8f5bc4b9a58,ACC_09a0f05170f9,False,False,False,normal,
TXN_f7eb2f4bed7d,ACC_09a0f05170f9,False,False,False,normal,
TXN_0bca7f9fbd78,ACC_09a0f05170f9,False,False,False,normal,
TXN_494ec09892eb,ACC_09a0f05170f9,False,False,False,normal,
TXN_7d0cc7e58e99,ACC_09a0f05170f9,False,False,False,normal,
TXN_b070b45d00ea,ACC_1494fac2934b,False,False,False,normal,
TXN_e0813108bafb,ACC_1494fac2934b,False,False,False,normal,
TXN_a0f39a14283d,ACC_1494fac2934b,False,False,False,normal,
TXN_99831a252873,ACC_1494fac2934b,False,False,False,normal,
TXN_3a663a26e7a9,ACC_1494fac2934b,False,False,False,normal,
TXN_2f5cc60a9742,ACC_1494fac2934b,False,False,False,normal,
TXN_05cd8d9988f6,ACC_1494fac2934b,False,False,False,normal,
TXN_43cabff3b11f,ACC_1494fac2934b,False,False,False,normal,
TXN_522eb3c09764,ACC_1494fac2934b,False,False,False,normal,
TXN_a05f2737324e,ACC_1494fac2934b,False,False,False,normal,
TXN_077120729776,ACC_60e5421997a4,True,False,True,fraud_ring,RING_003
TXN_ff9d8029efa2,ACC_60e5421997a4,True,False,True,fraud_ring,RING_003
TXN_08c79a2d50ce,ACC_60e5421997a4,True,False,True,fraud_ring,RING_003
TXN_6d6f878f276d,ACC_60e5421997a4,True,False,True,fraud_ring,RING_003
TXN_4e04a68728e3,ACC_60e5421997a4,True,False,True,fraud_ring,RING_003
TXN_1f92fdb11c00,ACC_60e5421997a4,True,False,True,fraud_ring,RING_003
TXN_5e09509545ac,ACC_60e5421997a4,True,False,True,fraud_ring,RING_003
TXN_b15a6cf597bb,ACC_60e5421997a4,True,False,True,fraud_ring,RING_003
TXN_ff0d716b124d,ACC_60e5421997a4,True,False,True,fraud_ring,RING_003
TXN_a1062abf6c1b,ACC_60e5421997a4,True,False,True,fraud_ring,RING_003
TXN_2dd6a3dffd4d,ACC_e46242634796,False,False,False,normal,
TXN_77b44e833e99,ACC_e46242634796,False,False,False,normal,
TXN_8a1ce1e7c3f6,ACC_e46242634796,False,False,False,normal,
TXN_7935e6fa1a1c,ACC_e46242634796,False,False,False,normal,
TXN_bcfe039dffc9,ACC_e46242634796,False,False,False,normal,
TXN_994000ab5f8f,ACC_e46242634796,False,False,False,normal,
TXN_6988c87383b9,ACC_e46242634796,False,False,False,normal,
TXN_f08a1b1238ae,ACC_e46242634796,False,False,False,normal,
TXN_f6a3f7ef280a,ACC_e46242634796,False,False,False,normal,
TXN_87a01ce75e7c,ACC_e46242634796,False,False,False,normal,
TXN_8e735eaa013e,ACC_881ee34ad8d7,False,False,False,normal,
TXN_2fa67cc749e3,ACC_881ee34ad8d7,False,False,False,normal,
TXN_057bda6176ae,ACC_881ee34ad8d7,False,False,False,normal,
TXN_dff346c0ce75,ACC_881ee34ad8d7,False,False,False,normal,
TXN_16cd72ad1c6f,ACC_881ee34ad8d7,False,False,False,normal,
TXN_4e2aa70d92b5,ACC_881ee34ad8d7,False,False,False,normal,
TXN_5e97158605aa,ACC_881ee34ad8d7,False,False,False,normal,
TXN_0b4cf6dbbb2e,ACC_881ee34ad8d7,False,False,False,normal,
TXN_f3579c1199af,ACC_881ee34ad8d7,False,False,False,normal,
TXN_2f085e249b78,ACC_881ee34ad8d7,False,False,False,normal,
TXN_14f53dccd553,ACC_a020afc39442,False,False,False,normal,
TXN_142844447f44,ACC_a020afc39442,False,False,False,normal,
TXN_f1fc71d59f30,ACC_a020afc39442,False,False,False,normal,
TXN_d4fcc9773bf7,ACC_a020afc39442,False,False,False,normal,
TXN_24022ff2a025,ACC_a020afc39442,False,False,False,normal,
TXN_ef8fbfe116bf,ACC_a020afc39442,False,False,False,normal,
TXN_54f09ab49fe7,ACC_a020afc39442,False,False,False,normal,
TXN_49ac7396b7a6,ACC_a020afc39442,False,False,False,normal,
TXN_be0f39d6504c,ACC_a020afc39442,False,False,False,normal,
TXN_832651be29bc,ACC_a020afc39442,False,False,False,normal,
TXN_b5da6ac8b120,ACC_e8047fb4b874,False,False,False,normal,
TXN_e62b06db18db,ACC_e8047fb4b874,False,False,False,normal,
TXN_088df4dbd2f6,ACC_e8047fb4b874,False,False,False,normal,
TXN_662a7d6f2f76,ACC_e8047fb4b874,False,False,False,normal,
TXN_e2325a9e8dd6,ACC_e8047fb4b874,False,False,False,normal,
TXN_a231cf22ea68,ACC_e8047fb4b874,False,False,False,normal,
TXN_d280ecc9aaf3,ACC_e8047fb4b874,False,False,False,normal,
TXN_44ab6b092564,ACC_e8047fb4b874,False,False,False,normal,
TXN_fb36e21430a7,ACC_e8047fb4b874,False,False,False,normal,
TXN_95dd16b34354,ACC_e8047fb4b874,False,False,False,normal,
TXN_f35a3bacc02f,ACC_a7834e31dec2,False,False,False,normal,
TXN_583de1abd540,ACC_a7834e31dec2,False,False,False,normal,
TXN_1f67a3679ec0,ACC_a7834e31dec2,False,False,False,normal,
TXN_0d3b0ce99a2c,ACC_a7834e31dec2,False,False,False,normal,
TXN_c6d75b4b4574,ACC_a7834e31dec2,False,False,False,normal,
TXN_350d779bd09d,ACC_a7834e31dec2,False,False,False,normal,
TXN_3bbdd4c052df,ACC_a7834e31dec2,False,False,False,normal,
TXN_fdbe2ad623f2,ACC_a7834e31dec2,False,False,False,normal,
TXN_302913006dfb,ACC_a7834e31dec2,False,False,False,normal,
TXN_1d39267e208a,ACC_a7834e31dec2,False,False,False,normal,
TXN_292a283dfe9a,ACC_45e5c8c5f3fb,False,False,False,normal,
TXN_e9818cd97f43,ACC_45e5c8c5f3fb,False,False,False,normal,
TXN_90750705fb01,ACC_45e5c8c5f3fb,False,False,False,normal,
TXN_a5e49b904a36,ACC_45e5c8c5f3fb,False,False,False,normal,
TXN_dc065152c801,ACC_45e5c8c5f3fb,False,False,False,normal,
TXN_ca63af3acf7d,ACC_45e5c8c5f3fb,False,False,False,normal,
TXN_fe901c88d48c,ACC_45e5c8c5f3fb,False,False,False,normal,
TXN_b7fec0b72935,ACC_45e5c8c5f3fb,False,False,False,normal,
TXN_3680bed01608,ACC_45e5c8c5f3fb,False,False,False,normal,
TXN_da94524342d0,ACC_45e5c8c5f3fb,False,False,False,normal,
TXN_1303d3a748a0,ACC_31b613e3f6da,False,False,False,normal,
TXN_9eae24515bb5,ACC_31b613e3f6da,False,False,False,normal,
TXN_835530a78af0,ACC_31b613e3f6da,False,False,False,normal,
TXN_ca20aa630f41,ACC_31b613e3f6da,False,False,False,normal,
TXN_8059f8ca54a9,ACC_31b613e3f6da,False,False,False,normal,
TXN_a48ff75d5dfa,ACC_31b613e3f6da,False,False,False,normal,
TXN_37ec5e933d32,ACC_31b613e3f6da,False,False,False,normal,
TXN_bbb9101c98e1,ACC_31b613e3f6da,False,False,False,normal,
TXN_35cf1c609d37,ACC_31b613e3f6da,False,False,False,normal,
TXN_3bca60899072,ACC_31b613e3f6da,False,False,False,normal,
TXN_653dd3be9711,ACC_183ceb808166,False,False,False,normal,
TXN_c25ab4eae6c4,ACC_183ceb808166,False,False,False,normal,
TXN_88291b4bc66b,ACC_183ceb808166,False,False,False,normal,
TXN_ee3d6e4a128c,ACC_183ceb808166,False,False,False,normal,
TXN_744fbc50de2f,ACC_183ceb808166,False,False,False,normal,
TXN_6ba2b34bad53,ACC_183ceb808166,False,False,False,normal,
TXN_a4526897add4,ACC_183ceb808166,False,False,False,normal,
TXN_1eb32bf48239,ACC_183ceb808166,False,False,False,normal,
TXN_9c956f20bce6,ACC_183ceb808166,False,False,False,normal,
TXN_0fe1052662c1,ACC_183ceb808166,False,False,False,normal,
TXN_f5db9e5f3315,ACC_75856f741dd9,True,False,True,fraud_ring,RING_007
TXN_41d7237b4946,ACC_75856f741dd9,True,False,True,fraud_ring,RING_007
TXN_cbf93f8005ef,ACC_75856f741dd9,True,False,True,fraud_ring,RING_007
TXN_b20dd2399311,ACC_75856f741dd9,True,False,True,fraud_ring,RING_007
TXN_6767ada3823a,ACC_75856f741dd9,True,False,True,fraud_ring,RING_007
TXN_16787847a64a,ACC_75856f741dd9,True,False,True,fraud_ring,RING_007
TXN_e0ee8b7e483a,ACC_75856f741dd9,True,False,True,fraud_ring,RING_007
TXN_0aa83b5fa909,ACC_75856f741dd9,True,False,True,fraud_ring,RING_007
TXN_d44f3f9b8c23,ACC_75856f741dd9,True,False,True,fraud_ring,RING_007
TXN_367e66fb2014,ACC_75856f741dd9,True,False,True,fraud_ring,RING_007
TXN_df88e369d125,ACC_cd8ad342d85e,False,False,False,normal,
TXN_0fd2b9c7a16d,ACC_cd8ad342d85e,False,False,False,normal,
TXN_14bd524af5a4,ACC_cd8ad342d85e,False,False,False,normal,
TXN_f888e52682a0,ACC_cd8ad342d85e,False,False,False,normal,
TXN_8062bdc6c41e,ACC_cd8ad342d85e,False,False,False,normal,
TXN_f1175b16b437,ACC_cd8ad342d85e,False,False,False,normal,
TXN_a3d022ce36e5,ACC_cd8ad342d85e,False,False,False,normal,
TXN_266e4e17a634,ACC_cd8ad342d85e,False,False,False,normal,
TXN_a4bf58343f72,ACC_cd8ad342d85e,False,False,False,normal,
TXN_71bead3df3f8,ACC_cd8ad342d85e,False,False,False,normal,
TXN_39dbb0e2863b,ACC_458db2a442de,False,False,False,normal,
TXN_b7f16dc77f33,ACC_458db2a442de,False,False,False,normal,
TXN_c890b880acbb,ACC_458db2a442de,False,False,False,normal,
TXN_75bb789bf4d0,ACC_458db2a442de,False,False,False,normal,
TXN_bae23867b7ca,ACC_458db2a442de,False,False,False,normal,
TXN_cf66babefd7b,ACC_458db2a442de,False,False,False,normal,
TXN_0137bf64bfdc,ACC_458db2a442de,False,False,False,normal,
TXN_58d0733d81da,ACC_458db2a442de,False,False,False,normal,
TXN_9be6d8529284,ACC_458db2a442de,False,False,False,normal,
TXN_ad992321f7f7,ACC_458db2a442de,False,False,False,normal,
TXN_dfa4945346ae,ACC_4a222d9294cf,True,False,True,fraud_ring,RING_008
TXN_df6cba15efc8,ACC_4a222d9294cf,True,False,True,fraud_ring,RING_008
TXN_8c6b2e771d7e,ACC_4a222d9294cf,True,False,True,fraud_ring,RING_008
TXN_a9586a8d61e6,ACC_4a222d9294cf,True,False,True,fraud_ring,RING_008
TXN_cbe319f136ce,ACC_4a222d9294cf,True,False,True,fraud_ring,RING_008
TXN_48b513d8491a,ACC_4a222d9294cf,True,False,True,fraud_ring,RING_008
TXN_eab57327dd36,ACC_4a222d9294cf,True,False,True,fraud_ring,RING_008
TXN_c83d07643af5,ACC_4a222d9294cf,True,False,True,fraud_ring,RING_008
TXN_bd1bddfc664c,ACC_4a222d9294cf,True,False,True,fraud_ring,RING_008
TXN_cdf8a0827651,ACC_4a222d9294cf,True,False,True,fraud_ring,RING_008
TXN_45d1a2fecd82,ACC_ab7794576b20,False,False,False,normal,
TXN_e4838142a254,ACC_ab7794576b20,False,False,False,normal,
TXN_ec9abb828add,ACC_ab7794576b20,False,False,False,normal,
TXN_abd6fcc097d9,ACC_ab7794576b20,False,False,False,normal,
TXN_28e6816a0481,ACC_ab7794576b20,False,False,False,normal,
TXN_5f847bd8c9ba,ACC_ab7794576b20,False,False,False,normal,
TXN_d3913a1d66aa,ACC_ab7794576b20,False,False,False,normal,
TXN_019f75609ec2,ACC_ab7794576b20,False,False,False,normal,
TXN_77fb49201696,ACC_ab7794576b20,False,False,False,normal,
TXN_153df7d22928,ACC_ab7794576b20,False,False,False,normal,
TXN_402fe5372278,ACC_486c32efb11f,False,False,False,normal,
TXN_54c355318c63,ACC_486c32efb11f,False,False,False,normal,
TXN_8eb05b6b6ec4,ACC_486c32efb11f,False,False,False,normal,
TXN_3ad3db1cef9f,ACC_486c32efb11f,False,False,False,normal,
TXN_9be8eb1fb1ba,ACC_486c32efb11f,False,False,False,normal,
TXN_8e1e4625050c,ACC_486c32efb11f,False,False,False,normal,
TXN_a324a295c1f8,ACC_486c32efb11f,False,False,False,normal,
TXN_3000c690f57b,ACC_486c32efb11f,False,False,False,normal,
TXN_d52164ef1739,ACC_486c32efb11f,False,False,False,normal,
TXN_bbe2318f9b6c,ACC_486c32efb11f,False,False,False,normal,
TXN_42d1185c9410,ACC_5f7d7d1ab816,False,False,False,normal,
TXN_b7742499ffe5,ACC_5f7d7d1ab816,False,False,False,normal,
TXN_3a114dd5082f,ACC_5f7d7d1ab816,False,False,False,normal,
TXN_e372dbb88971,ACC_5f7d7d1ab816,False,False,False,normal,
TXN_fae385ee8bc2,ACC_5f7d7d1ab816,False,False,False,normal,
TXN_c9d26394e243,ACC_5f7d7d1ab816,False,False,False,normal,
TXN_7018077ad697,ACC_5f7d7d1ab816,False,False,False,normal,
TXN_e39de9245f5b,ACC_5f7d7d1ab816,False,False,False,normal,
TXN_1a8cfb578c46,ACC_5f7d7d1ab816,False,False,False,normal,
TXN_297ed4f44d86,ACC_5f7d7d1ab816,False,False,False,normal,
TXN_4cfcc6cbe2df,ACC_684b2aa10cb3,False,False,False,normal,
TXN_194ead8756ff,ACC_684b2aa10cb3,False,False,False,normal,
TXN_b1ba15ec5796,ACC_684b2aa10cb3,False,False,False,normal,
TXN_70d656d17d17,ACC_684b2aa10cb3,False,False,False,normal,
TXN_e8f6084dbd2f,ACC_684b2aa10cb3,False,False,False,normal,
TXN_5c9e3b53b67d,ACC_684b2aa10cb3,False,False,False,normal,
TXN_4ec781b99ad1,ACC_684b2aa10cb3,False,False,False,normal,
TXN_c217877f586f,ACC_684b2aa10cb3,False,False,False,normal,
TXN_b2c1e3c777d0,ACC_684b2aa10cb3,False,False,False,normal,
TXN_5a9952a39bce,ACC_684b2aa10cb3,False,False,False,normal,
TXN_ed1f64684955,ACC_3ad7439c5f2d,False,True,True,behavioral_anomaly,
TXN_92b8fc245ba6,ACC_3ad7439c5f2d,False,True,True,behavioral_anomaly,
TXN_ead705520504,ACC_3ad7439c5f2d,False,True,True,behavioral_anomaly,
TXN_96620d90b76d,ACC_3ad7439c5f2d,False,True,True,behavioral_anomaly,
TXN_3d45478660a0,ACC_3ad7439c5f2d,False,True,True,behavioral_anomaly,
TXN_ab3d5e1b4801,ACC_3ad7439c5f2d,False,True,True,behavioral_anomaly,
TXN_c06e4ed78a6e,ACC_3ad7439c5f2d,False,True,True,behavioral_anomaly,
TXN_95295d8eb534,ACC_3ad7439c5f2d,False,True,True,behavioral_anomaly,
TXN_3e62835d82dc,ACC_3ad7439c5f2d,False,True,True,behavioral_anomaly,
TXN_1c5f31ba5a00,ACC_3ad7439c5f2d,False,True,True,behavioral_anomaly,
TXN_74a88de32201,ACC_d5cfc1368073,False,False,False,normal,
TXN_0bd8c6bbbfa3,ACC_d5cfc1368073,False,False,False,normal,
TXN_231698f30443,ACC_d5cfc1368073,False,False,False,normal,
TXN_2ad1d2c39440,ACC_d5cfc1368073,False,False,False,normal,
TXN_797f9a7e44af,ACC_d5cfc1368073,False,False,False,normal,
TXN_bb7ee2f81b00,ACC_d5cfc1368073,False,False,False,normal,
TXN_3b53ed06eaf6,ACC_d5cfc1368073,False,False,False,normal,
TXN_4cf706b5e443,ACC_d5cfc1368073,False,False,False,normal,
TXN_409700ada144,ACC_d5cfc1368073,False,False,False,normal,
TXN_00dddbc8e34c,ACC_d5cfc1368073,False,False,False,normal,
TXN_03a671433bec,ACC_b942f5816096,False,False,False,normal,
TXN_bd3b3e56010a,ACC_b942f5816096,False,False,False,normal,
TXN_11a38103f7c5,ACC_b942f5816096,False,False,False,normal,
TXN_a7b2bb06e0fc,ACC_b942f5816096,False,False,False,normal,
TXN_8fa1fafdb116,ACC_b942f5816096,False,False,False,normal,
TXN_0a64e8ea4e25,ACC_b942f5816096,False,False,False,normal,
TXN_f8f9e8328253,ACC_b942f5816096,False,False,False,normal,
TXN_cea22ac8730e,ACC_b942f5816096,False,False,False,normal,
TXN_0edc2e4a5228,ACC_b942f5816096,False,False,False,normal,
TXN_fba5576424e9,ACC_b942f5816096,False,False,False,normal,
TXN_44bdbfba7903,ACC_93576bd83603,False,False,False,normal,
TXN_beb043f38d2d,ACC_93576bd83603,False,False,False,normal,
TXN_2d6e5bffbcb2,ACC_93576bd83603,False,False,False,normal,
TXN_c271120cf084,ACC_93576bd83603,False,False,False,normal,
TXN_1d6eee8f79c5,ACC_93576bd83603,False,False,False,normal,
TXN_44b4a27306cb,ACC_93576bd83603,False,False,False,normal,
TXN_8813d395a8a1,ACC_93576bd83603,False,False,False,normal,
TXN_56be682dddaf,ACC_93576bd83603,False,False,False,normal,
TXN_a3f15c5ee578,ACC_93576bd83603,False,False,False,normal,
TXN_2d4c62dba8c3,ACC_93576bd83603,False,False,False,normal,
TXN_f682b1d9d210,ACC_9227fa8872da,False,False,False,normal,
TXN_031e8cf7a311,ACC_9227fa8872da,False,False,False,normal,
TXN_50b3b7dea229,ACC_9227fa8872da,False,False,False,normal,
TXN_3e1367d6924a,ACC_9227fa8872da,False,False,False,normal,
TXN_ed4217b50207,ACC_9227fa8872da,False,False,False,normal,
TXN_2be409e99461,ACC_9227fa8872da,False,False,False,normal,
TXN_e9e748cb080c,ACC_9227fa8872da,False,False,False,normal,
TXN_b50b03bb8b51,ACC_9227fa8872da,False,False,False,normal,
TXN_e99d2b5ac6a8,ACC_9227fa8872da,False,False,False,normal,
TXN_33010bac0f36,ACC_9227fa8872da,False,False,False,normal,
TXN_cb75e20fec5a,ACC_c49c1545f0dd,False,False,False,normal,
TXN_ab2da9cbc62f,ACC_c49c1545f0dd,False,False,False,normal,
TXN_0830ec39ae5a,ACC_c49c1545f0dd,False,False,False,normal,
TXN_acbe161e8798,ACC_c49c1545f0dd,False,False,False,normal,
TXN_df259264d185,ACC_c49c1545f0dd,False,False,False,normal,
TXN_e7408d83ca21,ACC_c49c1545f0dd,False,False,False,normal,
TXN_80cc0e409d18,ACC_c49c1545f0dd,False,False,False,normal,
TXN_af6e832903b6,ACC_c49c1545f0dd,False,False,False,normal,
TXN_8ba55d011f10,ACC_c49c1545f0dd,False,False,False,normal,
TXN_bc2df63bd628,ACC_c49c1545f0dd,False,False,False,normal,
TXN_2daf2ee9bde4,ACC_d32c24b2dce1,False,False,False,normal,
TXN_411d72d67a9c,ACC_d32c24b2dce1,False,False,False,normal,
TXN_b2c0834ee48a,ACC_d32c24b2dce1,False,False,False,normal,
TXN_5745146d6247,ACC_d32c24b2dce1,False,False,False,normal,
TXN_97bf03314ee4,ACC_d32c24b2dce1,False,False,False,normal,
TXN_897ac44d1c90,ACC_d32c24b2dce1,False,False,False,normal,
TXN_c617b22e1ec1,ACC_d32c24b2dce1,False,False,False,normal,
TXN_d0580d9db797,ACC_d32c24b2dce1,False,False,False,normal,
TXN_9a0ee016213d,ACC_d32c24b2dce1,False,False,False,normal,
TXN_cf49d6241a38,ACC_d32c24b2dce1,False,False,False,normal,
TXN_c862efc10607,ACC_cc6fb116f1aa,False,False,False,normal,
TXN_8f1c35f10956,ACC_cc6fb116f1aa,False,False,False,normal,
TXN_0cbd9cd98ebd,ACC_cc6fb116f1aa,False,False,False,normal,
TXN_0c8e5f7e38b1,ACC_cc6fb116f1aa,False,False,False,normal,
TXN_b79a4c29497e,ACC_cc6fb116f1aa,False,False,False,normal,
TXN_5872c3546705,ACC_cc6fb116f1aa,False,False,False,normal,
TXN_d152d0d91f92,ACC_cc6fb116f1aa,False,False,False,normal,
TXN_bf28b769d994,ACC_cc6fb116f1aa,False,False,False,normal,
TXN_9f69ec0459e1,ACC_cc6fb116f1aa,False,False,False,normal,
TXN_c7723f137bc4,ACC_cc6fb116f1aa,False,False,False,normal,
TXN_ff07165dd87b,ACC_b34d8e5a6b96,False,False,False,normal,
TXN_45317b9ea3af,ACC_b34d8e5a6b96,False,False,False,normal,
TXN_73f1c535ac08,ACC_b34d8e5a6b96,False,False,False,normal,
TXN_0193894439b4,ACC_b34d8e5a6b96,False,False,False,normal,
TXN_5045ba1f3c96,ACC_b34d8e5a6b96,False,False,False,normal,
TXN_2217d937ad24,ACC_b34d8e5a6b96,False,False,False,normal,
TXN_c701e0295ede,ACC_b34d8e5a6b96,False,False,False,normal,
TXN_5066297b56c7,ACC_b34d8e5a6b96,False,False,False,normal,
TXN_7efa60258546,ACC_b34d8e5a6b96,False,False,False,normal,
TXN_27084b660c15,ACC_b34d8e5a6b96,False,False,False,normal,
TXN_30338a473b4e,ACC_06c3de01cb6e,False,False,False,normal,
TXN_97ef09ede96b,ACC_06c3de01cb6e,False,False,False,normal,
TXN_256a9fb4f979,ACC_06c3de01cb6e,False,False,False,normal,
TXN_b26ab4e7e996,ACC_06c3de01cb6e,False,False,False,normal,
TXN_1a28e41edc03,ACC_06c3de01cb6e,False,False,False,normal,
TXN_e9fe78a541d6,ACC_06c3de01cb6e,False,False,False,normal,
TXN_4a773b7e34d9,ACC_06c3de01cb6e,False,False,False,normal,
TXN_4f503f6eb7bc,ACC_06c3de01cb6e,False,False,False,normal,
TXN_067bf7d7b14a,ACC_06c3de01cb6e,False,False,False,normal,
TXN_9b815abe1149,ACC_06c3de01cb6e,False,False,False,normal,
TXN_2cdc8c3ea792,ACC_acc2fe19beed,False,False,False,normal,
TXN_f5f74ba63899,ACC_acc2fe19beed,False,False,False,normal,
TXN_4a74c9e3c1f4,ACC_acc2fe19beed,False,False,False,normal,
TXN_fe174703966d,ACC_acc2fe19beed,False,False,False,normal,
TXN_a57bdac7b361,ACC_acc2fe19beed,False,False,False,normal,
TXN_ef46d9fbdacf,ACC_acc2fe19beed,False,False,False,normal,
TXN_fe65b15f2328,ACC_acc2fe19beed,False,False,False,normal,
TXN_54eef028c875,ACC_acc2fe19beed,False,False,False,normal,
TXN_6937b7bc77c1,ACC_acc2fe19beed,False,False,False,normal,
TXN_a12332029c95,ACC_acc2fe19beed,False,False,False,normal,
TXN_d420b44cc548,ACC_56ec4848b4d4,False,False,False,normal,
TXN_9e9db28c8538,ACC_56ec4848b4d4,False,False,False,normal,
TXN_c5d41e6a7729,ACC_56ec4848b4d4,False,False,False,normal,
TXN_89c71c661bb3,ACC_56ec4848b4d4,False,False,False,normal,
TXN_a3d2e56a2d5e,ACC_56ec4848b4d4,False,False,False,normal,
TXN_c33329dfc51c,ACC_56ec4848b4d4,False,False,False,normal,
TXN_31b948792f49,ACC_56ec4848b4d4,False,False,False,normal,
TXN_c26adf84de8c,ACC_56ec4848b4d4,False,False,False,normal,
TXN_224dc1e623ba,ACC_56ec4848b4d4,False,False,False,normal,
TXN_12b8e57e3c3c,ACC_56ec4848b4d4,False,False,False,normal,
TXN_652daf1cfe29,ACC_ec8e4fc355e4,False,False,False,normal,
TXN_4cc3c5b9a983,ACC_ec8e4fc355e4,False,False,False,normal,
TXN_08b1c7b62c6b,ACC_ec8e4fc355e4,False,False,False,normal,
TXN_e20ced419282,ACC_ec8e4fc355e4,False,False,False,normal,
TXN_fb6584f89810,ACC_ec8e4fc355e4,False,False,False,normal,
TXN_a258f778930d,ACC_ec8e4fc355e4,False,False,False,normal,
TXN_98a6801e6bff,ACC_ec8e4fc355e4,False,False,False,normal,
TXN_1781a8179a01,ACC_ec8e4fc355e4,False,False,False,normal,
TXN_0b4f442d1f5e,ACC_ec8e4fc355e4,False,False,False,normal,
TXN_a45460df1493,ACC_ec8e4fc355e4,False,False,False,normal,
TXN_59de1c152908,ACC_1501e95e2aea,False,False,False,normal,
TXN_f7cc8ecd6a51,ACC_1501e95e2aea,False,False,False,normal,
TXN_db2a92606de2,ACC_1501e95e2aea,False,False,False,normal,
TXN_f9a2bb0b210b,ACC_1501e95e2aea,False,False,False,normal,
TXN_c2229710c539,ACC_1501e95e2aea,False,False,False,normal,
TXN_dd89a6cfb286,ACC_1501e95e2aea,False,False,False,normal,
TXN_938d6c1293bc,ACC_1501e95e2aea,False,False,False,normal,
TXN_0482f93ae724,ACC_1501e95e2aea,False,False,False,normal,
TXN_f4c6b431b9a8,ACC_1501e95e2aea,False,False,False,normal,
TXN_11811ac511cf,ACC_1501e95e2aea,False,False,False,normal,
TXN_e24ed95390a3,ACC_e2c728ceaa6d,False,False,False,normal,
TXN_c4b5e84b3d0f,ACC_e2c728ceaa6d,False,False,False,normal,
TXN_eba74df7ccf5,ACC_e2c728ceaa6d,False,False,False,normal,
TXN_e5783ae831ab,ACC_e2c728ceaa6d,False,False,False,normal,
TXN_4b3eef2b320d,ACC_e2c728ceaa6d,False,False,False,normal,
TXN_8106be476097,ACC_e2c728ceaa6d,False,False,False,normal,
TXN_1011c7bb4346,ACC_e2c728ceaa6d,False,False,False,normal,
TXN_b35ff488cf0b,ACC_e2c728ceaa6d,False,False,False,normal,
TXN_8af361cb6ce6,ACC_e2c728ceaa6d,False,False,False,normal,
TXN_90e17dd0566a,ACC_e2c728ceaa6d,False,False,False,normal,
TXN_1c708cf74e1b,ACC_7fe044ed442a,False,False,False,normal,
TXN_c88f8a3b3af5,ACC_7fe044ed442a,False,False,False,normal,
TXN_4485bea7da76,ACC_7fe044ed442a,False,False,False,normal,
TXN_411d775d1d1c,ACC_7fe044ed442a,False,False,False,normal,
TXN_0bca05c8770d,ACC_7fe044ed442a,False,False,False,normal,
TXN_a995d9fb2c04,ACC_7fe044ed442a,False,False,False,normal,
TXN_27ac0f579df2,ACC_7fe044ed442a,False,False,False,normal,
TXN_1dbe31408d51,ACC_7fe044ed442a,False,False,False,normal,
TXN_fc58baf657c7,ACC_7fe044ed442a,False,False,False,normal,
TXN_a8084c31961c,ACC_7fe044ed442a,False,False,False,normal,
TXN_e96f2fea5b81,ACC_fa6821e9a069,False,False,False,normal,
TXN_9041f70837fb,ACC_fa6821e9a069,False,False,False,normal,
TXN_d3ef458dd7b9,ACC_fa6821e9a069,False,False,False,normal,
TXN_8a82c38a05c0,ACC_fa6821e9a069,False,False,False,normal,
TXN_9370fcc9776a,ACC_fa6821e9a069,False,False,False,normal,
TXN_5a362a4a5743,ACC_fa6821e9a069,False,False,False,normal,
TXN_112c4e81ed88,ACC_fa6821e9a069,False,False,False,normal,
TXN_015b8e6b8e3b,ACC_fa6821e9a069,False,False,False,normal,
TXN_4709195462a0,ACC_fa6821e9a069,False,False,False,normal,
TXN_00c7087036ef,ACC_fa6821e9a069,False,False,False,normal,
TXN_75fee1f2f75c,ACC_aceac4e318b2,False,False,False,normal,
TXN_3a15f23cd482,ACC_aceac4e318b2,False,False,False,normal,
TXN_7bba27202ab7,ACC_aceac4e318b2,False,False,False,normal,
TXN_3e914ce53de7,ACC_aceac4e318b2,False,False,False,normal,
TXN_8efd4fd071d6,ACC_aceac4e318b2,False,False,False,normal,
TXN_24b1f939720b,ACC_aceac4e318b2,False,False,False,normal,
TXN_3426e03ebeca,ACC_aceac4e318b2,False,False,False,normal,
TXN_68d4eb506548,ACC_aceac4e318b2,False,False,False,normal,
TXN_cf42c537dd16,ACC_aceac4e318b2,False,False,False,normal,
TXN_8001c24dd0db,ACC_aceac4e318b2,False,False,False,normal,
TXN_2664d22ded8b,ACC_300e658cdb6c,False,False,False,normal,
TXN_f1d2a0999b90,ACC_300e658cdb6c,False,False,False,normal,
TXN_c5effa8d476e,ACC_300e658cdb6c,False,False,False,normal,
TXN_612abbd2e46b,ACC_300e658cdb6c,False,False,False,normal,
TXN_e8eb6abd83e8,ACC_300e658cdb6c,False,False,False,normal,
TXN_7e8b2e89b242,ACC_300e658cdb6c,False,False,False,normal,
TXN_90ff7a413855,ACC_300e658cdb6c,False,False,False,normal,
TXN_446a37777488,ACC_300e658cdb6c,False,False,False,normal,
TXN_075308750434,ACC_300e658cdb6c,False,False,False,normal,
TXN_d5c26ee530c9,ACC_300e658cdb6c,False,False,False,normal,
TXN_3052c40cb79a,ACC_a6031366ea80,False,False,False,normal,
TXN_4fe6a8c39cd8,ACC_a6031366ea80,False,False,False,normal,
TXN_1b08170f3df0,ACC_a6031366ea80,False,False,False,normal,
TXN_d0e6fee1740a,ACC_a6031366ea80,False,False,False,normal,
TXN_438d488fa969,ACC_a6031366ea80,False,False,False,normal,
TXN_c369e6d69267,ACC_a6031366ea80,False,False,False,normal,
TXN_93b2df182f19,ACC_a6031366ea80,False,False,False,normal,
TXN_f70c52d33325,ACC_a6031366ea80,False,False,False,normal,
TXN_367531dfc95f,ACC_a6031366ea80,False,False,False,normal,
TXN_f72d8bbb7d77,ACC_a6031366ea80,False,False,False,normal,
TXN_9067d9f3c711,ACC_a791d32fbe14,False,False,False,normal,
TXN_123753b02d09,ACC_a791d32fbe14,False,False,False,normal,
TXN_661194784815,ACC_a791d32fbe14,False,False,False,normal,
TXN_46fde044e9fb,ACC_a791d32fbe14,False,False,False,normal,
TXN_b4118f986cef,ACC_a791d32fbe14,False,False,False,normal,
TXN_958ff611d2aa,ACC_a791d32fbe14,False,False,False,normal,
TXN_153f45e1a7e5,ACC_a791d32fbe14,False,False,False,normal,
TXN_7f43481c9fee,ACC_a791d32fbe14,False,False,False,normal,
TXN_be6991a83694,ACC_a791d32fbe14,False,False,False,normal,
TXN_54518de7b6bd,ACC_a791d32fbe14,False,False,False,normal,
TXN_d7154bd0ae9c,ACC_ab74ccb1cd05,False,False,False,normal,
TXN_29021e8c7ea4,ACC_ab74ccb1cd05,False,False,False,normal,
TXN_e459e64b9d52,ACC_ab74ccb1cd05,False,False,False,normal,
TXN_2ca1b7d78c72,ACC_ab74ccb1cd05,False,False,False,normal,
TXN_7a9e6e52bcf8,ACC_ab74ccb1cd05,False,False,False,normal,
TXN_3f678e97dc5a,ACC_ab74ccb1cd05,False,False,False,normal,
TXN_6cf0e111d6b7,ACC_ab74ccb1cd05,False,False,False,normal,
TXN_2c07f12cee23,ACC_ab74ccb1cd05,False,False,False,normal,
TXN_aefe50d7d6cb,ACC_ab74ccb1cd05,False,False,False,normal,
TXN_025a13712294,ACC_ab74ccb1cd05,False,False,False,normal,
TXN_4e50205b1ef6,ACC_831b2bb79787,False,False,False,normal,
TXN_e6a5ad4ba535,ACC_831b2bb79787,False,False,False,normal,
TXN_9ed0faa06d76,ACC_831b2bb79787,False,False,False,normal,
TXN_fbd6502fafa9,ACC_831b2bb79787,False,False,False,normal,
TXN_ca2c1c3e5b51,ACC_831b2bb79787,False,False,False,normal,
TXN_509cefcc7858,ACC_831b2bb79787,False,False,False,normal,
TXN_016ac09edfcd,ACC_831b2bb79787,False,False,False,normal,
TXN_2e90103e4c64,ACC_831b2bb79787,False,False,False,normal,
TXN_5f8ed3ca7fd4,ACC_831b2bb79787,False,False,False,normal,
TXN_7d4d77afc981,ACC_831b2bb79787,False,False,False,normal,
TXN_37f2ec1e2a26,ACC_54348d6e4128,False,False,False,normal,
TXN_4d93d33415b3,ACC_54348d6e4128,False,False,False,normal,
TXN_e0097a8487d8,ACC_54348d6e4128,False,False,False,normal,
TXN_55d1c27f428e,ACC_54348d6e4128,False,False,False,normal,
TXN_9d62c2608f78,ACC_54348d6e4128,False,False,False,normal,
TXN_e04eeb519a89,ACC_54348d6e4128,False,False,False,normal,
TXN_4d85a6286636,ACC_54348d6e4128,False,False,False,normal,
TXN_7b954422d35c,ACC_54348d6e4128,False,False,False,normal,
TXN_a02924e4605a,ACC_54348d6e4128,False,False,False,normal,
TXN_a842d589954d,ACC_54348d6e4128,False,False,False,normal,
TXN_ce682d40da06,ACC_b997f3cfe9aa,False,False,False,normal,
TXN_eae5575bc01b,ACC_b997f3cfe9aa,False,False,False,normal,
TXN_4ecfc01ecd10,ACC_b997f3cfe9aa,False,False,False,normal,
TXN_c9767e70eaf0,ACC_b997f3cfe9aa,False,False,False,normal,
TXN_4c447380d36d,ACC_b997f3cfe9aa,False,False,False,normal,
TXN_f1950114f4cf,ACC_b997f3cfe9aa,False,False,False,normal,
TXN_a921a9f02dba,ACC_b997f3cfe9aa,False,False,False,normal,
TXN_aefb203a4fe0,ACC_b997f3cfe9aa,False,False,False,normal,
TXN_80667cbb1c0a,ACC_b997f3cfe9aa,False,False,False,normal,
TXN_d5894ae01b77,ACC_b997f3cfe9aa,False,False,False,normal,
TXN_7dd6545d910c,ACC_5b223fd4e9c0,False,False,False,normal,
TXN_6ee46effcb49,ACC_5b223fd4e9c0,False,False,False,normal,
TXN_725f845bc7bd,ACC_5b223fd4e9c0,False,False,False,normal,
TXN_c4fc07657d3f,ACC_5b223fd4e9c0,False,False,False,normal,
TXN_e16d2b579e9b,ACC_5b223fd4e9c0,False,False,False,normal,
TXN_082585aed9ee,ACC_5b223fd4e9c0,False,False,False,normal,
TXN_2512762191b7,ACC_5b223fd4e9c0,False,False,False,normal,
TXN_bd6f2621796a,ACC_5b223fd4e9c0,False,False,False,normal,
TXN_b10f49187032,ACC_5b223fd4e9c0,False,False,False,normal,
TXN_635a53dd293e,ACC_5b223fd4e9c0,False,False,False,normal,
TXN_d03fa0292531,ACC_f9a53fe02354,False,False,False,normal,
TXN_92ad97a4ecdc,ACC_f9a53fe02354,False,False,False,normal,
TXN_0fac2cbbbcf0,ACC_f9a53fe02354,False,False,False,normal,
TXN_73fa24baff92,ACC_f9a53fe02354,False,False,False,normal,
TXN_ae04008bfd66,ACC_f9a53fe02354,False,False,False,normal,
TXN_3d738ee6d21e,ACC_f9a53fe02354,False,False,False,normal,
TXN_8c57a7b50dac,ACC_f9a53fe02354,False,False,False,normal,
TXN_284ebed643b4,ACC_f9a53fe02354,False,False,False,normal,
TXN_6d16de903b55,ACC_f9a53fe02354,False,False,False,normal,
TXN_e376d80b44f0,ACC_f9a53fe02354,False,False,False,normal,
TXN_4d143df4ebdc,ACC_79483757b1d6,False,False,False,normal,
TXN_64a49315981f,ACC_79483757b1d6,False,False,False,normal,
TXN_ab71aee1ebe1,ACC_79483757b1d6,False,False,False,normal,
TXN_37709a05b2a7,ACC_79483757b1d6,False,False,False,normal,
TXN_15a1b4a62b89,ACC_79483757b1d6,False,False,False,normal,
TXN_9ea91b4d1fdd,ACC_79483757b1d6,False,False,False,normal,
TXN_aaa19c701a4a,ACC_79483757b1d6,False,False,False,normal,
TXN_756f96e6f932,ACC_79483757b1d6,False,False,False,normal,
TXN_3b0c9bd1069a,ACC_79483757b1d6,False,False,False,normal,
TXN_756bca266368,ACC_79483757b1d6,False,False,False,normal,
TXN_13408690fcb4,ACC_700e15b85ab4,False,False,False,normal,
TXN_956783041ea4,ACC_700e15b85ab4,False,False,False,normal,
TXN_b96f9983dec9,ACC_700e15b85ab4,False,False,False,normal,
TXN_e9077b34865c,ACC_700e15b85ab4,False,False,False,normal,
TXN_64aa6b6acff3,ACC_700e15b85ab4,False,False,False,normal,
TXN_b514b1b68d5a,ACC_700e15b85ab4,False,False,False,normal,
TXN_65c5bf379ce4,ACC_700e15b85ab4,False,False,False,normal,
TXN_a616e951e59e,ACC_700e15b85ab4,False,False,False,normal,
TXN_1e619cc23b01,ACC_700e15b85ab4,False,False,False,normal,
TXN_2bc39751dc93,ACC_700e15b85ab4,False,False,False,normal,
TXN_d0a4e555dd1f,ACC_e9aa54171234,False,False,False,normal,
TXN_c2cbe12d5f59,ACC_e9aa54171234,False,False,False,normal,
TXN_bcdc42fe26dc,ACC_e9aa54171234,False,False,False,normal,
TXN_0cfcac778f2d,ACC_e9aa54171234,False,False,False,normal,
TXN_dcdc5c810cc4,ACC_e9aa54171234,False,False,False,normal,
TXN_c5c49d5c9fbb,ACC_e9aa54171234,False,False,False,normal,
TXN_ce2c0fd2303d,ACC_e9aa54171234,False,False,False,normal,
TXN_7080501d05a8,ACC_e9aa54171234,False,False,False,normal,
TXN_407de84f32ca,ACC_e9aa54171234,False,False,False,normal,
TXN_17f4b81cc33d,ACC_e9aa54171234,False,False,False,normal,
TXN_e36ea48eeae7,ACC_04b3bfb0fdcf,False,False,False,normal,
TXN_39c656b66e1b,ACC_04b3bfb0fdcf,False,False,False,normal,
TXN_f7e33adf1ec0,ACC_04b3bfb0fdcf,False,False,False,normal,
TXN_c4da7cd118b9,ACC_04b3bfb0fdcf,False,False,False,normal,
TXN_374a5e5530d5,ACC_04b3bfb0fdcf,False,False,False,normal,
TXN_a1a2daed8f2a,ACC_04b3bfb0fdcf,False,False,False,normal,
TXN_59425a64d00b,ACC_04b3bfb0fdcf,False,False,False,normal,
TXN_df47712b2c9f,ACC_04b3bfb0fdcf,False,False,False,normal,
TXN_9c22f54fd2c1,ACC_04b3bfb0fdcf,False,False,False,normal,
TXN_a5d4454bdb8e,ACC_04b3bfb0fdcf,False,False,False,normal,
TXN_27f4117b9d54,ACC_4b6f4caa0c08,False,True,True,behavioral_anomaly,
TXN_cca181cf73cd,ACC_4b6f4caa0c08,False,True,True,behavioral_anomaly,
TXN_82ef845059a4,ACC_4b6f4caa0c08,False,True,True,behavioral_anomaly,
TXN_45a7e6891904,ACC_4b6f4caa0c08,False,True,True,behavioral_anomaly,
TXN_2d034c16ae49,ACC_4b6f4caa0c08,False,True,True,behavioral_anomaly,
TXN_c93109174b1c,ACC_4b6f4caa0c08,False,True,True,behavioral_anomaly,
TXN_4cb0053b6f61,ACC_4b6f4caa0c08,False,True,True,behavioral_anomaly,
TXN_f2f86beac521,ACC_4b6f4caa0c08,False,True,True,behavioral_anomaly,
TXN_81196dbcab9a,ACC_4b6f4caa0c08,False,True,True,behavioral_anomaly,
TXN_9f9169a3261c,ACC_4b6f4caa0c08,False,True,True,behavioral_anomaly,
TXN_ffec4aafc9c3,ACC_c116b18591dd,False,False,False,normal,
TXN_c61abac464d8,ACC_c116b18591dd,False,False,False,normal,
TXN_681b946c2875,ACC_c116b18591dd,False,False,False,normal,
TXN_8bc97f69d70a,ACC_c116b18591dd,False,False,False,normal,
TXN_039c84ca24b0,ACC_c116b18591dd,False,False,False,normal,
TXN_27e5dbc7ff00,ACC_c116b18591dd,False,False,False,normal,
TXN_1cc9f0a0df75,ACC_c116b18591dd,False,False,False,normal,
TXN_8e5b7cc9422b,ACC_c116b18591dd,False,False,False,normal,
TXN_a462a8c676d9,ACC_c116b18591dd,False,False,False,normal,
TXN_ae6314d96efb,ACC_c116b18591dd,False,False,False,normal,
TXN_6b1d8e24c581,ACC_69b7657b6cd6,False,False,False,normal,
TXN_b2834e208299,ACC_69b7657b6cd6,False,False,False,normal,
TXN_aea112dcb22f,ACC_69b7657b6cd6,False,False,False,normal,
TXN_cdd5eb2e46ed,ACC_69b7657b6cd6,False,False,False,normal,
TXN_d5fb39163fba,ACC_69b7657b6cd6,False,False,False,normal,
TXN_c0e119ea1888,ACC_69b7657b6cd6,False,False,False,normal,
TXN_11f7d385a0e3,ACC_69b7657b6cd6,False,False,False,normal,
TXN_382d459caba2,ACC_69b7657b6cd6,False,False,False,normal,
TXN_d14e56182f50,ACC_69b7657b6cd6,False,False,False,normal,
TXN_8806b35e9b24,ACC_69b7657b6cd6,False,False,False,normal,
TXN_2d647a6aee54,ACC_ec825df83955,False,False,False,normal,
TXN_642a5dbef445,ACC_ec825df83955,False,False,False,normal,
TXN_c48619a9b33d,ACC_ec825df83955,False,False,False,normal,
TXN_193c3605c9b4,ACC_ec825df83955,False,False,False,normal,
TXN_4308297e51a2,ACC_ec825df83955,False,False,False,normal,
TXN_6178f5947a97,ACC_ec825df83955,False,False,False,normal,
TXN_41cb6a56bc2a,ACC_ec825df83955,False,False,False,normal,
TXN_8922dc4111d1,ACC_ec825df83955,False,False,False,normal,
TXN_48b545304f06,ACC_ec825df83955,False,False,False,normal,
TXN_7085c554e8ff,ACC_ec825df83955,False,False,False,normal,
TXN_0d3e4cbe8b14,ACC_c185a35088dd,False,False,False,normal,
TXN_edae22e79234,ACC_c185a35088dd,False,False,False,normal,
TXN_3d860d1c17e5,ACC_c185a35088dd,False,False,False,normal,
TXN_08c69218c68e,ACC_c185a35088dd,False,False,False,normal,
TXN_d02f5fa912b9,ACC_c185a35088dd,False,False,False,normal,
TXN_084a37470544,ACC_c185a35088dd,False,False,False,normal,
TXN_e3a6d9442d1f,ACC_c185a35088dd,False,False,False,normal,
TXN_b169c04376c4,ACC_c185a35088dd,False,False,False,normal,
TXN_972d51146306,ACC_c185a35088dd,False,False,False,normal,
TXN_638313ee6f03,ACC_c185a35088dd,False,False,False,normal,
TXN_527b70f9b070,ACC_86b8a0604f1e,False,False,False,normal,
TXN_6d2bdf2e24ae,ACC_86b8a0604f1e,False,False,False,normal,
TXN_309053c78086,ACC_86b8a0604f1e,False,False,False,normal,
TXN_ebb3f08c1a21,ACC_86b8a0604f1e,False,False,False,normal,
TXN_c67e03095ba1,ACC_86b8a0604f1e,False,False,False,normal,
TXN_2ae7ae3c3558,ACC_86b8a0604f1e,False,False,False,normal,
TXN_18368d144056,ACC_86b8a0604f1e,False,False,False,normal,
TXN_e648360d68cb,ACC_86b8a0604f1e,False,False,False,normal,
TXN_5f87b7a732a0,ACC_86b8a0604f1e,False,False,False,normal,
TXN_d9875ea2c675,ACC_86b8a0604f1e,False,False,False,normal,
TXN_71f01cc9d639,ACC_dcad275b0a2d,False,False,False,normal,
TXN_da0308c70f55,ACC_dcad275b0a2d,False,False,False,normal,
TXN_f8c5d6328c4a,ACC_dcad275b0a2d,False,False,False,normal,
TXN_e35ca3bb9fe2,ACC_dcad275b0a2d,False,False,False,normal,
TXN_28a05309acc1,ACC_dcad275b0a2d,False,False,False,normal,
TXN_fd8e117cb28b,ACC_dcad275b0a2d,False,False,False,normal,
TXN_c70607e638cf,ACC_dcad275b0a2d,False,False,False,normal,
TXN_ce0fc3a19ed2,ACC_dcad275b0a2d,False,False,False,normal,
TXN_59dd0367f9fb,ACC_dcad275b0a2d,False,False,False,normal,
TXN_5a62869cb0de,ACC_dcad275b0a2d,False,False,False,normal,
TXN_2ccce00792c2,ACC_acbf4ced3c16,False,False,False,normal,
TXN_d758e01851cd,ACC_acbf4ced3c16,False,False,False,normal,
TXN_cf971e1d5577,ACC_acbf4ced3c16,False,False,False,normal,
TXN_2e321239c0db,ACC_acbf4ced3c16,False,False,False,normal,
TXN_e7d08e62321b,ACC_acbf4ced3c16,False,False,False,normal,
TXN_f8bb1d88609c,ACC_acbf4ced3c16,False,False,False,normal,
TXN_a5f25e6f9524,ACC_acbf4ced3c16,False,False,False,normal,
TXN_0cf8f964c0ae,ACC_acbf4ced3c16,False,False,False,normal,
TXN_bdbf64528d55,ACC_acbf4ced3c16,False,False,False,normal,
TXN_20c75926929d,ACC_acbf4ced3c16,False,False,False,normal,
TXN_05df52d7dd9a,ACC_2106685bd4f9,False,False,False,normal,
TXN_4b9380479b82,ACC_2106685bd4f9,False,False,False,normal,
TXN_11808a86e0f0,ACC_2106685bd4f9,False,False,False,normal,
TXN_abd2501f8984,ACC_2106685bd4f9,False,False,False,normal,
TXN_fa21fbb3ef11,ACC_2106685bd4f9,False,False,False,normal,
TXN_3d2b7ce90d19,ACC_2106685bd4f9,False,False,False,normal,
TXN_75666a570c04,ACC_2106685bd4f9,False,False,False,normal,
TXN_5549f8a9b051,ACC_2106685bd4f9,False,False,False,normal,
TXN_e68df458eb00,ACC_2106685bd4f9,False,False,False,normal,
TXN_5150b6776dcb,ACC_2106685bd4f9,False,False,False,normal,
TXN_5d635c5f5ef5,ACC_af8b376aa56d,False,False,False,normal,
TXN_1162891a4908,ACC_af8b376aa56d,False,False,False,normal,
TXN_e8e669791d93,ACC_af8b376aa56d,False,False,False,normal,
TXN_533a12b7d449,ACC_af8b376aa56d,False,False,False,normal,
TXN_128de98275cd,ACC_af8b376aa56d,False,False,False,normal,
TXN_2069d914e9c6,ACC_af8b376aa56d,False,False,False,normal,
TXN_9306b090b1d3,ACC_af8b376aa56d,False,False,False,normal,
TXN_c9e6dac31c8e,ACC_af8b376aa56d,False,False,False,normal,
TXN_faeb91c5b840,ACC_af8b376aa56d,False,False,False,normal,
TXN_589d815a1f45,ACC_af8b376aa56d,False,False,False,normal,
TXN_9f5b3d9077b1,ACC_533c771fd6c0,False,False,False,normal,
TXN_86ab74123623,ACC_533c771fd6c0,False,False,False,normal,
TXN_24d3c8d04a15,ACC_533c771fd6c0,False,False,False,normal,
TXN_2f8d1d88c723,ACC_533c771fd6c0,False,False,False,normal,
TXN_81039c8aa768,ACC_533c771fd6c0,False,False,False,normal,
TXN_f1732ea83c55,ACC_533c771fd6c0,False,False,False,normal,
TXN_e24e08dbeadc,ACC_533c771fd6c0,False,False,False,normal,
TXN_2f236bf801ec,ACC_533c771fd6c0,False,False,False,normal,
TXN_22ca481510a3,ACC_533c771fd6c0,False,False,False,normal,
TXN_1ef653a4310c,ACC_533c771fd6c0,False,False,False,normal,
TXN_8c619fe25d0e,ACC_03cd0c8db129,False,False,False,normal,
TXN_62628140889d,ACC_03cd0c8db129,False,False,False,normal,
TXN_1b52a63dbab9,ACC_03cd0c8db129,False,False,False,normal,
TXN_bba7c1b7df62,ACC_03cd0c8db129,False,False,False,normal,
TXN_671c8aff3c8d,ACC_03cd0c8db129,False,False,False,normal,
TXN_dae3560b058c,ACC_03cd0c8db129,False,False,False,normal,
TXN_a504b17cbf9e,ACC_03cd0c8db129,False,False,False,normal,
TXN_247c042b82c8,ACC_03cd0c8db129,False,False,False,normal,
TXN_eebb3df8c9c4,ACC_03cd0c8db129,False,False,False,normal,
TXN_7af60cba9830,ACC_03cd0c8db129,False,False,False,normal,
TXN_6396c4692390,ACC_aa9f9994f35c,False,False,False,normal,
TXN_9039b55b58dc,ACC_aa9f9994f35c,False,False,False,normal,
TXN_e0e4ba56a81d,ACC_aa9f9994f35c,False,False,False,normal,
TXN_0b4cdb319aaf,ACC_aa9f9994f35c,False,False,False,normal,
TXN_37db6ba145b9,ACC_aa9f9994f35c,False,False,False,normal,
TXN_4186b09dd27f,ACC_aa9f9994f35c,False,False,False,normal,
TXN_93ecc65a87ce,ACC_aa9f9994f35c,False,False,False,normal,
TXN_c73adbfc50c4,ACC_aa9f9994f35c,False,False,False,normal,
TXN_f46a0337fc62,ACC_aa9f9994f35c,False,False,False,normal,
TXN_8e4834590b03,ACC_aa9f9994f35c,False,False,False,normal,
TXN_3b6554b39052,ACC_8e57f6c0a19b,True,False,True,fraud_ring,RING_008
TXN_c43be8b3474f,ACC_8e57f6c0a19b,True,False,True,fraud_ring,RING_008
TXN_769116a8ba46,ACC_8e57f6c0a19b,True,False,True,fraud_ring,RING_008
TXN_66b8336f6cac,ACC_8e57f6c0a19b,True,False,True,fraud_ring,RING_008
TXN_33411cf6c393,ACC_8e57f6c0a19b,True,False,True,fraud_ring,RING_008
TXN_19ea1ba0baff,ACC_8e57f6c0a19b,True,False,True,fraud_ring,RING_008
TXN_27eb6b65feea,ACC_8e57f6c0a19b,True,False,True,fraud_ring,RING_008
TXN_02224fba191e,ACC_8e57f6c0a19b,True,False,True,fraud_ring,RING_008
TXN_0a98457f1d0a,ACC_8e57f6c0a19b,True,False,True,fraud_ring,RING_008
TXN_fc5d1c260f00,ACC_8e57f6c0a19b,True,False,True,fraud_ring,RING_008
TXN_58fc86795298,ACC_bb2111a569e0,False,False,False,normal,
TXN_78e6acda6f41,ACC_bb2111a569e0,False,False,False,normal,
TXN_3f9e7d6e0185,ACC_bb2111a569e0,False,False,False,normal,
TXN_3edbcfce0056,ACC_bb2111a569e0,False,False,False,normal,
TXN_77cc43a00c6c,ACC_bb2111a569e0,False,False,False,normal,
TXN_69fe696a695a,ACC_bb2111a569e0,False,False,False,normal,
TXN_a811f68dd7ff,ACC_bb2111a569e0,False,False,False,normal,
TXN_559673df3a58,ACC_bb2111a569e0,False,False,False,normal,
TXN_cb94f0c2f88f,ACC_bb2111a569e0,False,False,False,normal,
TXN_f4df2e5577e2,ACC_bb2111a569e0,False,False,False,normal,
TXN_c7438aa52013,ACC_e760a8ee2194,True,False,True,fraud_ring,RING_009
TXN_95129df9e81b,ACC_e760a8ee2194,True,False,True,fraud_ring,RING_009
TXN_4e7f9b310af6,ACC_e760a8ee2194,True,False,True,fraud_ring,RING_009
TXN_68a0e4819c51,ACC_e760a8ee2194,True,False,True,fraud_ring,RING_009
TXN_4078d44dbf54,ACC_e760a8ee2194,True,False,True,fraud_ring,RING_009
TXN_0ac23ba0938b,ACC_e760a8ee2194,True,False,True,fraud_ring,RING_009
TXN_981157f01694,ACC_e760a8ee2194,True,False,True,fraud_ring,RING_009
TXN_19ffdb615480,ACC_e760a8ee2194,True,False,True,fraud_ring,RING_009
TXN_c535b3ab4290,ACC_e760a8ee2194,True,False,True,fraud_ring,RING_009
TXN_1c29212ba4ce,ACC_e760a8ee2194,True,False,True,fraud_ring,RING_009
TXN_b2b6a0cce03b,ACC_4aa348a724e4,False,False,False,normal,
TXN_c5857d582a56,ACC_4aa348a724e4,False,False,False,normal,
TXN_201707fe82e1,ACC_4aa348a724e4,False,False,False,normal,
TXN_5f5f32172cc6,ACC_4aa348a724e4,False,False,False,normal,
TXN_c47fd074754d,ACC_4aa348a724e4,False,False,False,normal,
TXN_fdf35bbac576,ACC_4aa348a724e4,False,False,False,normal,
TXN_c4e81a5ba053,ACC_4aa348a724e4,False,False,False,normal,
TXN_cef408095fd0,ACC_4aa348a724e4,False,False,False,normal,
TXN_b113053525b8,ACC_4aa348a724e4,False,False,False,normal,
TXN_fd3bd3f242ff,ACC_4aa348a724e4,False,False,False,normal,
TXN_4c805a67f4ba,ACC_d3904743d099,False,False,False,normal,
TXN_898f444e4e24,ACC_d3904743d099,False,False,False,normal,
TXN_94c3f18a289c,ACC_d3904743d099,False,False,False,normal,
TXN_9f3ba309c0bb,ACC_d3904743d099,False,False,False,normal,
TXN_1f6bc68beb94,ACC_d3904743d099,False,False,False,normal,
TXN_31f5df4963e7,ACC_d3904743d099,False,False,False,normal,
TXN_3db02649b266,ACC_d3904743d099,False,False,False,normal,
TXN_eb71fc83385e,ACC_d3904743d099,False,False,False,normal,
TXN_0df82e52c741,ACC_d3904743d099,False,False,False,normal,
TXN_7df4cd097a92,ACC_d3904743d099,False,False,False,normal,
TXN_c60e315fc7d0,ACC_c37cfd6e12bf,False,False,False,normal,
TXN_884db3dd0abc,ACC_c37cfd6e12bf,False,False,False,normal,
TXN_8bd59bcc879a,ACC_c37cfd6e12bf,False,False,False,normal,
TXN_033b2dc3d485,ACC_c37cfd6e12bf,False,False,False,normal,
TXN_f90321071ab1,ACC_c37cfd6e12bf,False,False,False,normal,
TXN_cdc086239371,ACC_c37cfd6e12bf,False,False,False,normal,
TXN_512f0201c5c0,ACC_c37cfd6e12bf,False,False,False,normal,
TXN_df9fcfaa3c4c,ACC_c37cfd6e12bf,False,False,False,normal,
TXN_a95d7c02aace,ACC_c37cfd6e12bf,False,False,False,normal,
TXN_bb35659401ae,ACC_c37cfd6e12bf,False,False,False,normal,
TXN_37ab46552ce3,ACC_caa546186733,False,False,False,normal,
TXN_46639f270790,ACC_caa546186733,False,False,False,normal,
TXN_c30905c2cc0b,ACC_caa546186733,False,False,False,normal,
TXN_cb1cfaa2aaa4,ACC_caa546186733,False,False,False,normal,
TXN_1acc698fcb8f,ACC_caa546186733,False,False,False,normal,
TXN_226f7c1d4808,ACC_caa546186733,False,False,False,normal,
TXN_e2c4056ec3c4,ACC_caa546186733,False,False,False,normal,
TXN_45aef4dd1b30,ACC_caa546186733,False,False,False,normal,
TXN_aa2df1425698,ACC_caa546186733,False,False,False,normal,
TXN_c1e50d3cfaba,ACC_caa546186733,False,False,False,normal,
TXN_9823a10f8ab8,ACC_5f87e63fabc7,False,False,False,normal,
TXN_064e0ca759d4,ACC_5f87e63fabc7,False,False,False,normal,
TXN_cc00ead9b9a9,ACC_5f87e63fabc7,False,False,False,normal,
TXN_b9f2871e75f4,ACC_5f87e63fabc7,False,False,False,normal,
TXN_d4509bf1ef49,ACC_5f87e63fabc7,False,False,False,normal,
TXN_8ed080c52222,ACC_5f87e63fabc7,False,False,False,normal,
TXN_95ea22b5bd36,ACC_5f87e63fabc7,False,False,False,normal,
TXN_937f912ededd,ACC_5f87e63fabc7,False,False,False,normal,
TXN_fca1a9fab377,ACC_5f87e63fabc7,False,False,False,normal,
TXN_91863d9d31d0,ACC_5f87e63fabc7,False,False,False,normal,
TXN_62ff10c57840,ACC_403d9f58f23b,True,False,True,fraud_ring,RING_006
TXN_7b5575e0daa2,ACC_403d9f58f23b,True,False,True,fraud_ring,RING_006
TXN_1f048c6b5546,ACC_403d9f58f23b,True,False,True,fraud_ring,RING_006
TXN_f51e40cbcf63,ACC_403d9f58f23b,True,False,True,fraud_ring,RING_006
TXN_7532a650bacb,ACC_403d9f58f23b,True,False,True,fraud_ring,RING_006
TXN_a4e79046e96f,ACC_403d9f58f23b,True,False,True,fraud_ring,RING_006
TXN_46885326743c,ACC_403d9f58f23b,True,False,True,fraud_ring,RING_006
TXN_2b681f5c3852,ACC_403d9f58f23b,True,False,True,fraud_ring,RING_006
TXN_4278c2d21ac5,ACC_403d9f58f23b,True,False,True,fraud_ring,RING_006
TXN_a4028f98cb0c,ACC_403d9f58f23b,True,False,True,fraud_ring,RING_006
TXN_cc11e4cfc092,ACC_6868b184343c,False,False,False,normal,
TXN_a4a98f70aa47,ACC_6868b184343c,False,False,False,normal,
TXN_330647326ec5,ACC_6868b184343c,False,False,False,normal,
TXN_402ff98f5c4a,ACC_6868b184343c,False,False,False,normal,
TXN_705035da5411,ACC_6868b184343c,False,False,False,normal,
TXN_4f4bed3ee4c1,ACC_6868b184343c,False,False,False,normal,
TXN_2ba346fb881b,ACC_6868b184343c,False,False,False,normal,
TXN_7f068b176384,ACC_6868b184343c,False,False,False,normal,
TXN_2649a348ac24,ACC_6868b184343c,False,False,False,normal,
TXN_ae7e543dd496,ACC_6868b184343c,False,False,False,normal,
TXN_d9507e4d57d3,ACC_c02537aaf442,False,False,False,normal,
TXN_65ee4f30f78d,ACC_c02537aaf442,False,False,False,normal,
TXN_8560f4030311,ACC_c02537aaf442,False,False,False,normal,
TXN_69b7ce4df4e8,ACC_c02537aaf442,False,False,False,normal,
TXN_aef86cea08ef,ACC_c02537aaf442,False,False,False,normal,
TXN_e7cc8f7d9dd3,ACC_c02537aaf442,False,False,False,normal,
TXN_77fd89ecc4db,ACC_c02537aaf442,False,False,False,normal,
TXN_29317e1d7db8,ACC_c02537aaf442,False,False,False,normal,
TXN_bf7665133064,ACC_c02537aaf442,False,False,False,normal,
TXN_cc33dd481161,ACC_c02537aaf442,False,False,False,normal,
TXN_ccb416244cee,ACC_63923b6917a7,False,False,False,normal,
TXN_b4388fd9c350,ACC_63923b6917a7,False,False,False,normal,
TXN_9713a3f0e2a4,ACC_63923b6917a7,False,False,False,normal,
TXN_0e9cc944bc71,ACC_63923b6917a7,False,False,False,normal,
TXN_5de2899e34cc,ACC_63923b6917a7,False,False,False,normal,
TXN_1b452d505157,ACC_63923b6917a7,False,False,False,normal,
TXN_f67fb7dde7cb,ACC_63923b6917a7,False,False,False,normal,
TXN_65fc5dbcfea3,ACC_63923b6917a7,False,False,False,normal,
TXN_493a577af57b,ACC_63923b6917a7,False,False,False,normal,
TXN_ad5f5d6df5c8,ACC_63923b6917a7,False,False,False,normal,
TXN_d0a70ef9cb21,ACC_abcaa9e90ebe,False,False,False,normal,
TXN_7515d2a0b45c,ACC_abcaa9e90ebe,False,False,False,normal,
TXN_a0f5bf04bff4,ACC_abcaa9e90ebe,False,False,False,normal,
TXN_b5990c69c426,ACC_abcaa9e90ebe,False,False,False,normal,
TXN_2ec288d6b403,ACC_abcaa9e90ebe,False,False,False,normal,
TXN_e2201704f003,ACC_abcaa9e90ebe,False,False,False,normal,
TXN_83bccf4146bd,ACC_abcaa9e90ebe,False,False,False,normal,
TXN_53cb1583befe,ACC_abcaa9e90ebe,False,False,False,normal,
TXN_6f6c6acbc2ea,ACC_abcaa9e90ebe,False,False,False,normal,
TXN_e0e799b0cd90,ACC_abcaa9e90ebe,False,False,False,normal,
TXN_44dba0bb5399,ACC_84b50be960e6,False,False,False,normal,
TXN_4d2583d2ebfc,ACC_84b50be960e6,False,False,False,normal,
TXN_270ecc879167,ACC_84b50be960e6,False,False,False,normal,
TXN_b8b798c66825,ACC_84b50be960e6,False,False,False,normal,
TXN_945cb15b0bb6,ACC_84b50be960e6,False,False,False,normal,
TXN_b4f57b5857b2,ACC_84b50be960e6,False,False,False,normal,
TXN_516572e9da27,ACC_84b50be960e6,False,False,False,normal,
TXN_7e61fa502e07,ACC_84b50be960e6,False,False,False,normal,
TXN_18dd5d0417f9,ACC_84b50be960e6,False,False,False,normal,
TXN_c65d8177f977,ACC_84b50be960e6,False,False,False,normal,
TXN_4a829c182b3a,ACC_6b24e4144ac0,False,False,False,normal,
TXN_03d68b03ff3b,ACC_6b24e4144ac0,False,False,False,normal,
TXN_e25efda7b49d,ACC_6b24e4144ac0,False,False,False,normal,
TXN_89d8869a88bc,ACC_6b24e4144ac0,False,False,False,normal,
TXN_68a1b4c20aad,ACC_6b24e4144ac0,False,False,False,normal,
TXN_3e39b5cb70ca,ACC_6b24e4144ac0,False,False,False,normal,
TXN_274471eac641,ACC_6b24e4144ac0,False,False,False,normal,
TXN_173f36ddfb0d,ACC_6b24e4144ac0,False,False,False,normal,
TXN_d57905ca185f,ACC_6b24e4144ac0,False,False,False,normal,
TXN_d7dae749f853,ACC_6b24e4144ac0,False,False,False,normal,
TXN_10dc3ea45ce7,ACC_c505776b213b,False,False,False,normal,
TXN_2200edd29fcd,ACC_c505776b213b,False,False,False,normal,
TXN_c37395490839,ACC_c505776b213b,False,False,False,normal,
TXN_dff7381f334f,ACC_c505776b213b,False,False,False,normal,
TXN_13c78822b00d,ACC_c505776b213b,False,False,False,normal,
TXN_cfc410ccb425,ACC_c505776b213b,False,False,False,normal,
TXN_8ff9188c65aa,ACC_c505776b213b,False,False,False,normal,
TXN_746f0d7371e1,ACC_c505776b213b,False,False,False,normal,
TXN_8558576f9476,ACC_c505776b213b,False,False,False,normal,
TXN_d9d471bac639,ACC_c505776b213b,False,False,False,normal,
TXN_f16e64f985f5,ACC_1f1802887b8d,False,False,False,normal,
TXN_c90db0cc6737,ACC_1f1802887b8d,False,False,False,normal,
TXN_22e3aea6844b,ACC_1f1802887b8d,False,False,False,normal,
TXN_745fd7a3ffad,ACC_1f1802887b8d,False,False,False,normal,
TXN_3ecb122d99af,ACC_1f1802887b8d,False,False,False,normal,
TXN_3127e3d65934,ACC_1f1802887b8d,False,False,False,normal,
TXN_80b65d15a2a9,ACC_1f1802887b8d,False,False,False,normal,
TXN_76e7552ca37e,ACC_1f1802887b8d,False,False,False,normal,
TXN_1fbbfb980daf,ACC_1f1802887b8d,False,False,False,normal,
TXN_2da9fa965ded,ACC_1f1802887b8d,False,False,False,normal,
TXN_4bafe909a820,ACC_6ca6abca070e,False,False,False,normal,
TXN_9b124089d870,ACC_6ca6abca070e,False,False,False,normal,
TXN_bf6126174fc1,ACC_6ca6abca070e,False,False,False,normal,
TXN_ee3b9bfe552b,ACC_6ca6abca070e,False,False,False,normal,
TXN_044c2e510f54,ACC_6ca6abca070e,False,False,False,normal,
TXN_893287afc5f3,ACC_6ca6abca070e,False,False,False,normal,
TXN_3143ade3eba3,ACC_6ca6abca070e,False,False,False,normal,
TXN_410348b5ef34,ACC_6ca6abca070e,False,False,False,normal,
TXN_b6df37286b87,ACC_6ca6abca070e,False,False,False,normal,
TXN_1312932920e2,ACC_6ca6abca070e,False,False,False,normal,
TXN_f3360772c857,ACC_d4b7aff7fe64,False,False,False,normal,
TXN_37cd1b382c33,ACC_d4b7aff7fe64,False,False,False,normal,
TXN_d8f7dc4c0fea,ACC_d4b7aff7fe64,False,False,False,normal,
TXN_418ebd0fcea2,ACC_d4b7aff7fe64,False,False,False,normal,
TXN_6797d0d24871,ACC_d4b7aff7fe64,False,False,False,normal,
TXN_bba68a41095b,ACC_d4b7aff7fe64,False,False,False,normal,
TXN_7f2462e34cb9,ACC_d4b7aff7fe64,False,False,False,normal,
TXN_dfc312578d52,ACC_d4b7aff7fe64,False,False,False,normal,
TXN_24963cb784ac,ACC_d4b7aff7fe64,False,False,False,normal,
TXN_21e559fd03c6,ACC_d4b7aff7fe64,False,False,False,normal,
TXN_3b0700799b32,ACC_2eba7712941b,False,False,False,normal,
TXN_59c77366e87e,ACC_2eba7712941b,False,False,False,normal,
TXN_b2286f816d26,ACC_2eba7712941b,False,False,False,normal,
TXN_51319cf12f0d,ACC_2eba7712941b,False,False,False,normal,
TXN_297461480758,ACC_2eba7712941b,False,False,False,normal,
TXN_05b4ca7b8481,ACC_2eba7712941b,False,False,False,normal,
TXN_25aff63276bc,ACC_2eba7712941b,False,False,False,normal,
TXN_106fb7c3e4ab,ACC_2eba7712941b,False,False,False,normal,
TXN_bfa79b59a319,ACC_2eba7712941b,False,False,False,normal,
TXN_691e9f560dd3,ACC_2eba7712941b,False,False,False,normal,
TXN_d55db8a69d37,ACC_06379d01efdf,True,False,True,fraud_ring,RING_002
TXN_ccbeb682766c,ACC_06379d01efdf,True,False,True,fraud_ring,RING_002
TXN_4e977ed071f4,ACC_06379d01efdf,True,False,True,fraud_ring,RING_002
TXN_7e67cde30589,ACC_06379d01efdf,True,False,True,fraud_ring,RING_002
TXN_c241e0ef904a,ACC_06379d01efdf,True,False,True,fraud_ring,RING_002
TXN_9ef53d278042,ACC_06379d01efdf,True,False,True,fraud_ring,RING_002
TXN_51de0df76d60,ACC_06379d01efdf,True,False,True,fraud_ring,RING_002
TXN_6e514fc21975,ACC_06379d01efdf,True,False,True,fraud_ring,RING_002
TXN_c29506909d3a,ACC_06379d01efdf,True,False,True,fraud_ring,RING_002
TXN_c50af039a866,ACC_06379d01efdf,True,False,True,fraud_ring,RING_002
TXN_e428358818c5,ACC_47aedbf8e170,False,False,False,normal,
TXN_1681ed9feb4d,ACC_47aedbf8e170,False,False,False,normal,
TXN_b8a05bd637f4,ACC_47aedbf8e170,False,False,False,normal,
TXN_34612068ce79,ACC_47aedbf8e170,False,False,False,normal,
TXN_c625e68becbe,ACC_47aedbf8e170,False,False,False,normal,
TXN_5adf2816ad80,ACC_47aedbf8e170,False,False,False,normal,
TXN_041f8ac39531,ACC_47aedbf8e170,False,False,False,normal,
TXN_5e2fd5fede46,ACC_47aedbf8e170,False,False,False,normal,
TXN_89d2da2d490b,ACC_47aedbf8e170,False,False,False,normal,
TXN_0dc31753bbf5,ACC_47aedbf8e170,False,False,False,normal,
TXN_99790eece8b4,ACC_2ebaca67e653,False,False,False,normal,
TXN_6fac6183d098,ACC_2ebaca67e653,False,False,False,normal,
TXN_8d081bb2db10,ACC_2ebaca67e653,False,False,False,normal,
TXN_2b610e4d9480,ACC_2ebaca67e653,False,False,False,normal,
TXN_821f673a9e3d,ACC_2ebaca67e653,False,False,False,normal,
TXN_e988520e5e4a,ACC_2ebaca67e653,False,False,False,normal,
TXN_f8b8ffdbec3c,ACC_2ebaca67e653,False,False,False,normal,
TXN_04f4682b6aca,ACC_2ebaca67e653,False,False,False,normal,
TXN_1c1f441a14eb,ACC_2ebaca67e653,False,False,False,normal,
TXN_7fd7f26bc985,ACC_2ebaca67e653,False,False,False,normal,
TXN_323b68c41fb5,ACC_105cad2e38e5,False,False,False,normal,
TXN_b79b9ed09c6d,ACC_105cad2e38e5,False,False,False,normal,
TXN_8867971cdd42,ACC_105cad2e38e5,False,False,False,normal,
TXN_95e74c91de98,ACC_105cad2e38e5,False,False,False,normal,
TXN_53b85c4bd2ea,ACC_105cad2e38e5,False,False,False,normal,
TXN_ef4341213b3a,ACC_105cad2e38e5,False,False,False,normal,
TXN_50cb44434a27,ACC_105cad2e38e5,False,False,False,normal,
TXN_5dd9ad384249,ACC_105cad2e38e5,False,False,False,normal,
TXN_60295b7bbd2b,ACC_105cad2e38e5,False,False,False,normal,
TXN_e674cc878825,ACC_105cad2e38e5,False,False,False,normal,
TXN_8281804bca28,ACC_2840ab2e23b3,False,False,False,normal,
TXN_a1292117f067,ACC_2840ab2e23b3,False,False,False,normal,
TXN_1cfb77009836,ACC_2840ab2e23b3,False,False,False,normal,
TXN_052264aa3684,ACC_2840ab2e23b3,False,False,False,normal,
TXN_1fd44ad89b97,ACC_2840ab2e23b3,False,False,False,normal,
TXN_63dbc873fc2e,ACC_2840ab2e23b3,False,False,False,normal,
TXN_7110e9a34f38,ACC_2840ab2e23b3,False,False,False,normal,
TXN_24789c3b83e2,ACC_2840ab2e23b3,False,False,False,normal,
TXN_41a8044f2c69,ACC_2840ab2e23b3,False,False,False,normal,
TXN_069161d7fcd0,ACC_2840ab2e23b3,False,False,False,normal,
TXN_5c5b322ce813,ACC_21a9e33989dd,False,False,False,normal,
TXN_d023f8b21109,ACC_21a9e33989dd,False,False,False,normal,
TXN_b76be0e3bf1a,ACC_21a9e33989dd,False,False,False,normal,
TXN_e95370ee126b,ACC_21a9e33989dd,False,False,False,normal,
TXN_c29c75576401,ACC_21a9e33989dd,False,False,False,normal,
TXN_d40da921dd06,ACC_21a9e33989dd,False,False,False,normal,
TXN_82d67cca1cc0,ACC_21a9e33989dd,False,False,False,normal,
TXN_86fd89a34081,ACC_21a9e33989dd,False,False,False,normal,
TXN_a3bad3dea7a3,ACC_21a9e33989dd,False,False,False,normal,
TXN_b36d405cdcae,ACC_21a9e33989dd,False,False,False,normal,
TXN_38d3eb82a141,ACC_9e8dfc586b45,False,False,False,normal,
TXN_fab2c483f1f0,ACC_9e8dfc586b45,False,False,False,normal,
TXN_1a7cd51d7030,ACC_9e8dfc586b45,False,False,False,normal,
TXN_2077f42967a4,ACC_9e8dfc586b45,False,False,False,normal,
TXN_2816f6b8136e,ACC_9e8dfc586b45,False,False,False,normal,
TXN_c253407c9148,ACC_9e8dfc586b45,False,False,False,normal,
TXN_1cacaede0766,ACC_9e8dfc586b45,False,False,False,normal,
TXN_01654e77509f,ACC_9e8dfc586b45,False,False,False,normal,
TXN_aec38a758d08,ACC_9e8dfc586b45,False,False,False,normal,
TXN_dafe61acc6c9,ACC_9e8dfc586b45,False,False,False,normal,
TXN_3c4fbc9d112e,ACC_539bd3d479a3,False,False,False,normal,
TXN_0fc83511ba9c,ACC_539bd3d479a3,False,False,False,normal,
TXN_a54793f7164c,ACC_539bd3d479a3,False,False,False,normal,
TXN_c8fe1720d172,ACC_539bd3d479a3,False,False,False,normal,
TXN_155731e84518,ACC_539bd3d479a3,False,False,False,normal,
TXN_1857e3e338e3,ACC_539bd3d479a3,False,False,False,normal,
TXN_23f0ddc92339,ACC_539bd3d479a3,False,False,False,normal,
TXN_0346b121d775,ACC_539bd3d479a3,False,False,False,normal,
TXN_958c5732d9fa,ACC_539bd3d479a3,False,False,False,normal,
TXN_12291c31a5dd,ACC_539bd3d479a3,False,False,False,normal,
TXN_e803136ab593,ACC_8e4d413039e4,False,False,False,normal,
TXN_f2f803aa1a2e,ACC_8e4d413039e4,False,False,False,normal,
TXN_bbf9e009c9b9,ACC_8e4d413039e4,False,False,False,normal,
TXN_607c10d6ce70,ACC_8e4d413039e4,False,False,False,normal,
TXN_e0a2b92f4244,ACC_8e4d413039e4,False,False,False,normal,
TXN_e83ede8439b9,ACC_8e4d413039e4,False,False,False,normal,
TXN_4bba04588f01,ACC_8e4d413039e4,False,False,False,normal,
TXN_f64a6a81a238,ACC_8e4d413039e4,False,False,False,normal,
TXN_ad4a38b988e4,ACC_8e4d413039e4,False,False,False,normal,
TXN_8c82b7e034cb,ACC_8e4d413039e4,False,False,False,normal,
TXN_748c1586fbeb,ACC_8913b3da4b49,False,False,False,normal,
TXN_a7aa081ad8aa,ACC_8913b3da4b49,False,False,False,normal,
TXN_84f1068e3468,ACC_8913b3da4b49,False,False,False,normal,
TXN_70d6cdc3702c,ACC_8913b3da4b49,False,False,False,normal,
TXN_0924d27ce10b,ACC_8913b3da4b49,False,False,False,normal,
TXN_08bff3592754,ACC_8913b3da4b49,False,False,False,normal,
TXN_0e721339b918,ACC_8913b3da4b49,False,False,False,normal,
TXN_a15a818971b0,ACC_8913b3da4b49,False,False,False,normal,
TXN_df1e098ab3d9,ACC_8913b3da4b49,False,False,False,normal,
TXN_93a18d6280d0,ACC_8913b3da4b49,False,False,False,normal,
TXN_227d00ef7ac9,ACC_006c9c2ff8b7,False,False,False,normal,
TXN_64fe84116665,ACC_006c9c2ff8b7,False,False,False,normal,
TXN_eac388c90486,ACC_006c9c2ff8b7,False,False,False,normal,
TXN_3d13a3b7441a,ACC_006c9c2ff8b7,False,False,False,normal,
TXN_6a2df01f5763,ACC_006c9c2ff8b7,False,False,False,normal,
TXN_7dd878220166,ACC_006c9c2ff8b7,False,False,False,normal,
TXN_65e015243215,ACC_006c9c2ff8b7,False,False,False,normal,
TXN_97a38b1b35e4,ACC_006c9c2ff8b7,False,False,False,normal,
TXN_9334bd4acfdb,ACC_006c9c2ff8b7,False,False,False,normal,
TXN_061faf8a1044,ACC_006c9c2ff8b7,False,False,False,normal,
TXN_231af8d1a772,ACC_b08cff93c516,False,False,False,normal,
TXN_2b36c1954748,ACC_b08cff93c516,False,False,False,normal,
TXN_988631bf150b,ACC_b08cff93c516,False,False,False,normal,
TXN_26fed8dcce4c,ACC_b08cff93c516,False,False,False,normal,
TXN_f24b1a311be1,ACC_b08cff93c516,False,False,False,normal,
TXN_10a8633456b6,ACC_b08cff93c516,False,False,False,normal,
TXN_cbb1badc32b0,ACC_b08cff93c516,False,False,False,normal,
TXN_1e3fb175f0d3,ACC_b08cff93c516,False,False,False,normal,
TXN_ae79973c3282,ACC_b08cff93c516,False,False,False,normal,
TXN_0de1a948106d,ACC_b08cff93c516,False,False,False,normal,
TXN_4fb16626c167,ACC_0715e0bf4532,False,False,False,normal,
TXN_8165aff22e45,ACC_0715e0bf4532,False,False,False,normal,
TXN_0ec599b54fc9,ACC_0715e0bf4532,False,False,False,normal,
TXN_157f1c330ed1,ACC_0715e0bf4532,False,False,False,normal,
TXN_359972e6c639,ACC_0715e0bf4532,False,False,False,normal,
TXN_051ad75d2352,ACC_0715e0bf4532,False,False,False,normal,
TXN_e9af752c0bc8,ACC_0715e0bf4532,False,False,False,normal,
TXN_77a66a9226ac,ACC_0715e0bf4532,False,False,False,normal,
TXN_2274d5dcf447,ACC_0715e0bf4532,False,False,False,normal,
TXN_ee55606fc53c,ACC_0715e0bf4532,False,False,False,normal,
TXN_7b3fefe3b138,ACC_189ece95e0ea,False,False,False,normal,
TXN_17a86d30ab2a,ACC_189ece95e0ea,False,False,False,normal,
TXN_f15d97ffa159,ACC_189ece95e0ea,False,False,False,normal,
TXN_eed5282eb0b8,ACC_189ece95e0ea,False,False,False,normal,
TXN_a84437f77b5b,ACC_189ece95e0ea,False,False,False,normal,
TXN_51414557f25b,ACC_189ece95e0ea,False,False,False,normal,
TXN_d5564aa2a792,ACC_189ece95e0ea,False,False,False,normal,
TXN_d44c090f46d8,ACC_189ece95e0ea,False,False,False,normal,
TXN_42e52a5bb35c,ACC_189ece95e0ea,False,False,False,normal,
TXN_e95163f35a14,ACC_189ece95e0ea,False,False,False,normal,
TXN_56c1cde2dce0,ACC_130ba65486a8,False,False,False,normal,
TXN_05a6902d30a3,ACC_130ba65486a8,False,False,False,normal,
TXN_4e247dd84c1e,ACC_130ba65486a8,False,False,False,normal,
TXN_623db4c15e9b,ACC_130ba65486a8,False,False,False,normal,
TXN_6f6bd3e2fe87,ACC_130ba65486a8,False,False,False,normal,
TXN_ac385b583e46,ACC_130ba65486a8,False,False,False,normal,
TXN_344683fab86e,ACC_130ba65486a8,False,False,False,normal,
TXN_85f126090e74,ACC_130ba65486a8,False,False,False,normal,
TXN_e3437b3d90cb,ACC_130ba65486a8,False,False,False,normal,
TXN_799b8090ef3c,ACC_130ba65486a8,False,False,False,normal,
TXN_e34e9f763afa,ACC_f83d26732fea,False,False,False,normal,
TXN_1ef6fcd5813f,ACC_f83d26732fea,False,False,False,normal,
TXN_3de829ef9619,ACC_f83d26732fea,False,False,False,normal,
TXN_8a86881a3650,ACC_f83d26732fea,False,False,False,normal,
TXN_2edd9b69c8ba,ACC_f83d26732fea,False,False,False,normal,
TXN_8d7071167639,ACC_f83d26732fea,False,False,False,normal,
TXN_9ec71e4810b1,ACC_f83d26732fea,False,False,False,normal,
TXN_70d0db75ff85,ACC_f83d26732fea,False,False,False,normal,
TXN_e9f32b3986be,ACC_f83d26732fea,False,False,False,normal,
TXN_df773e27cd90,ACC_f83d26732fea,False,False,False,normal,
TXN_9e7336f9a8bc,ACC_638ca7173e35,False,False,False,normal,
TXN_ba9ee8a0207f,ACC_638ca7173e35,False,False,False,normal,
TXN_ec2944b9a83e,ACC_638ca7173e35,False,False,False,normal,
TXN_96b9e2d39dec,ACC_638ca7173e35,False,False,False,normal,
TXN_76325c6bbd92,ACC_638ca7173e35,False,False,False,normal,
TXN_0f82a1a8f583,ACC_638ca7173e35,False,False,False,normal,
TXN_560cb6c2999e,ACC_638ca7173e35,False,False,False,normal,
TXN_2d0a4536bcc3,ACC_638ca7173e35,False,False,False,normal,
TXN_05195cea99a4,ACC_638ca7173e35,False,False,False,normal,
TXN_5839f2a747f5,ACC_638ca7173e35,False,False,False,normal,
TXN_57043ec99065,ACC_e61383f4c0e3,False,False,False,normal,
TXN_1acf553f09e9,ACC_e61383f4c0e3,False,False,False,normal,
TXN_5ff3c6c45ba2,ACC_e61383f4c0e3,False,False,False,normal,
TXN_154225f6e384,ACC_e61383f4c0e3,False,False,False,normal,
TXN_f1ff5e8c8ba6,ACC_e61383f4c0e3,False,False,False,normal,
TXN_ee7c06e7bf28,ACC_e61383f4c0e3,False,False,False,normal,
TXN_b4e49856b614,ACC_e61383f4c0e3,False,False,False,normal,
TXN_fe62ace0f7b3,ACC_e61383f4c0e3,False,False,False,normal,
TXN_1f5e62c135cc,ACC_e61383f4c0e3,False,False,False,normal,
TXN_a614345fade9,ACC_e61383f4c0e3,False,False,False,normal,
TXN_87d4a6c30703,ACC_930d142619b6,True,False,True,fraud_ring,RING_006
TXN_09b810b33f56,ACC_930d142619b6,True,False,True,fraud_ring,RING_006
TXN_120c41fdbe5d,ACC_930d142619b6,True,False,True,fraud_ring,RING_006
TXN_262ffee32ecc,ACC_930d142619b6,True,False,True,fraud_ring,RING_006
TXN_efadcda9d5b4,ACC_930d142619b6,True,False,True,fraud_ring,RING_006
TXN_3eefa5283ca1,ACC_930d142619b6,True,False,True,fraud_ring,RING_006
TXN_d1acd69e5a45,ACC_930d142619b6,True,False,True,fraud_ring,RING_006
TXN_ffd3b3445326,ACC_930d142619b6,True,False,True,fraud_ring,RING_006
TXN_a17ef73d5b7a,ACC_930d142619b6,True,False,True,fraud_ring,RING_006
TXN_6d95bc7297af,ACC_930d142619b6,True,False,True,fraud_ring,RING_006
TXN_a8a466616888,ACC_0bad21ce8899,False,False,False,normal,
TXN_94735d1c3c7c,ACC_0bad21ce8899,False,False,False,normal,
TXN_7537c30b0065,ACC_0bad21ce8899,False,False,False,normal,
TXN_a70ac5ada37c,ACC_0bad21ce8899,False,False,False,normal,
TXN_f9265c285f0e,ACC_0bad21ce8899,False,False,False,normal,
TXN_f084fff757c0,ACC_0bad21ce8899,False,False,False,normal,
TXN_44667ab43f42,ACC_0bad21ce8899,False,False,False,normal,
TXN_dd1399b688be,ACC_0bad21ce8899,False,False,False,normal,
TXN_b4f5699656c8,ACC_0bad21ce8899,False,False,False,normal,
TXN_91b4497bef81,ACC_0bad21ce8899,False,False,False,normal,
TXN_86347f312184,ACC_680b1f829a32,False,False,False,normal,
TXN_85141992cb16,ACC_680b1f829a32,False,False,False,normal,
TXN_f039fbe5c056,ACC_680b1f829a32,False,False,False,normal,
TXN_358afe1d352e,ACC_680b1f829a32,False,False,False,normal,
TXN_0a4cd0eba553,ACC_680b1f829a32,False,False,False,normal,
TXN_b32614b100e3,ACC_680b1f829a32,False,False,False,normal,
TXN_9dcb433169f4,ACC_680b1f829a32,False,False,False,normal,
TXN_4ed3a0496191,ACC_680b1f829a32,False,False,False,normal,
TXN_0cd35ef51af3,ACC_680b1f829a32,False,False,False,normal,
TXN_a170065c1090,ACC_680b1f829a32,False,False,False,normal,
TXN_f14c930ac436,ACC_bff60932e08f,False,False,False,normal,
TXN_953649311a74,ACC_bff60932e08f,False,False,False,normal,
TXN_cd526df8c4aa,ACC_bff60932e08f,False,False,False,normal,
TXN_5a516ff7e07f,ACC_bff60932e08f,False,False,False,normal,
TXN_bb9255cc5ebf,ACC_bff60932e08f,False,False,False,normal,
TXN_096364577791,ACC_bff60932e08f,False,False,False,normal,
TXN_5f1d4ce58ff5,ACC_bff60932e08f,False,False,False,normal,
TXN_fef8e2025715,ACC_bff60932e08f,False,False,False,normal,
TXN_c8c9ccf28b00,ACC_bff60932e08f,False,False,False,normal,
TXN_fde1149282dd,ACC_bff60932e08f,False,False,False,normal,
TXN_efde4ba97f5d,ACC_3330cf890af4,False,False,False,normal,
TXN_2e02e96f58f6,ACC_3330cf890af4,False,False,False,normal,
TXN_85cd11f718fb,ACC_3330cf890af4,False,False,False,normal,
TXN_38d3188623e6,ACC_3330cf890af4,False,False,False,normal,
TXN_0c1f166cc48b,ACC_3330cf890af4,False,False,False,normal,
TXN_f78fd3489081,ACC_3330cf890af4,False,False,False,normal,
TXN_4848d34c6ac2,ACC_3330cf890af4,False,False,False,normal,
TXN_2dc9f5aa26fa,ACC_3330cf890af4,False,False,False,normal,
TXN_e3a5a1f877a6,ACC_3330cf890af4,False,False,False,normal,
TXN_a3ec853b8a3d,ACC_3330cf890af4,False,False,False,normal,
TXN_e02922f653cb,ACC_6fb31cd2b66f,True,False,True,fraud_ring,RING_009
TXN_1d1006743959,ACC_6fb31cd2b66f,True,False,True,fraud_ring,RING_009
TXN_45f5890da549,ACC_6fb31cd2b66f,True,False,True,fraud_ring,RING_009
TXN_0c799b4e69ee,ACC_6fb31cd2b66f,True,False,True,fraud_ring,RING_009
TXN_5133bca597b6,ACC_6fb31cd2b66f,True,False,True,fraud_ring,RING_009
TXN_a7ce58658402,ACC_6fb31cd2b66f,True,False,True,fraud_ring,RING_009
TXN_f43686e3fd14,ACC_6fb31cd2b66f,True,False,True,fraud_ring,RING_009
TXN_7b4f5448180a,ACC_6fb31cd2b66f,True,False,True,fraud_ring,RING_009
TXN_55bbd29f7b08,ACC_6fb31cd2b66f,True,False,True,fraud_ring,RING_009
TXN_62a19e3acf04,ACC_6fb31cd2b66f,True,False,True,fraud_ring,RING_009
TXN_393f40f2e6fa,ACC_0529a4714df5,False,False,False,normal,
TXN_b92eb09543d1,ACC_0529a4714df5,False,False,False,normal,
TXN_154d3cb51296,ACC_0529a4714df5,False,False,False,normal,
TXN_d224d88a23c2,ACC_0529a4714df5,False,False,False,normal,
TXN_3bfb636e8090,ACC_0529a4714df5,False,False,False,normal,
TXN_fb09be063e06,ACC_0529a4714df5,False,False,False,normal,
TXN_d975bff3db12,ACC_0529a4714df5,False,False,False,normal,
TXN_f00f733e0c05,ACC_0529a4714df5,False,False,False,normal,
TXN_1676588615c5,ACC_0529a4714df5,False,False,False,normal,
TXN_898f333d9ef4,ACC_0529a4714df5,False,False,False,normal,
TXN_630bba20bc5c,ACC_7de2446ba62b,False,False,False,normal,
TXN_d99ad6ab7330,ACC_7de2446ba62b,False,False,False,normal,
TXN_44d1ff3d3862,ACC_7de2446ba62b,False,False,False,normal,
TXN_f9c8ef5b8ccc,ACC_7de2446ba62b,False,False,False,normal,
TXN_4f1013ca6d51,ACC_7de2446ba62b,False,False,False,normal,
TXN_43c21375e832,ACC_7de2446ba62b,False,False,False,normal,
TXN_209f5d212ebd,ACC_7de2446ba62b,False,False,False,normal,
TXN_52a43d7c8cc4,ACC_7de2446ba62b,False,False,False,normal,
TXN_c2cb3c41401e,ACC_7de2446ba62b,False,False,False,normal,
TXN_8c4cd6c47094,ACC_7de2446ba62b,False,False,False,normal,
TXN_6f478a6616c6,ACC_c0877b32f3c9,True,False,True,fraud_ring,RING_003
TXN_a4f9a558a090,ACC_c0877b32f3c9,True,False,True,fraud_ring,RING_003
TXN_b4beedb3b47b,ACC_c0877b32f3c9,True,False,True,fraud_ring,RING_003
TXN_b6ad69b60c08,ACC_c0877b32f3c9,True,False,True,fraud_ring,RING_003
TXN_047ac19471aa,ACC_c0877b32f3c9,True,False,True,fraud_ring,RING_003
TXN_32e3e893d350,ACC_c0877b32f3c9,True,False,True,fraud_ring,RING_003
TXN_ad334fb80bc6,ACC_c0877b32f3c9,True,False,True,fraud_ring,RING_003
TXN_796d7fe39238,ACC_c0877b32f3c9,True,False,True,fraud_ring,RING_003
TXN_568fea8965d7,ACC_c0877b32f3c9,True,False,True,fraud_ring,RING_003
TXN_f17c6c7f1664,ACC_c0877b32f3c9,True,False,True,fraud_ring,RING_003
TXN_7b43346be1f3,ACC_22570981c6fc,False,False,False,normal,
TXN_44fbd35968fd,ACC_22570981c6fc,False,False,False,normal,
TXN_2a8152a1152f,ACC_22570981c6fc,False,False,False,normal,
TXN_8717bd877323,ACC_22570981c6fc,False,False,False,normal,
TXN_2128d0ffcf27,ACC_22570981c6fc,False,False,False,normal,
TXN_594ff3eb8cb5,ACC_22570981c6fc,False,False,False,normal,
TXN_fa951a890601,ACC_22570981c6fc,False,False,False,normal,
TXN_4568ad1fc3db,ACC_22570981c6fc,False,False,False,normal,
TXN_0b3bc0f36295,ACC_22570981c6fc,False,False,False,normal,
TXN_1828a4d4e5f8,ACC_22570981c6fc,False,False,False,normal,
TXN_1f3c48ec636d,ACC_c2cadeb86489,False,False,False,normal,
TXN_098c5198ee51,ACC_c2cadeb86489,False,False,False,normal,
TXN_2b1f06e8ef00,ACC_c2cadeb86489,False,False,False,normal,
TXN_ac5fe10dc4db,ACC_c2cadeb86489,False,False,False,normal,
TXN_77251df91060,ACC_c2cadeb86489,False,False,False,normal,
TXN_210cadc7f49d,ACC_c2cadeb86489,False,False,False,normal,
TXN_b8d70f5bb7b7,ACC_c2cadeb86489,False,False,False,normal,
TXN_6855b44d02d9,ACC_c2cadeb86489,False,False,False,normal,
TXN_242b8e19608e,ACC_c2cadeb86489,False,False,False,normal,
TXN_045b2cc7d105,ACC_c2cadeb86489,False,False,False,normal,
TXN_4160bd4601a5,ACC_128ab58c56c9,False,False,False,normal,
TXN_2d8dbccd8664,ACC_128ab58c56c9,False,False,False,normal,
TXN_f590a83a161d,ACC_128ab58c56c9,False,False,False,normal,
TXN_a1ca4c0cbf4c,ACC_128ab58c56c9,False,False,False,normal,
TXN_74bd54df2d10,ACC_128ab58c56c9,False,False,False,normal,
TXN_a28d7f166bf6,ACC_128ab58c56c9,False,False,False,normal,
TXN_f6083fb5d6f4,ACC_128ab58c56c9,False,False,False,normal,
TXN_20660f7205d0,ACC_128ab58c56c9,False,False,False,normal,
TXN_1e65b926e2dc,ACC_128ab58c56c9,False,False,False,normal,
TXN_651ad33f3683,ACC_128ab58c56c9,False,False,False,normal,
TXN_2a4e8a521932,ACC_9c3c0389b714,False,False,False,normal,
TXN_d86014198487,ACC_9c3c0389b714,False,False,False,normal,
TXN_58c20f726f49,ACC_9c3c0389b714,False,False,False,normal,
TXN_ccd6f66febe9,ACC_9c3c0389b714,False,False,False,normal,
TXN_d4262490f04b,ACC_9c3c0389b714,False,False,False,normal,
TXN_2b872b951eb6,ACC_9c3c0389b714,False,False,False,normal,
TXN_976cf28994e5,ACC_9c3c0389b714,False,False,False,normal,
TXN_0a9a371867e2,ACC_9c3c0389b714,False,False,False,normal,
TXN_7cc2ae3b4a0a,ACC_9c3c0389b714,False,False,False,normal,
TXN_f63a4824d670,ACC_9c3c0389b714,False,False,False,normal,
TXN_9a0a8e7a7d1d,ACC_0a4fb57ba8fc,False,False,False,normal,
TXN_d3b3cffc6d42,ACC_0a4fb57ba8fc,False,False,False,normal,
TXN_4a15429660a1,ACC_0a4fb57ba8fc,False,False,False,normal,
TXN_e34f858f4d4b,ACC_0a4fb57ba8fc,False,False,False,normal,
TXN_652484d0ca5f,ACC_0a4fb57ba8fc,False,False,False,normal,
TXN_c4bf57c5584e,ACC_0a4fb57ba8fc,False,False,False,normal,
TXN_301abca7bc84,ACC_0a4fb57ba8fc,False,False,False,normal,
TXN_5e0f5b666448,ACC_0a4fb57ba8fc,False,False,False,normal,
TXN_0415748e6541,ACC_0a4fb57ba8fc,False,False,False,normal,
TXN_a3608375fa31,ACC_0a4fb57ba8fc,False,False,False,normal,
TXN_7407b378f4b9,ACC_2ef92ba4a5ad,False,False,False,normal,
TXN_7bde82502054,ACC_2ef92ba4a5ad,False,False,False,normal,
TXN_b29488937c1d,ACC_2ef92ba4a5ad,False,False,False,normal,
TXN_8081086f23aa,ACC_2ef92ba4a5ad,False,False,False,normal,
TXN_f73d646fb021,ACC_2ef92ba4a5ad,False,False,False,normal,
TXN_b01f6333195e,ACC_2ef92ba4a5ad,False,False,False,normal,
TXN_7c8bed832dbd,ACC_2ef92ba4a5ad,False,False,False,normal,
TXN_10f4e20e6e94,ACC_2ef92ba4a5ad,False,False,False,normal,
TXN_6f78b4065053,ACC_2ef92ba4a5ad,False,False,False,normal,
TXN_60806f6ec0ec,ACC_2ef92ba4a5ad,False,False,False,normal,
TXN_a5a14f0eb3ad,ACC_5afc1a6f1aa4,False,False,False,normal,
TXN_10405290a80d,ACC_5afc1a6f1aa4,False,False,False,normal,
TXN_5d6c507022d3,ACC_5afc1a6f1aa4,False,False,False,normal,
TXN_2105d56cfc36,ACC_5afc1a6f1aa4,False,False,False,normal,
TXN_7811758bff18,ACC_5afc1a6f1aa4,False,False,False,normal,
TXN_ebc4595adf5c,ACC_5afc1a6f1aa4,False,False,False,normal,
TXN_8a071967b253,ACC_5afc1a6f1aa4,False,False,False,normal,
TXN_738ccf38795c,ACC_5afc1a6f1aa4,False,False,False,normal,
TXN_764b7ff0158d,ACC_5afc1a6f1aa4,False,False,False,normal,
TXN_9ab892acf463,ACC_5afc1a6f1aa4,False,False,False,normal,
TXN_d0636945bbfd,ACC_12c8360d3919,False,False,False,normal,
TXN_f9cb9a45a370,ACC_12c8360d3919,False,False,False,normal,
TXN_3158eb1e738b,ACC_12c8360d3919,False,False,False,normal,
TXN_df292265bb3d,ACC_12c8360d3919,False,False,False,normal,
TXN_039b4bcadb23,ACC_12c8360d3919,False,False,False,normal,
TXN_acf3124ff8f2,ACC_12c8360d3919,False,False,False,normal,
TXN_192480bb917a,ACC_12c8360d3919,False,False,False,normal,
TXN_c36375c27464,ACC_12c8360d3919,False,False,False,normal,
TXN_b1f3608644cf,ACC_12c8360d3919,False,False,False,normal,
TXN_b821400ae5a7,ACC_12c8360d3919,False,False,False,normal,
TXN_355524769836,ACC_e2ccd258b4d2,False,False,False,normal,
TXN_a019c7fe2719,ACC_e2ccd258b4d2,False,False,False,normal,
TXN_f597da79697a,ACC_e2ccd258b4d2,False,False,False,normal,
TXN_92ecf61aec21,ACC_e2ccd258b4d2,False,False,False,normal,
TXN_6e3fb2e76321,ACC_e2ccd258b4d2,False,False,False,normal,
TXN_e890162f9145,ACC_e2ccd258b4d2,False,False,False,normal,
TXN_30bc95d08bcd,ACC_e2ccd258b4d2,False,False,False,normal,
TXN_f227774e837d,ACC_e2ccd258b4d2,False,False,False,normal,
TXN_cd76211cf92b,ACC_e2ccd258b4d2,False,False,False,normal,
TXN_a41732ce88c7,ACC_e2ccd258b4d2,False,False,False,normal,
TXN_fb7ad866fb2d,ACC_a1a0809169ad,False,False,False,normal,
TXN_4bfcc1f8f1be,ACC_a1a0809169ad,False,False,False,normal,
TXN_3a5ec344431c,ACC_a1a0809169ad,False,False,False,normal,
TXN_726209a70c0b,ACC_a1a0809169ad,False,False,False,normal,
TXN_aa521dffa370,ACC_a1a0809169ad,False,False,False,normal,
TXN_90aa032f0460,ACC_a1a0809169ad,False,False,False,normal,
TXN_3938d974ed13,ACC_a1a0809169ad,False,False,False,normal,
TXN_dc18d33b1aaa,ACC_a1a0809169ad,False,False,False,normal,
TXN_0340e9546cf5,ACC_a1a0809169ad,False,False,False,normal,
TXN_15a2ee56a694,ACC_a1a0809169ad,False,False,False,normal,
TXN_f2934cb2191f,ACC_af2dadfa3560,False,False,False,normal,
TXN_8316af46507b,ACC_af2dadfa3560,False,False,False,normal,
TXN_778d40c8d8d3,ACC_af2dadfa3560,False,False,False,normal,
TXN_6c5b61c93f74,ACC_af2dadfa3560,False,False,False,normal,
TXN_f4ad68381109,ACC_af2dadfa3560,False,False,False,normal,
TXN_7451b47616a2,ACC_af2dadfa3560,False,False,False,normal,
TXN_73081456d327,ACC_af2dadfa3560,False,False,False,normal,
TXN_e2c109508933,ACC_af2dadfa3560,False,False,False,normal,
TXN_d37eccf29ac5,ACC_af2dadfa3560,False,False,False,normal,
TXN_c485cdd07810,ACC_af2dadfa3560,False,False,False,normal,
TXN_d126eb3b880e,ACC_78a7216e2bce,False,False,False,normal,
TXN_e5f2f01df997,ACC_78a7216e2bce,False,False,False,normal,
TXN_ffcd6e5b1722,ACC_78a7216e2bce,False,False,False,normal,
TXN_889ed33e8895,ACC_78a7216e2bce,False,False,False,normal,
TXN_3f41a474d51a,ACC_78a7216e2bce,False,False,False,normal,
TXN_b7a5f6ceee8d,ACC_78a7216e2bce,False,False,False,normal,
TXN_bf04ea0e43a2,ACC_78a7216e2bce,False,False,False,normal,
TXN_49cfbf8a9df0,ACC_78a7216e2bce,False,False,False,normal,
TXN_4e639068b133,ACC_78a7216e2bce,False,False,False,normal,
TXN_daf58aecdc7b,ACC_78a7216e2bce,False,False,False,normal,
TXN_7f8a28ab8734,ACC_3f7f991f099d,False,False,False,normal,
TXN_a91dff11b800,ACC_3f7f991f099d,False,False,False,normal,
TXN_94ced14eb3e6,ACC_3f7f991f099d,False,False,False,normal,
TXN_d98bb633a89b,ACC_3f7f991f099d,False,False,False,normal,
TXN_875a7ba66a9e,ACC_3f7f991f099d,False,False,False,normal,
TXN_6a51b2f323b4,ACC_3f7f991f099d,False,False,False,normal,
TXN_a64b46ccb141,ACC_3f7f991f099d,False,False,False,normal,
TXN_d6ab77507851,ACC_3f7f991f099d,False,False,False,normal,
TXN_21ddcf3da8de,ACC_3f7f991f099d,False,False,False,normal,
TXN_24ebd566012e,ACC_3f7f991f099d,False,False,False,normal,
TXN_ba8eef5d2815,ACC_0b4036e68156,False,False,False,normal,
TXN_e0c0b95b7bec,ACC_0b4036e68156,False,False,False,normal,
TXN_ae0f4f401c58,ACC_0b4036e68156,False,False,False,normal,
TXN_56a8ab4559b2,ACC_0b4036e68156,False,False,False,normal,
TXN_2705eb7b7b3f,ACC_0b4036e68156,False,False,False,normal,
TXN_e798bad09106,ACC_0b4036e68156,False,False,False,normal,
TXN_da563f16b286,ACC_0b4036e68156,False,False,False,normal,
TXN_fa24c7cd589d,ACC_0b4036e68156,False,False,False,normal,
TXN_9c4ae448d869,ACC_0b4036e68156,False,False,False,normal,
TXN_08e87533e6cf,ACC_0b4036e68156,False,False,False,normal,
TXN_b7690ec189e2,ACC_39496d27a94a,False,False,False,normal,
TXN_8d5f1baf9c28,ACC_39496d27a94a,False,False,False,normal,
TXN_3030e4e0ea48,ACC_39496d27a94a,False,False,False,normal,
TXN_4661c1506ed6,ACC_39496d27a94a,False,False,False,normal,
TXN_6047414ca732,ACC_39496d27a94a,False,False,False,normal,
TXN_a1048b8a5e44,ACC_39496d27a94a,False,False,False,normal,
TXN_e0a13c5e9fd4,ACC_39496d27a94a,False,False,False,normal,
TXN_c1d9f1ea6f9a,ACC_39496d27a94a,False,False,False,normal,
TXN_fa0c52e55845,ACC_39496d27a94a,False,False,False,normal,
TXN_db73bc6cffe9,ACC_39496d27a94a,False,False,False,normal,
TXN_e002ef5473b1,ACC_dd35ac4a4ae1,False,False,False,normal,
TXN_8279b1306dc6,ACC_dd35ac4a4ae1,False,False,False,normal,
TXN_d7b01b7d5c40,ACC_dd35ac4a4ae1,False,False,False,normal,
TXN_982e5e5221ab,ACC_dd35ac4a4ae1,False,False,False,normal,
TXN_32b68237e1fc,ACC_dd35ac4a4ae1,False,False,False,normal,
TXN_3bb89ca08aba,ACC_dd35ac4a4ae1,False,False,False,normal,
TXN_77709148c89c,ACC_dd35ac4a4ae1,False,False,False,normal,
TXN_4c70018aeb40,ACC_dd35ac4a4ae1,False,False,False,normal,
TXN_3963247dbcd9,ACC_dd35ac4a4ae1,False,False,False,normal,
TXN_f2a5e98a3ca3,ACC_dd35ac4a4ae1,False,False,False,normal,
TXN_9960ed7325ce,ACC_1a5930afbbc0,False,False,False,normal,
TXN_add5aea15f9b,ACC_1a5930afbbc0,False,False,False,normal,
TXN_2d7c3cb545da,ACC_1a5930afbbc0,False,False,False,normal,
TXN_fe117dc898b4,ACC_1a5930afbbc0,False,False,False,normal,
TXN_a14443eef2cb,ACC_1a5930afbbc0,False,False,False,normal,
TXN_7b4e45c5c881,ACC_1a5930afbbc0,False,False,False,normal,
TXN_9c5180d8e4c9,ACC_1a5930afbbc0,False,False,False,normal,
TXN_023fadfb7a9c,ACC_1a5930afbbc0,False,False,False,normal,
TXN_9a4ecdc8da6a,ACC_1a5930afbbc0,False,False,False,normal,
TXN_857bcb54dd1f,ACC_1a5930afbbc0,False,False,False,normal,
TXN_5d997583597f,ACC_eff9e8bac835,False,False,False,normal,
TXN_98ea9f0799c3,ACC_eff9e8bac835,False,False,False,normal,
TXN_4a2532bc2ab9,ACC_eff9e8bac835,False,False,False,normal,
TXN_5e7d2bad7452,ACC_eff9e8bac835,False,False,False,normal,
TXN_df293ca1d8e3,ACC_eff9e8bac835,False,False,False,normal,
TXN_cd717057003c,ACC_eff9e8bac835,False,False,False,normal,
TXN_c6f8889cf83e,ACC_eff9e8bac835,False,False,False,normal,
TXN_0d7a95fc4e9e,ACC_eff9e8bac835,False,False,False,normal,
TXN_925c87ab8310,ACC_eff9e8bac835,False,False,False,normal,
TXN_189cb38ce38e,ACC_eff9e8bac835,False,False,False,normal,
TXN_b61ed9becba6,ACC_325018fa3001,False,False,False,normal,
TXN_410487cf0809,ACC_325018fa3001,False,False,False,normal,
TXN_0d95ebb2c003,ACC_325018fa3001,False,False,False,normal,
TXN_3ccfc67ee766,ACC_325018fa3001,False,False,False,normal,
TXN_daa12bf9e738,ACC_325018fa3001,False,False,False,normal,
TXN_88cfaaf74e27,ACC_325018fa3001,False,False,False,normal,
TXN_b4fb354bd612,ACC_325018fa3001,False,False,False,normal,
TXN_05c99406e8ab,ACC_325018fa3001,False,False,False,normal,
TXN_e614df2000d0,ACC_325018fa3001,False,False,False,normal,
TXN_d13e25259ff2,ACC_325018fa3001,False,False,False,normal,
TXN_4b8084aa57c2,ACC_7c15bbf7dfa5,False,False,False,normal,
TXN_6ae5d815cfef,ACC_7c15bbf7dfa5,False,False,False,normal,
TXN_fca418837455,ACC_7c15bbf7dfa5,False,False,False,normal,
TXN_2f8ab5de8cb7,ACC_7c15bbf7dfa5,False,False,False,normal,
TXN_4f9598ef695d,ACC_7c15bbf7dfa5,False,False,False,normal,
TXN_44df72a0c95f,ACC_7c15bbf7dfa5,False,False,False,normal,
TXN_9084c3e7ffec,ACC_7c15bbf7dfa5,False,False,False,normal,
TXN_81d7fa1f0082,ACC_7c15bbf7dfa5,False,False,False,normal,
TXN_69ceb498335c,ACC_7c15bbf7dfa5,False,False,False,normal,
TXN_8fe3ccd4b2a7,ACC_7c15bbf7dfa5,False,False,False,normal,
TXN_11f0aefa785f,ACC_ff20dc3e909f,True,False,True,fraud_ring,RING_010
TXN_f81bd9037593,ACC_ff20dc3e909f,True,False,True,fraud_ring,RING_010
TXN_af29ea4e5024,ACC_ff20dc3e909f,True,False,True,fraud_ring,RING_010
TXN_a7576857b86a,ACC_ff20dc3e909f,True,False,True,fraud_ring,RING_010
TXN_33056a3f46f5,ACC_ff20dc3e909f,True,False,True,fraud_ring,RING_010
TXN_ae347ff6cb93,ACC_ff20dc3e909f,True,False,True,fraud_ring,RING_010
TXN_bf286ea6746a,ACC_ff20dc3e909f,True,False,True,fraud_ring,RING_010
TXN_fce03d7eeef5,ACC_ff20dc3e909f,True,False,True,fraud_ring,RING_010
TXN_b295f039c16f,ACC_ff20dc3e909f,True,False,True,fraud_ring,RING_010
TXN_783fcb45c526,ACC_ff20dc3e909f,True,False,True,fraud_ring,RING_010
TXN_ded5e77c5332,ACC_9919af84c948,False,False,False,normal,
TXN_b66b8e8ef03e,ACC_9919af84c948,False,False,False,normal,
TXN_b69be932b0a2,ACC_9919af84c948,False,False,False,normal,
TXN_aa0c5ac8aa16,ACC_9919af84c948,False,False,False,normal,
TXN_3b964b505ec3,ACC_9919af84c948,False,False,False,normal,
TXN_4079975c1df5,ACC_9919af84c948,False,False,False,normal,
TXN_3c3d5a115fac,ACC_9919af84c948,False,False,False,normal,
TXN_0c044df07515,ACC_9919af84c948,False,False,False,normal,
TXN_7db6af65aea4,ACC_9919af84c948,False,False,False,normal,
TXN_d0baee82f1a4,ACC_9919af84c948,False,False,False,normal,
TXN_bddc8db75c8e,ACC_417771369605,False,False,False,normal,
TXN_9a70b4c7daed,ACC_417771369605,False,False,False,normal,
TXN_069e61c27e58,ACC_417771369605,False,False,False,normal,
TXN_7e77bc7c1b35,ACC_417771369605,False,False,False,normal,
TXN_16a1ca3cf488,ACC_417771369605,False,False,False,normal,
TXN_c976993b812e,ACC_417771369605,False,False,False,normal,
TXN_b80e57a6bdcb,ACC_417771369605,False,False,False,normal,
TXN_4c3f16cc69fd,ACC_417771369605,False,False,False,normal,
TXN_be836278e2f8,ACC_417771369605,False,False,False,normal,
TXN_776660d3b5d2,ACC_417771369605,False,False,False,normal,
TXN_27647ce77985,ACC_30211aad3912,False,False,False,normal,
TXN_bb2ac1de5d02,ACC_30211aad3912,False,False,False,normal,
TXN_71cb9e30385d,ACC_30211aad3912,False,False,False,normal,
TXN_ad6251d9c258,ACC_30211aad3912,False,False,False,normal,
TXN_827b5a649212,ACC_30211aad3912,False,False,False,normal,
TXN_2b9375060225,ACC_30211aad3912,False,False,False,normal,
TXN_69840892631e,ACC_30211aad3912,False,False,False,normal,
TXN_d5fd984f1399,ACC_30211aad3912,False,False,False,normal,
TXN_676718a3150e,ACC_30211aad3912,False,False,False,normal,
TXN_9ed8c9cc6b84,ACC_30211aad3912,False,False,False,normal,
TXN_707f06704e93,ACC_14e9b371e78e,False,False,False,normal,
TXN_c8270dc7b118,ACC_14e9b371e78e,False,False,False,normal,
TXN_65ba0104a84f,ACC_14e9b371e78e,False,False,False,normal,
TXN_b9e53954a238,ACC_14e9b371e78e,False,False,False,normal,
TXN_c5d2036787a6,ACC_14e9b371e78e,False,False,False,normal,
TXN_2ce0c7d25f34,ACC_14e9b371e78e,False,False,False,normal,
TXN_7cd53771fef3,ACC_14e9b371e78e,False,False,False,normal,
TXN_48a23471b61c,ACC_14e9b371e78e,False,False,False,normal,
TXN_dda0eb25b12c,ACC_14e9b371e78e,False,False,False,normal,
TXN_b778316e40b6,ACC_14e9b371e78e,False,False,False,normal,
TXN_c514e92d0c9c,ACC_05987e27cefc,False,False,False,normal,
TXN_95653427f1b6,ACC_05987e27cefc,False,False,False,normal,
TXN_0846c4769125,ACC_05987e27cefc,False,False,False,normal,
TXN_4f2eefcea1e0,ACC_05987e27cefc,False,False,False,normal,
TXN_fc6151e12638,ACC_05987e27cefc,False,False,False,normal,
TXN_280e6683e45d,ACC_05987e27cefc,False,False,False,normal,
TXN_2e8dd2923175,ACC_05987e27cefc,False,False,False,normal,
TXN_ceef970a06e3,ACC_05987e27cefc,False,False,False,normal,
TXN_7ff6e3963fb8,ACC_05987e27cefc,False,False,False,normal,
TXN_599ee62b2be9,ACC_05987e27cefc,False,False,False,normal,
TXN_5ee71cfcd3a1,ACC_346f761b62f1,False,False,False,normal,
TXN_e890d796e87d,ACC_346f761b62f1,False,False,False,normal,
TXN_d7f6e63ed445,ACC_346f761b62f1,False,False,False,normal,
TXN_a5fd6a37f67e,ACC_346f761b62f1,False,False,False,normal,
TXN_f2a00e8fd1bd,ACC_346f761b62f1,False,False,False,normal,
TXN_8939c1bcf235,ACC_346f761b62f1,False,False,False,normal,
TXN_9ec3fcfdefe6,ACC_346f761b62f1,False,False,False,normal,
TXN_99db293e5df8,ACC_346f761b62f1,False,False,False,normal,
TXN_90174feb46d1,ACC_346f761b62f1,False,False,False,normal,
TXN_d2f946b2f7dd,ACC_346f761b62f1,False,False,False,normal,
TXN_8bc7c4ffee49,ACC_4446991e1d51,False,False,False,normal,
TXN_a3e81bf6b148,ACC_4446991e1d51,False,False,False,normal,
TXN_87d56fb887a6,ACC_4446991e1d51,False,False,False,normal,
TXN_363c3f740c9e,ACC_4446991e1d51,False,False,False,normal,
TXN_2ec87e1d5896,ACC_4446991e1d51,False,False,False,normal,
TXN_124fafce942d,ACC_4446991e1d51,False,False,False,normal,
TXN_b589c3dcf22e,ACC_4446991e1d51,False,False,False,normal,
TXN_941d157cada1,ACC_4446991e1d51,False,False,False,normal,
TXN_fbb9602fe14f,ACC_4446991e1d51,False,False,False,normal,
TXN_860bf8ecff73,ACC_4446991e1d51,False,False,False,normal,
TXN_6007fb4d4143,ACC_9266e21ec509,False,True,True,behavioral_anomaly,
TXN_e1899ed6fca0,ACC_9266e21ec509,False,True,True,behavioral_anomaly,
TXN_4d94b5f57818,ACC_9266e21ec509,False,True,True,behavioral_anomaly,
TXN_fb0af2e3c568,ACC_9266e21ec509,False,True,True,behavioral_anomaly,
TXN_0046a0068bb6,ACC_9266e21ec509,False,True,True,behavioral_anomaly,
TXN_f850a3cb1185,ACC_9266e21ec509,False,True,True,behavioral_anomaly,
TXN_4a465dd99f4a,ACC_9266e21ec509,False,True,True,behavioral_anomaly,
TXN_72e029c27bf4,ACC_9266e21ec509,False,True,True,behavioral_anomaly,
TXN_175eacc6fa71,ACC_9266e21ec509,False,True,True,behavioral_anomaly,
TXN_10de8b046770,ACC_9266e21ec509,False,True,True,behavioral_anomaly,
TXN_a5566aa8697f,ACC_4a989bf6c2fb,False,True,True,behavioral_anomaly,
TXN_7d8f2cdf80c4,ACC_4a989bf6c2fb,False,True,True,behavioral_anomaly,
TXN_ce00606ea201,ACC_4a989bf6c2fb,False,True,True,behavioral_anomaly,
TXN_90944d82b0ea,ACC_4a989bf6c2fb,False,True,True,behavioral_anomaly,
TXN_6a9202e4931c,ACC_4a989bf6c2fb,False,True,True,behavioral_anomaly,
TXN_08e2a8163883,ACC_4a989bf6c2fb,False,True,True,behavioral_anomaly,
TXN_c6eed3ef33f4,ACC_4a989bf6c2fb,False,True,True,behavioral_anomaly,
TXN_72b1e5c95d97,ACC_4a989bf6c2fb,False,True,True,behavioral_anomaly,
TXN_da34a47a6d96,ACC_4a989bf6c2fb,False,True,True,behavioral_anomaly,
TXN_46abae67fc40,ACC_4a989bf6c2fb,False,True,True,behavioral_anomaly,
TXN_7426d3b7cb24,ACC_ffee3a645e7f,False,False,False,normal,
TXN_f9e40dd834d0,ACC_ffee3a645e7f,False,False,False,normal,
TXN_63666b169067,ACC_ffee3a645e7f,False,False,False,normal,
TXN_feb2449bc9c0,ACC_ffee3a645e7f,False,False,False,normal,
TXN_3d023c9a05f2,ACC_ffee3a645e7f,False,False,False,normal,
TXN_e31b7e9fa493,ACC_ffee3a645e7f,False,False,False,normal,
TXN_6c06547e0843,ACC_ffee3a645e7f,False,False,False,normal,
TXN_74e555f9094a,ACC_ffee3a645e7f,False,False,False,normal,
TXN_86fbcef49a39,ACC_ffee3a645e7f,False,False,False,normal,
TXN_b999a98f4945,ACC_ffee3a645e7f,False,False,False,normal,
TXN_b48825f88b58,ACC_5e7991da0008,False,False,False,normal,
TXN_b7fc6a0dfcb5,ACC_5e7991da0008,False,False,False,normal,
TXN_bcd0b0a1ffd0,ACC_5e7991da0008,False,False,False,normal,
TXN_34a04200740c,ACC_5e7991da0008,False,False,False,normal,
TXN_4f262135f17d,ACC_5e7991da0008,False,False,False,normal,
TXN_bf86761f1800,ACC_5e7991da0008,False,False,False,normal,
TXN_3c509aa1b3da,ACC_5e7991da0008,False,False,False,normal,
TXN_144ec7af7425,ACC_5e7991da0008,False,False,False,normal,
TXN_4ad43e082102,ACC_5e7991da0008,False,False,False,normal,
TXN_8bc8430c978d,ACC_5e7991da0008,False,False,False,normal,
TXN_888ff3c3051f,ACC_93eb5c62ee91,False,False,False,normal,
TXN_0ed51644d02e,ACC_93eb5c62ee91,False,False,False,normal,
TXN_2a996f45c536,ACC_93eb5c62ee91,False,False,False,normal,
TXN_a38540a5b368,ACC_93eb5c62ee91,False,False,False,normal,
TXN_2df830bcdfdb,ACC_93eb5c62ee91,False,False,False,normal,
TXN_ce18601f1620,ACC_93eb5c62ee91,False,False,False,normal,
TXN_584e4e3214cd,ACC_93eb5c62ee91,False,False,False,normal,
TXN_6e6d45364860,ACC_93eb5c62ee91,False,False,False,normal,
TXN_24e17a6d70af,ACC_93eb5c62ee91,False,False,False,normal,
TXN_fefc5e6c1d19,ACC_93eb5c62ee91,False,False,False,normal,
TXN_931196bb402d,ACC_dea52aee2fc7,False,False,False,normal,
TXN_dbda90653751,ACC_dea52aee2fc7,False,False,False,normal,
TXN_5d717bc09cbd,ACC_dea52aee2fc7,False,False,False,normal,
TXN_1ecb11fc6db2,ACC_dea52aee2fc7,False,False,False,normal,
TXN_acf4b9ac3da3,ACC_dea52aee2fc7,False,False,False,normal,
TXN_fb3bd1d1c217,ACC_dea52aee2fc7,False,False,False,normal,
TXN_cd8b1c0db637,ACC_dea52aee2fc7,False,False,False,normal,
TXN_46c1f0d192c3,ACC_dea52aee2fc7,False,False,False,normal,
TXN_44731ca08975,ACC_dea52aee2fc7,False,False,False,normal,
TXN_a1f9db26f3ad,ACC_dea52aee2fc7,False,False,False,normal,
TXN_ce9926a2239b,ACC_cd733e1ae6dd,False,False,False,normal,
TXN_b959562b506b,ACC_cd733e1ae6dd,False,False,False,normal,
TXN_fbdef70e14d3,ACC_cd733e1ae6dd,False,False,False,normal,
TXN_5880fdfa36c0,ACC_cd733e1ae6dd,False,False,False,normal,
TXN_0146a8bd8eb9,ACC_cd733e1ae6dd,False,False,False,normal,
TXN_688ece5327c0,ACC_cd733e1ae6dd,False,False,False,normal,
TXN_bd627d21c239,ACC_cd733e1ae6dd,False,False,False,normal,
TXN_eecb13ddd676,ACC_cd733e1ae6dd,False,False,False,normal,
TXN_b20f7dd18c5b,ACC_cd733e1ae6dd,False,False,False,normal,
TXN_fefb146e6366,ACC_cd733e1ae6dd,False,False,False,normal,
TXN_3f29f6251f79,ACC_0ae9c88a908c,False,False,False,normal,
TXN_c1897c5fb685,ACC_0ae9c88a908c,False,False,False,normal,
TXN_8eefb5bc5f77,ACC_0ae9c88a908c,False,False,False,normal,
TXN_bb6733f054a9,ACC_0ae9c88a908c,False,False,False,normal,
TXN_be508e0a733b,ACC_0ae9c88a908c,False,False,False,normal,
TXN_60ce5c74bbb2,ACC_0ae9c88a908c,False,False,False,normal,
TXN_ec6d6bb476c0,ACC_0ae9c88a908c,False,False,False,normal,
TXN_ef8ba491c460,ACC_0ae9c88a908c,False,False,False,normal,
TXN_92e157211f44,ACC_0ae9c88a908c,False,False,False,normal,
TXN_12b3c37eeb5c,ACC_0ae9c88a908c,False,False,False,normal,
TXN_6c49dca4197c,ACC_2e15532c2990,False,False,False,normal,
TXN_826fb707984f,ACC_2e15532c2990,False,False,False,normal,
TXN_f8ef5ca9542b,ACC_2e15532c2990,False,False,False,normal,
TXN_7677c0e08197,ACC_2e15532c2990,False,False,False,normal,
TXN_dce57b96ee98,ACC_2e15532c2990,False,False,False,normal,
TXN_9b6604fa84e8,ACC_2e15532c2990,False,False,False,normal,
TXN_0cb4985f0880,ACC_2e15532c2990,False,False,False,normal,
TXN_5f3c3a59af29,ACC_2e15532c2990,False,False,False,normal,
TXN_e652ed0628bf,ACC_2e15532c2990,False,False,False,normal,
TXN_a90970e703c6,ACC_2e15532c2990,False,False,False,normal,
TXN_d8e105b66e6f,ACC_c287d61b97c6,False,False,False,normal,
TXN_4d8e1151cef9,ACC_c287d61b97c6,False,False,False,normal,
TXN_ca366121b29a,ACC_c287d61b97c6,False,False,False,normal,
TXN_e64d61d56961,ACC_c287d61b97c6,False,False,False,normal,
TXN_20c0489115b8,ACC_c287d61b97c6,False,False,False,normal,
TXN_2aa0c5a41029,ACC_c287d61b97c6,False,False,False,normal,
TXN_77680ac4bda7,ACC_c287d61b97c6,False,False,False,normal,
TXN_7442d88b021b,ACC_c287d61b97c6,False,False,False,normal,
TXN_3ab2aceb2d7b,ACC_c287d61b97c6,False,False,False,normal,
TXN_90a5954793bb,ACC_c287d61b97c6,False,False,False,normal,
TXN_4381c7e8e34f,ACC_12653805cad6,False,False,False,normal,
TXN_c739feb44877,ACC_12653805cad6,False,False,False,normal,
TXN_f82f46236d23,ACC_12653805cad6,False,False,False,normal,
TXN_6a92121e87ad,ACC_12653805cad6,False,False,False,normal,
TXN_693573850362,ACC_12653805cad6,False,False,False,normal,
TXN_0510e1c90de2,ACC_12653805cad6,False,False,False,normal,
TXN_c2d47a4be271,ACC_12653805cad6,False,False,False,normal,
TXN_fa183bd8b872,ACC_12653805cad6,False,False,False,normal,
TXN_a79d269043da,ACC_12653805cad6,False,False,False,normal,
TXN_23053c34097b,ACC_12653805cad6,False,False,False,normal,
TXN_7fc21adca16e,ACC_444ae6700454,False,True,True,behavioral_anomaly,
TXN_d2f8ec265b9e,ACC_444ae6700454,False,True,True,behavioral_anomaly,
TXN_ae356f5e5837,ACC_444ae6700454,False,True,True,behavioral_anomaly,
TXN_437a53f11b7f,ACC_444ae6700454,False,True,True,behavioral_anomaly,
TXN_e4126df6eb4e,ACC_444ae6700454,False,True,True,behavioral_anomaly,
TXN_f171adae8115,ACC_444ae6700454,False,True,True,behavioral_anomaly,
TXN_d67f3c001b26,ACC_444ae6700454,False,True,True,behavioral_anomaly,
TXN_710e301617e5,ACC_444ae6700454,False,True,True,behavioral_anomaly,
TXN_aec577227916,ACC_444ae6700454,False,True,True,behavioral_anomaly,
TXN_98b6ecbb5f84,ACC_444ae6700454,False,True,True,behavioral_anomaly,
TXN_a0abf3dafd54,ACC_42f479d69f0b,False,False,False,normal,
TXN_94ad853d16c5,ACC_42f479d69f0b,False,False,False,normal,
TXN_344ff4bb722c,ACC_42f479d69f0b,False,False,False,normal,
TXN_fb389050846d,ACC_42f479d69f0b,False,False,False,normal,
TXN_5867abdc317d,ACC_42f479d69f0b,False,False,False,normal,
TXN_4cd8ec153269,ACC_42f479d69f0b,False,False,False,normal,
TXN_3521afdca1d6,ACC_42f479d69f0b,False,False,False,normal,
TXN_2735d46bb16a,ACC_42f479d69f0b,False,False,False,normal,
TXN_4f8791aa9171,ACC_42f479d69f0b,False,False,False,normal,
TXN_27af62b5842c,ACC_42f479d69f0b,False,False,False,normal,
TXN_e19552804069,ACC_1c136ef59ea7,False,False,False,normal,
TXN_fe63be074d49,ACC_1c136ef59ea7,False,False,False,normal,
TXN_c5676d832a6e,ACC_1c136ef59ea7,False,False,False,normal,
TXN_383419252087,ACC_1c136ef59ea7,False,False,False,normal,
TXN_20d42112dbc6,ACC_1c136ef59ea7,False,False,False,normal,
TXN_3f6af23d2d78,ACC_1c136ef59ea7,False,False,False,normal,
TXN_e6fd9a700fdf,ACC_1c136ef59ea7,False,False,False,normal,
TXN_89bbb7592c19,ACC_1c136ef59ea7,False,False,False,normal,
TXN_a94c1b8a381c,ACC_1c136ef59ea7,False,False,False,normal,
TXN_86c66300b034,ACC_1c136ef59ea7,False,False,False,normal,
TXN_94c40b3c21d0,ACC_b4931817c297,False,False,False,normal,
TXN_706581ff134e,ACC_b4931817c297,False,False,False,normal,
TXN_4f9ee89d13d4,ACC_b4931817c297,False,False,False,normal,
TXN_49ab90d8fe3f,ACC_b4931817c297,False,False,False,normal,
TXN_40665353e473,ACC_b4931817c297,False,False,False,normal,
TXN_b211045c8500,ACC_b4931817c297,False,False,False,normal,
TXN_c8b9b2cead61,ACC_b4931817c297,False,False,False,normal,
TXN_68dc0a20e669,ACC_b4931817c297,False,False,False,normal,
TXN_85d4c1485374,ACC_b4931817c297,False,False,False,normal,
TXN_758ce086c5db,ACC_b4931817c297,False,False,False,normal,
TXN_45a2c98543c9,ACC_231acf0c5c7d,False,False,False,normal,
TXN_40b15118201d,ACC_231acf0c5c7d,False,False,False,normal,
TXN_0facd6103388,ACC_231acf0c5c7d,False,False,False,normal,
TXN_be58b5d5586c,ACC_231acf0c5c7d,False,False,False,normal,
TXN_67631a443bb7,ACC_231acf0c5c7d,False,False,False,normal,
TXN_05943a463bb6,ACC_231acf0c5c7d,False,False,False,normal,
TXN_05a413331e3b,ACC_231acf0c5c7d,False,False,False,normal,
TXN_e214af7ff424,ACC_231acf0c5c7d,False,False,False,normal,
TXN_eb01b9c3dc1d,ACC_231acf0c5c7d,False,False,False,normal,
TXN_a7970313097b,ACC_231acf0c5c7d,False,False,False,normal,
TXN_1dc82b9079f6,ACC_88b8b605bcf9,False,False,False,normal,
TXN_698b6b85b871,ACC_88b8b605bcf9,False,False,False,normal,
TXN_7b2b8ab0c7d7,ACC_88b8b605bcf9,False,False,False,normal,
TXN_a59bea980157,ACC_88b8b605bcf9,False,False,False,normal,
TXN_e860bd6c2cd9,ACC_88b8b605bcf9,False,False,False,normal,
TXN_cc217cf12939,ACC_88b8b605bcf9,False,False,False,normal,
TXN_083e65ef4891,ACC_88b8b605bcf9,False,False,False,normal,
TXN_3b4ae0e61885,ACC_88b8b605bcf9,False,False,False,normal,
TXN_79a630cf8539,ACC_88b8b605bcf9,False,False,False,normal,
TXN_afa7a4c6a08d,ACC_88b8b605bcf9,False,False,False,normal,
TXN_8e31052a7b16,ACC_4e47f6ceeb21,False,False,False,normal,
TXN_e7ea26d64572,ACC_4e47f6ceeb21,False,False,False,normal,
TXN_e50a85c9cc7b,ACC_4e47f6ceeb21,False,False,False,normal,
TXN_e565ce38a1ce,ACC_4e47f6ceeb21,False,False,False,normal,
TXN_c298d4da4466,ACC_4e47f6ceeb21,False,False,False,normal,
TXN_f4be536c5d9f,ACC_4e47f6ceeb21,False,False,False,normal,
TXN_bbb17c004ab4,ACC_4e47f6ceeb21,False,False,False,normal,
TXN_a9951e389a05,ACC_4e47f6ceeb21,False,False,False,normal,
TXN_ea93db430311,ACC_4e47f6ceeb21,False,False,False,normal,
TXN_9a1ce170d3fd,ACC_4e47f6ceeb21,False,False,False,normal,
TXN_1113ca6bad8e,ACC_3c7868b81168,False,False,False,normal,
TXN_19b31b5cc7bf,ACC_3c7868b81168,False,False,False,normal,
TXN_ffdf81d19081,ACC_3c7868b81168,False,False,False,normal,
TXN_64f5bd568105,ACC_3c7868b81168,False,False,False,normal,
TXN_f9532f424019,ACC_3c7868b81168,False,False,False,normal,
TXN_4e2d871adf43,ACC_3c7868b81168,False,False,False,normal,
TXN_6a612c4afc29,ACC_3c7868b81168,False,False,False,normal,
TXN_290a4dd5808f,ACC_3c7868b81168,False,False,False,normal,
TXN_3fb4c7a6ff46,ACC_3c7868b81168,False,False,False,normal,
TXN_7fe18ca51a99,ACC_3c7868b81168,False,False,False,normal,
TXN_78aead970cc2,ACC_c8483e193a9b,False,False,False,normal,
TXN_25b96333a0f6,ACC_c8483e193a9b,False,False,False,normal,
TXN_46b549696cc4,ACC_c8483e193a9b,False,False,False,normal,
TXN_8112836e0d71,ACC_c8483e193a9b,False,False,False,normal,
TXN_7a7a8111363c,ACC_c8483e193a9b,False,False,False,normal,
TXN_e6db5f98425a,ACC_c8483e193a9b,False,False,False,normal,
TXN_0940190d1827,ACC_c8483e193a9b,False,False,False,normal,
TXN_f9b81c25d147,ACC_c8483e193a9b,False,False,False,normal,
TXN_76a3767fea02,ACC_c8483e193a9b,False,False,False,normal,
TXN_89788a7962e1,ACC_c8483e193a9b,False,False,False,normal,
TXN_d78b2119d420,ACC_41fbbd518ae0,False,False,False,normal,
TXN_6cf4b3517d64,ACC_41fbbd518ae0,False,False,False,normal,
TXN_87f849ef339c,ACC_41fbbd518ae0,False,False,False,normal,
TXN_38c80defea40,ACC_41fbbd518ae0,False,False,False,normal,
TXN_0bee22809603,ACC_41fbbd518ae0,False,False,False,normal,
TXN_18a4d0cec874,ACC_41fbbd518ae0,False,False,False,normal,
TXN_c2b3de68148d,ACC_41fbbd518ae0,False,False,False,normal,
TXN_f930b6f389e3,ACC_41fbbd518ae0,False,False,False,normal,
TXN_4facbab09e3b,ACC_41fbbd518ae0,False,False,False,normal,
TXN_677bc644cf6e,ACC_41fbbd518ae0,False,False,False,normal,
TXN_d6bb8913b3e4,ACC_7eab6ef2fb8c,False,False,False,normal,
TXN_10035c8718e1,ACC_7eab6ef2fb8c,False,False,False,normal,
TXN_55c265565453,ACC_7eab6ef2fb8c,False,False,False,normal,
TXN_2c5eefa282af,ACC_7eab6ef2fb8c,False,False,False,normal,
TXN_b1e3517e8ef5,ACC_7eab6ef2fb8c,False,False,False,normal,
TXN_bcb6a6f5ec95,ACC_7eab6ef2fb8c,False,False,False,normal,
TXN_d33737734cc3,ACC_7eab6ef2fb8c,False,False,False,normal,
TXN_4864b62f5614,ACC_7eab6ef2fb8c,False,False,False,normal,
TXN_7e9bcb2e8b00,ACC_7eab6ef2fb8c,False,False,False,normal,
TXN_c8befd34867c,ACC_7eab6ef2fb8c,False,False,False,normal,
TXN_297f4c78f2f8,ACC_08d8b1d7a8f2,False,False,False,normal,
TXN_f77602cfb7b4,ACC_08d8b1d7a8f2,False,False,False,normal,
TXN_297c89c8d67a,ACC_08d8b1d7a8f2,False,False,False,normal,
TXN_a7ef0ac07180,ACC_08d8b1d7a8f2,False,False,False,normal,
TXN_1ac537764ccf,ACC_08d8b1d7a8f2,False,False,False,normal,
TXN_9c3201e82d6f,ACC_08d8b1d7a8f2,False,False,False,normal,
TXN_467230ef38b2,ACC_08d8b1d7a8f2,False,False,False,normal,
TXN_07c9eb49dfed,ACC_08d8b1d7a8f2,False,False,False,normal,
TXN_0787dea74ecc,ACC_08d8b1d7a8f2,False,False,False,normal,
TXN_82568606c797,ACC_08d8b1d7a8f2,False,False,False,normal,
TXN_1d3e326c9948,ACC_144a61e1d518,False,False,False,normal,
TXN_528404f4b3f7,ACC_144a61e1d518,False,False,False,normal,
TXN_a094dbe6547f,ACC_144a61e1d518,False,False,False,normal,
TXN_7e46a9a9f808,ACC_144a61e1d518,False,False,False,normal,
TXN_0c71e1ed0f2e,ACC_144a61e1d518,False,False,False,normal,
TXN_92327fbeab0f,ACC_144a61e1d518,False,False,False,normal,
TXN_82a0dd1a6907,ACC_144a61e1d518,False,False,False,normal,
TXN_828b238901aa,ACC_144a61e1d518,False,False,False,normal,
TXN_083a8314d320,ACC_144a61e1d518,False,False,False,normal,
TXN_17a5a12f662c,ACC_144a61e1d518,False,False,False,normal,
TXN_d259f8fbc29f,ACC_94396748db90,False,False,False,normal,
TXN_1d5dfc77c2a9,ACC_94396748db90,False,False,False,normal,
TXN_7e55af895ca5,ACC_94396748db90,False,False,False,normal,
TXN_ef9588a4519d,ACC_94396748db90,False,False,False,normal,
TXN_9636fda3130d,ACC_94396748db90,False,False,False,normal,
TXN_50a41980e533,ACC_94396748db90,False,False,False,normal,
TXN_763c8cf2605c,ACC_94396748db90,False,False,False,normal,
TXN_473d112a458c,ACC_94396748db90,False,False,False,normal,
TXN_5bd27928d35f,ACC_94396748db90,False,False,False,normal,
TXN_ca5a5de896e4,ACC_94396748db90,False,False,False,normal,
TXN_71a2467f2b45,ACC_c3e6589a1d12,False,True,True,behavioral_anomaly,
TXN_165ebf239eea,ACC_c3e6589a1d12,False,True,True,behavioral_anomaly,
TXN_d660a92ec423,ACC_c3e6589a1d12,False,True,True,behavioral_anomaly,
TXN_d3cde515baca,ACC_c3e6589a1d12,False,True,True,behavioral_anomaly,
TXN_33458d29674a,ACC_c3e6589a1d12,False,True,True,behavioral_anomaly,
TXN_c9552b7ce6d9,ACC_c3e6589a1d12,False,True,True,behavioral_anomaly,
TXN_498a0c2458c9,ACC_c3e6589a1d12,False,True,True,behavioral_anomaly,
TXN_d3d26f5d6f88,ACC_c3e6589a1d12,False,True,True,behavioral_anomaly,
TXN_d2640a80d4c2,ACC_c3e6589a1d12,False,True,True,behavioral_anomaly,
TXN_446cdff886b5,ACC_c3e6589a1d12,False,True,True,behavioral_anomaly,
TXN_3b043c0e775b,ACC_a045d069863f,False,False,False,normal,
TXN_a9854c238c7b,ACC_a045d069863f,False,False,False,normal,
TXN_f41688230e62,ACC_a045d069863f,False,False,False,normal,
TXN_fe646cf99ef5,ACC_a045d069863f,False,False,False,normal,
TXN_ebd3cfdfd273,ACC_a045d069863f,False,False,False,normal,
TXN_0aef2ebd6f92,ACC_a045d069863f,False,False,False,normal,
TXN_625b81c935c9,ACC_a045d069863f,False,False,False,normal,
TXN_9afacb6f64cf,ACC_a045d069863f,False,False,False,normal,
TXN_3f59071640fc,ACC_a045d069863f,False,False,False,normal,
TXN_2600f7d543f2,ACC_a045d069863f,False,False,False,normal,
TXN_fe584e99e1b9,ACC_f62f4ef68a9f,False,False,False,normal,
TXN_237f42d594ec,ACC_f62f4ef68a9f,False,False,False,normal,
TXN_ce0779502b7d,ACC_f62f4ef68a9f,False,False,False,normal,
TXN_f2b0352ed828,ACC_f62f4ef68a9f,False,False,False,normal,
TXN_d651b3c4bdb2,ACC_f62f4ef68a9f,False,False,False,normal,
TXN_dadba1724c5c,ACC_f62f4ef68a9f,False,False,False,normal,
TXN_8b94c25c810f,ACC_f62f4ef68a9f,False,False,False,normal,
TXN_bb39c0d7f704,ACC_f62f4ef68a9f,False,False,False,normal,
TXN_df7b8df35361,ACC_f62f4ef68a9f,False,False,False,normal,
TXN_abc8b91b3414,ACC_f62f4ef68a9f,False,False,False,normal,
TXN_c6aaf0fb4c49,ACC_253d4e4876aa,False,False,False,normal,
TXN_e60d509e8fff,ACC_253d4e4876aa,False,False,False,normal,
TXN_3939733d7388,ACC_253d4e4876aa,False,False,False,normal,
TXN_b83a81984d1a,ACC_253d4e4876aa,False,False,False,normal,
TXN_893365421199,ACC_253d4e4876aa,False,False,False,normal,
TXN_1417ea08840e,ACC_253d4e4876aa,False,False,False,normal,
TXN_a7775c62e3ba,ACC_253d4e4876aa,False,False,False,normal,
TXN_3f9cdfea1065,ACC_253d4e4876aa,False,False,False,normal,
TXN_45b2953bd33a,ACC_253d4e4876aa,False,False,False,normal,
TXN_b20879892c34,ACC_253d4e4876aa,False,False,False,normal,
TXN_52f44134ea61,ACC_1a494e3c1b9b,False,False,False,normal,
TXN_f5ec73f8a093,ACC_1a494e3c1b9b,False,False,False,normal,
TXN_653adcdc8fe7,ACC_1a494e3c1b9b,False,False,False,normal,
TXN_fcd1c30175dc,ACC_1a494e3c1b9b,False,False,False,normal,
TXN_0586e1d73f26,ACC_1a494e3c1b9b,False,False,False,normal,
TXN_a3c53d53e7f1,ACC_1a494e3c1b9b,False,False,False,normal,
TXN_096bf3702f82,ACC_1a494e3c1b9b,False,False,False,normal,
TXN_e13b9b3a6eef,ACC_1a494e3c1b9b,False,False,False,normal,
TXN_6d9a639b3689,ACC_1a494e3c1b9b,False,False,False,normal,
TXN_3d6d0e97b05d,ACC_1a494e3c1b9b,False,False,False,normal,
TXN_2a6badeb385b,ACC_25af5b3688db,True,False,True,fraud_ring,RING_005
TXN_9af55c25e207,ACC_25af5b3688db,True,False,True,fraud_ring,RING_005
TXN_2e5c9b0cfd54,ACC_25af5b3688db,True,False,True,fraud_ring,RING_005
TXN_8e22a94817b5,ACC_25af5b3688db,True,False,True,fraud_ring,RING_005
TXN_75ad8d966c6c,ACC_25af5b3688db,True,False,True,fraud_ring,RING_005
TXN_9cf38528bd4e,ACC_25af5b3688db,True,False,True,fraud_ring,RING_005
TXN_ad0f549efdd5,ACC_25af5b3688db,True,False,True,fraud_ring,RING_005
TXN_7cff7ac77a36,ACC_25af5b3688db,True,False,True,fraud_ring,RING_005
TXN_40ad2b7ce899,ACC_25af5b3688db,True,False,True,fraud_ring,RING_005
TXN_065d2716f0e1,ACC_25af5b3688db,True,False,True,fraud_ring,RING_005
TXN_977356021c45,ACC_688cd493da54,False,False,False,normal,
TXN_494ff9a86b9e,ACC_688cd493da54,False,False,False,normal,
TXN_ef6945f929a4,ACC_688cd493da54,False,False,False,normal,
TXN_87e6446bc772,ACC_688cd493da54,False,False,False,normal,
TXN_5c7f0facc614,ACC_688cd493da54,False,False,False,normal,
TXN_f8f081606b7d,ACC_688cd493da54,False,False,False,normal,
TXN_3330df713164,ACC_688cd493da54,False,False,False,normal,
TXN_bc7714d6529f,ACC_688cd493da54,False,False,False,normal,
TXN_8fc1d93b3d02,ACC_688cd493da54,False,False,False,normal,
TXN_154227b7dad0,ACC_688cd493da54,False,False,False,normal,
TXN_9173e592e089,ACC_d0d1309cb6a3,False,False,False,normal,
TXN_3f9acbb766f7,ACC_d0d1309cb6a3,False,False,False,normal,
TXN_d22a244c4615,ACC_d0d1309cb6a3,False,False,False,normal,
TXN_4b1d363c325f,ACC_d0d1309cb6a3,False,False,False,normal,
TXN_f51cfd75da81,ACC_d0d1309cb6a3,False,False,False,normal,
TXN_42951aa739e8,ACC_d0d1309cb6a3,False,False,False,normal,
TXN_728c6b883c89,ACC_d0d1309cb6a3,False,False,False,normal,
TXN_bc4a30d82428,ACC_d0d1309cb6a3,False,False,False,normal,
TXN_cbbcae6788b3,ACC_d0d1309cb6a3,False,False,False,normal,
TXN_5025f1261b2a,ACC_d0d1309cb6a3,False,False,False,normal,
TXN_121fdf5c0433,ACC_a527c969b10d,True,False,True,fraud_ring,RING_001
TXN_e56007140fd6,ACC_a527c969b10d,True,False,True,fraud_ring,RING_001
TXN_175711600e03,ACC_a527c969b10d,True,False,True,fraud_ring,RING_001
TXN_0fe55f282496,ACC_a527c969b10d,True,False,True,fraud_ring,RING_001
TXN_d8ba2f1c0c76,ACC_a527c969b10d,True,False,True,fraud_ring,RING_001
TXN_4ebf9369dcc1,ACC_a527c969b10d,True,False,True,fraud_ring,RING_001
TXN_8ac805f2d072,ACC_a527c969b10d,True,False,True,fraud_ring,RING_001
TXN_2b965e2d9acc,ACC_a527c969b10d,True,False,True,fraud_ring,RING_001
TXN_1fb3bc6c48cd,ACC_a527c969b10d,True,False,True,fraud_ring,RING_001
TXN_468a02a66530,ACC_a527c969b10d,True,False,True,fraud_ring,RING_001
TXN_666ad89a6403,ACC_f9738929f9fb,False,False,False,normal,
TXN_8b730200ed07,ACC_f9738929f9fb,False,False,False,normal,
TXN_26a10593c702,ACC_f9738929f9fb,False,False,False,normal,
TXN_cad5875f2203,ACC_f9738929f9fb,False,False,False,normal,
TXN_0a50a03fb36b,ACC_f9738929f9fb,False,False,False,normal,
TXN_92eb9c209724,ACC_f9738929f9fb,False,False,False,normal,
TXN_583d89c397be,ACC_f9738929f9fb,False,False,False,normal,
TXN_2b0b4e92311a,ACC_f9738929f9fb,False,False,False,normal,
TXN_63f0541e5762,ACC_f9738929f9fb,False,False,False,normal,
TXN_5d3c72788861,ACC_f9738929f9fb,False,False,False,normal,
TXN_0e4eef80f04d,ACC_1afc7928bca0,False,False,False,normal,
TXN_797e2c73e73c,ACC_1afc7928bca0,False,False,False,normal,
TXN_a4b61dce9e7b,ACC_1afc7928bca0,False,False,False,normal,
TXN_3d694015651b,ACC_1afc7928bca0,False,False,False,normal,
TXN_0589aa19e8f2,ACC_1afc7928bca0,False,False,False,normal,
TXN_8732a20687bf,ACC_1afc7928bca0,False,False,False,normal,
TXN_baf1c97bbf3e,ACC_1afc7928bca0,False,False,False,normal,
TXN_20ae5fbbd5a5,ACC_1afc7928bca0,False,False,False,normal,
TXN_027346481271,ACC_1afc7928bca0,False,False,False,normal,
TXN_3c035f80b2b9,ACC_1afc7928bca0,False,False,False,normal,
TXN_1e07eefb8868,ACC_e7623a688e72,False,False,False,normal,
TXN_941292cd91d0,ACC_e7623a688e72,False,False,False,normal,
TXN_fef9e33dca4f,ACC_e7623a688e72,False,False,False,normal,
TXN_dc9b191c42fb,ACC_e7623a688e72,False,False,False,normal,
TXN_7445632a1c38,ACC_e7623a688e72,False,False,False,normal,
TXN_351152375a6b,ACC_e7623a688e72,False,False,False,normal,
TXN_56b1c01246b2,ACC_e7623a688e72,False,False,False,normal,
TXN_cbea49a475f6,ACC_e7623a688e72,False,False,False,normal,
TXN_bb742345ba75,ACC_e7623a688e72,False,False,False,normal,
TXN_3e213b1e13ae,ACC_e7623a688e72,False,False,False,normal,
TXN_867c09761030,ACC_f9920bd586d9,False,False,False,normal,
TXN_665b666f64e4,ACC_f9920bd586d9,False,False,False,normal,
TXN_1b5874309881,ACC_f9920bd586d9,False,False,False,normal,
TXN_8e215cc1118c,ACC_f9920bd586d9,False,False,False,normal,
TXN_a0f3db700021,ACC_f9920bd586d9,False,False,False,normal,
TXN_6917ebbc9008,ACC_f9920bd586d9,False,False,False,normal,
TXN_970c239a8ccc,ACC_f9920bd586d9,False,False,False,normal,
TXN_c49d9d76a127,ACC_f9920bd586d9,False,False,False,normal,
TXN_c0b5784ae156,ACC_f9920bd586d9,False,False,False,normal,
TXN_9b6fefce4dc1,ACC_f9920bd586d9,False,False,False,normal,
TXN_4f483322d9d4,ACC_5f9e958df276,False,False,False,normal,
TXN_10c56e8df724,ACC_5f9e958df276,False,False,False,normal,
TXN_cd3979a099a7,ACC_5f9e958df276,False,False,False,normal,
TXN_447a8c14f6a1,ACC_5f9e958df276,False,False,False,normal,
TXN_dc68206cf5b0,ACC_5f9e958df276,False,False,False,normal,
TXN_f324f9bff6bc,ACC_5f9e958df276,False,False,False,normal,
TXN_8e300f3dc505,ACC_5f9e958df276,False,False,False,normal,
TXN_164d8b51715e,ACC_5f9e958df276,False,False,False,normal,
TXN_a5ce2dc3b7fe,ACC_5f9e958df276,False,False,False,normal,
TXN_57e55f8ecc1d,ACC_5f9e958df276,False,False,False,normal,
TXN_77ee5ee9fd2a,ACC_b63ffd106f66,False,False,False,normal,
TXN_ad84175c6763,ACC_b63ffd106f66,False,False,False,normal,
TXN_67b0b48a60b3,ACC_b63ffd106f66,False,False,False,normal,
TXN_8d5927858d80,ACC_b63ffd106f66,False,False,False,normal,
TXN_65bb1d1e3738,ACC_b63ffd106f66,False,False,False,normal,
TXN_6eee01daf008,ACC_b63ffd106f66,False,False,False,normal,
TXN_31d3d751b499,ACC_b63ffd106f66,False,False,False,normal,
TXN_fa782db1de52,ACC_b63ffd106f66,False,False,False,normal,
TXN_35b1f28abff5,ACC_b63ffd106f66,False,False,False,normal,
TXN_4304a69d8177,ACC_b63ffd106f66,False,False,False,normal,
TXN_f887ac8382b0,ACC_e52bf3d3c7db,False,False,False,normal,
TXN_1bbdad5cc997,ACC_e52bf3d3c7db,False,False,False,normal,
TXN_106054ca6870,ACC_e52bf3d3c7db,False,False,False,normal,
TXN_6676bda54396,ACC_e52bf3d3c7db,False,False,False,normal,
TXN_b2ff71c97a0f,ACC_e52bf3d3c7db,False,False,False,normal,
TXN_997d75caace1,ACC_e52bf3d3c7db,False,False,False,normal,
TXN_85888433d4f8,ACC_e52bf3d3c7db,False,False,False,normal,
TXN_455b8cb5fe73,ACC_e52bf3d3c7db,False,False,False,normal,
TXN_2f5d9f8a7af3,ACC_e52bf3d3c7db,False,False,False,normal,
TXN_ff4ef1a65d43,ACC_e52bf3d3c7db,False,False,False,normal,
TXN_68dda35408b8,ACC_d10dc0e87491,False,False,False,normal,
TXN_e757096a1b9d,ACC_d10dc0e87491,False,False,False,normal,
TXN_c4f5fb923503,ACC_d10dc0e87491,False,False,False,normal,
TXN_ca4cc1f92c6b,ACC_d10dc0e87491,False,False,False,normal,
TXN_b6c50664fa5f,ACC_d10dc0e87491,False,False,False,normal,
TXN_03c19ed0f6be,ACC_d10dc0e87491,False,False,False,normal,
TXN_d8b43066b77a,ACC_d10dc0e87491,False,False,False,normal,
TXN_0692e8e46182,ACC_d10dc0e87491,False,False,False,normal,
TXN_ec12e327dce0,ACC_d10dc0e87491,False,False,False,normal,
TXN_c77939527a85,ACC_d10dc0e87491,False,False,False,normal,
TXN_831c8c17d8d6,ACC_6f4601d98ba4,False,False,False,normal,
TXN_4563cb12e8c9,ACC_6f4601d98ba4,False,False,False,normal,
TXN_0440cec59f66,ACC_6f4601d98ba4,False,False,False,normal,
TXN_d985760f6ece,ACC_6f4601d98ba4,False,False,False,normal,
TXN_19e767eb62e1,ACC_6f4601d98ba4,False,False,False,normal,
TXN_e41a69dcd3bd,ACC_6f4601d98ba4,False,False,False,normal,
TXN_c1fa933205fb,ACC_6f4601d98ba4,False,False,False,normal,
TXN_23779160d04c,ACC_6f4601d98ba4,False,False,False,normal,
TXN_2beb198397b5,ACC_6f4601d98ba4,False,False,False,normal,
TXN_b45acc9f4d9b,ACC_6f4601d98ba4,False,False,False,normal,
TXN_ad5d8d28c725,ACC_d2580cbef118,False,False,False,normal,
TXN_d3265309ff46,ACC_d2580cbef118,False,False,False,normal,
TXN_1c091be442fd,ACC_d2580cbef118,False,False,False,normal,
TXN_8371bd1b81f4,ACC_d2580cbef118,False,False,False,normal,
TXN_86b89e6f9330,ACC_d2580cbef118,False,False,False,normal,
TXN_86e1f01b94e5,ACC_d2580cbef118,False,False,False,normal,
TXN_b65e57cf44bc,ACC_d2580cbef118,False,False,False,normal,
TXN_8f8a9bbc3e19,ACC_d2580cbef118,False,False,False,normal,
TXN_03bf0b9fd24c,ACC_d2580cbef118,False,False,False,normal,
TXN_c3d6979fa6f2,ACC_d2580cbef118,False,False,False,normal,
TXN_f335ea11a02e,ACC_48fc163fc287,True,False,True,fraud_ring,RING_005
TXN_99e37f75795c,ACC_48fc163fc287,True,False,True,fraud_ring,RING_005
TXN_d39ca4d0c628,ACC_48fc163fc287,True,False,True,fraud_ring,RING_005
TXN_9d2759021335,ACC_48fc163fc287,True,False,True,fraud_ring,RING_005
TXN_e11de0efe23e,ACC_48fc163fc287,True,False,True,fraud_ring,RING_005
TXN_78753da2190f,ACC_48fc163fc287,True,False,True,fraud_ring,RING_005
TXN_78255f37b7db,ACC_48fc163fc287,True,False,True,fraud_ring,RING_005
TXN_ba4b975525eb,ACC_48fc163fc287,True,False,True,fraud_ring,RING_005
TXN_6d5479e4ddab,ACC_48fc163fc287,True,False,True,fraud_ring,RING_005
TXN_5cfaf47a8aeb,ACC_48fc163fc287,True,False,True,fraud_ring,RING_005
TXN_9e605481c024,ACC_eabb2f407af4,False,False,False,normal,
TXN_2eed5af9d5f7,ACC_eabb2f407af4,False,False,False,normal,
TXN_66e349dc4d42,ACC_eabb2f407af4,False,False,False,normal,
TXN_bbfdd9739369,ACC_eabb2f407af4,False,False,False,normal,
TXN_43a5b24e1bf0,ACC_eabb2f407af4,False,False,False,normal,
TXN_4fef2cfd451e,ACC_eabb2f407af4,False,False,False,normal,
TXN_9d33ad956977,ACC_eabb2f407af4,False,False,False,normal,
TXN_0be4fbb8392a,ACC_eabb2f407af4,False,False,False,normal,
TXN_626a5807db17,ACC_eabb2f407af4,False,False,False,normal,
TXN_b825faa922ca,ACC_eabb2f407af4,False,False,False,normal,
TXN_1b8e3d1c9c09,ACC_4ddfecb3f8ab,False,False,False,normal,
TXN_3800ade1c978,ACC_4ddfecb3f8ab,False,False,False,normal,
TXN_a93d5cd2f4f7,ACC_4ddfecb3f8ab,False,False,False,normal,
TXN_624bc3f0aa85,ACC_4ddfecb3f8ab,False,False,False,normal,
TXN_85e4e86df4c3,ACC_4ddfecb3f8ab,False,False,False,normal,
TXN_087679ebbbc9,ACC_4ddfecb3f8ab,False,False,False,normal,
TXN_62abc2720f22,ACC_4ddfecb3f8ab,False,False,False,normal,
TXN_084a7db9ec2b,ACC_4ddfecb3f8ab,False,False,False,normal,
TXN_6fade2ab8f98,ACC_4ddfecb3f8ab,False,False,False,normal,
TXN_281126f00e87,ACC_4ddfecb3f8ab,False,False,False,normal,
TXN_dbbad13c0b57,ACC_a672b01c8079,False,False,False,normal,
TXN_da82b71c3a37,ACC_a672b01c8079,False,False,False,normal,
TXN_ced7254752d3,ACC_a672b01c8079,False,False,False,normal,
TXN_cf82414f29b4,ACC_a672b01c8079,False,False,False,normal,
TXN_7450d6a21867,ACC_a672b01c8079,False,False,False,normal,
TXN_c380d1e31593,ACC_a672b01c8079,False,False,False,normal,
TXN_4ed5b47943db,ACC_a672b01c8079,False,False,False,normal,
TXN_adef66a5d3ce,ACC_a672b01c8079,False,False,False,normal,
TXN_68d5b072141d,ACC_a672b01c8079,False,False,False,normal,
TXN_d98701bac398,ACC_a672b01c8079,False,False,False,normal,
TXN_780d32760cb6,ACC_cff78ec69f6b,False,False,False,normal,
TXN_0ef8c800c551,ACC_cff78ec69f6b,False,False,False,normal,
TXN_5a4ebfee48ad,ACC_cff78ec69f6b,False,False,False,normal,
TXN_87d17ef465bf,ACC_cff78ec69f6b,False,False,False,normal,
TXN_5db1a3104b30,ACC_cff78ec69f6b,False,False,False,normal,
TXN_50c90d3bc6eb,ACC_cff78ec69f6b,False,False,False,normal,
TXN_9def909445c4,ACC_cff78ec69f6b,False,False,False,normal,
TXN_c9963e88be1e,ACC_cff78ec69f6b,False,False,False,normal,
TXN_1880cb45f6ab,ACC_cff78ec69f6b,False,False,False,normal,
TXN_6b04eb927ede,ACC_cff78ec69f6b,False,False,False,normal,
TXN_bcc5f1494a87,ACC_2aed02ea1cd3,False,False,False,normal,
TXN_093e62bd2824,ACC_2aed02ea1cd3,False,False,False,normal,
TXN_d3ccb5c1eb64,ACC_2aed02ea1cd3,False,False,False,normal,
TXN_4d20598a19c1,ACC_2aed02ea1cd3,False,False,False,normal,
TXN_d8a65416334b,ACC_2aed02ea1cd3,False,False,False,normal,
TXN_ff104ca696fd,ACC_2aed02ea1cd3,False,False,False,normal,
TXN_c77d59284baa,ACC_2aed02ea1cd3,False,False,False,normal,
TXN_0d998e127640,ACC_2aed02ea1cd3,False,False,False,normal,
TXN_d1c56ee5fbf9,ACC_2aed02ea1cd3,False,False,False,normal,
TXN_fd5702a1ee65,ACC_2aed02ea1cd3,False,False,False,normal,
TXN_d09316b56947,ACC_cf535efc8212,False,False,False,normal,
TXN_c374363f3e57,ACC_cf535efc8212,False,False,False,normal,
TXN_d4e49bb3866f,ACC_cf535efc8212,False,False,False,normal,
TXN_2815d8dbe04e,ACC_cf535efc8212,False,False,False,normal,
TXN_7ac75624bbb0,ACC_cf535efc8212,False,False,False,normal,
TXN_30863f695a92,ACC_cf535efc8212,False,False,False,normal,
TXN_ab0cabc06048,ACC_cf535efc8212,False,False,False,normal,
TXN_349524f1ed0a,ACC_cf535efc8212,False,False,False,normal,
TXN_23d4c70d6ab8,ACC_cf535efc8212,False,False,False,normal,
TXN_9bc7eb53e658,ACC_cf535efc8212,False,False,False,normal,
TXN_a8ceb70c9c92,ACC_a6af13291475,False,False,False,normal,
TXN_635b8838692b,ACC_a6af13291475,False,False,False,normal,
TXN_6cfdaae532dd,ACC_a6af13291475,False,False,False,normal,
TXN_6a8790d639cf,ACC_a6af13291475,False,False,False,normal,
TXN_44d320e307f4,ACC_a6af13291475,False,False,False,normal,
TXN_1f3b3621de98,ACC_a6af13291475,False,False,False,normal,
TXN_a27ec23e9ff7,ACC_a6af13291475,False,False,False,normal,
TXN_2e3b65ce6121,ACC_a6af13291475,False,False,False,normal,
TXN_21cc88d6b1e9,ACC_a6af13291475,False,False,False,normal,
TXN_5e5a59491290,ACC_a6af13291475,False,False,False,normal,
TXN_030f6e6865b9,ACC_8d3d9215e543,False,False,False,normal,
TXN_3e154ee72236,ACC_8d3d9215e543,False,False,False,normal,
TXN_c4c6b4e359e9,ACC_8d3d9215e543,False,False,False,normal,
TXN_4c428597fac1,ACC_8d3d9215e543,False,False,False,normal,
TXN_2416e211fe2f,ACC_8d3d9215e543,False,False,False,normal,
TXN_49994ee45ded,ACC_8d3d9215e543,False,False,False,normal,
TXN_61b1db5fb31f,ACC_8d3d9215e543,False,False,False,normal,
TXN_ef8f549280e0,ACC_8d3d9215e543,False,False,False,normal,
TXN_b73c77f9e6ef,ACC_8d3d9215e543,False,False,False,normal,
TXN_1bef8ae75ca7,ACC_8d3d9215e543,False,False,False,normal,
TXN_d076e9952bad,ACC_fe1d2301e36e,False,False,False,normal,
TXN_e02c473ae974,ACC_fe1d2301e36e,False,False,False,normal,
TXN_75572f4bf8cd,ACC_fe1d2301e36e,False,False,False,normal,
TXN_7f4dfb1ac6b7,ACC_fe1d2301e36e,False,False,False,normal,
TXN_8aed56004630,ACC_fe1d2301e36e,False,False,False,normal,
TXN_eadc319962bf,ACC_fe1d2301e36e,False,False,False,normal,
TXN_6133233bd99f,ACC_fe1d2301e36e,False,False,False,normal,
TXN_d81441d80351,ACC_fe1d2301e36e,False,False,False,normal,
TXN_32e633393996,ACC_fe1d2301e36e,False,False,False,normal,
TXN_e3e9fd0a07d2,ACC_fe1d2301e36e,False,False,False,normal,
TXN_0d052c8ab96a,ACC_e7488490ac29,False,False,False,normal,
TXN_1d289288f50e,ACC_e7488490ac29,False,False,False,normal,
TXN_84de63d56bc3,ACC_e7488490ac29,False,False,False,normal,
TXN_8162b5fbc061,ACC_e7488490ac29,False,False,False,normal,
TXN_340a17397949,ACC_e7488490ac29,False,False,False,normal,
TXN_5adacb0d206a,ACC_e7488490ac29,False,False,False,normal,
TXN_1c5c4c27f372,ACC_e7488490ac29,False,False,False,normal,
TXN_3729dc266375,ACC_e7488490ac29,False,False,False,normal,
TXN_85eeab5d37ea,ACC_e7488490ac29,False,False,False,normal,
TXN_c2c8ef73a7e1,ACC_e7488490ac29,False,False,False,normal,
TXN_64f8b5909a7d,ACC_61ff20bda206,False,False,False,normal,
TXN_174f2fa802b3,ACC_61ff20bda206,False,False,False,normal,
TXN_cc13c050dcdc,ACC_61ff20bda206,False,False,False,normal,
TXN_e470d12921bf,ACC_61ff20bda206,False,False,False,normal,
TXN_9981a296e61d,ACC_61ff20bda206,False,False,False,normal,
TXN_baf49cf3fa21,ACC_61ff20bda206,False,False,False,normal,
TXN_e6c3f8b56c2a,ACC_61ff20bda206,False,False,False,normal,
TXN_81e5edd8cba8,ACC_61ff20bda206,False,False,False,normal,
TXN_17b3fc9a6c32,ACC_61ff20bda206,False,False,False,normal,
TXN_56a0aaed4121,ACC_61ff20bda206,False,False,False,normal,
TXN_737c883f3901,ACC_ef268ca8a270,False,False,False,normal,
TXN_e1e160a1c3f3,ACC_ef268ca8a270,False,False,False,normal,
TXN_54e4f9e5ca15,ACC_ef268ca8a270,False,False,False,normal,
TXN_6e3a9dfba9e1,ACC_ef268ca8a270,False,False,False,normal,
TXN_7039c3f75f3d,ACC_ef268ca8a270,False,False,False,normal,
TXN_959e7010f768,ACC_ef268ca8a270,False,False,False,normal,
TXN_4d721d2d5332,ACC_ef268ca8a270,False,False,False,normal,
TXN_141f5e4a215b,ACC_ef268ca8a270,False,False,False,normal,
TXN_7f88a7b41e3a,ACC_ef268ca8a270,False,False,False,normal,
TXN_1a471e99e198,ACC_ef268ca8a270,False,False,False,normal,
TXN_992bf307eb6c,ACC_0115b4d9167c,False,False,False,normal,
TXN_c8fe8a6e410e,ACC_0115b4d9167c,False,False,False,normal,
TXN_63896285e683,ACC_0115b4d9167c,False,False,False,normal,
TXN_9be35d739034,ACC_0115b4d9167c,False,False,False,normal,
TXN_81d5c0b00f89,ACC_0115b4d9167c,False,False,False,normal,
TXN_58b05cda3a8d,ACC_0115b4d9167c,False,False,False,normal,
TXN_81bb02e5737e,ACC_0115b4d9167c,False,False,False,normal,
TXN_1ea1d0774c8c,ACC_0115b4d9167c,False,False,False,normal,
TXN_cf870a5f356f,ACC_0115b4d9167c,False,False,False,normal,
TXN_089a8029ab5a,ACC_0115b4d9167c,False,False,False,normal,
TXN_5177e08d25d8,ACC_a1a39a8b33ac,False,True,True,behavioral_anomaly,
TXN_952bd21d3a11,ACC_a1a39a8b33ac,False,True,True,behavioral_anomaly,
TXN_96a9c3363a1d,ACC_a1a39a8b33ac,False,True,True,behavioral_anomaly,
TXN_3566676fbd63,ACC_a1a39a8b33ac,False,True,True,behavioral_anomaly,
TXN_0cea6720afef,ACC_a1a39a8b33ac,False,True,True,behavioral_anomaly,
TXN_6b31b7e018bf,ACC_a1a39a8b33ac,False,True,True,behavioral_anomaly,
TXN_5fb64d54a356,ACC_a1a39a8b33ac,False,True,True,behavioral_anomaly,
TXN_d3c7bcf32e46,ACC_a1a39a8b33ac,False,True,True,behavioral_anomaly,
TXN_7e28af379531,ACC_a1a39a8b33ac,False,True,True,behavioral_anomaly,
TXN_184ac5fb5fb2,ACC_a1a39a8b33ac,False,True,True,behavioral_anomaly,
TXN_e31739b69522,ACC_b0dac10c8ec7,False,False,False,normal,
TXN_add6ff6e8c80,ACC_b0dac10c8ec7,False,False,False,normal,
TXN_d1c612fcb095,ACC_b0dac10c8ec7,False,False,False,normal,
TXN_942146a53970,ACC_b0dac10c8ec7,False,False,False,normal,
TXN_a8035c5edbc3,ACC_b0dac10c8ec7,False,False,False,normal,
TXN_a1c99ab26ded,ACC_b0dac10c8ec7,False,False,False,normal,
TXN_0b759f0f132e,ACC_b0dac10c8ec7,False,False,False,normal,
TXN_09c33b3026b1,ACC_b0dac10c8ec7,False,False,False,normal,
TXN_10f4666538a9,ACC_b0dac10c8ec7,False,False,False,normal,
TXN_caa771739c6d,ACC_b0dac10c8ec7,False,False,False,normal,
TXN_a4cc9fa74739,ACC_37e59926b892,False,False,False,normal,
TXN_ab494b60a217,ACC_37e59926b892,False,False,False,normal,
TXN_bb5f746807ec,ACC_37e59926b892,False,False,False,normal,
TXN_04cc4d219718,ACC_37e59926b892,False,False,False,normal,
TXN_700b5632ce30,ACC_37e59926b892,False,False,False,normal,
TXN_fe25931d18be,ACC_37e59926b892,False,False,False,normal,
TXN_df69247a6839,ACC_37e59926b892,False,False,False,normal,
TXN_99ded35c7c6b,ACC_37e59926b892,False,False,False,normal,
TXN_a4b582dbcafd,ACC_37e59926b892,False,False,False,normal,
TXN_cfbd2f078c2c,ACC_37e59926b892,False,False,False,normal,
TXN_9a082b7af1e9,ACC_5065db8f779d,False,False,False,normal,
TXN_f417d85d1f3a,ACC_5065db8f779d,False,False,False,normal,
TXN_a55dc0ceef8c,ACC_5065db8f779d,False,False,False,normal,
TXN_9415f5b497cd,ACC_5065db8f779d,False,False,False,normal,
TXN_44a4e708e58d,ACC_5065db8f779d,False,False,False,normal,
TXN_09470753a7c7,ACC_5065db8f779d,False,False,False,normal,
TXN_d372a7bf7884,ACC_5065db8f779d,False,False,False,normal,
TXN_084cc7a196d8,ACC_5065db8f779d,False,False,False,normal,
TXN_c3d1fed763d0,ACC_5065db8f779d,False,False,False,normal,
TXN_7cf099488849,ACC_5065db8f779d,False,False,False,normal,
TXN_05a66934d996,ACC_6d9b08c2e938,False,False,False,normal,
TXN_86c9429ff04f,ACC_6d9b08c2e938,False,False,False,normal,
TXN_a0d0f30d8ef2,ACC_6d9b08c2e938,False,False,False,normal,
TXN_b0f1c9916aa1,ACC_6d9b08c2e938,False,False,False,normal,
TXN_441ae85b271b,ACC_6d9b08c2e938,False,False,False,normal,
TXN_bf6c8d0689aa,ACC_6d9b08c2e938,False,False,False,normal,
TXN_b2a96c43f6e2,ACC_6d9b08c2e938,False,False,False,normal,
TXN_c63d801f8a33,ACC_6d9b08c2e938,False,False,False,normal,
TXN_44e645ba532b,ACC_6d9b08c2e938,False,False,False,normal,
TXN_9928b65ca828,ACC_6d9b08c2e938,False,False,False,normal,
TXN_b137a7ea66da,ACC_800506f1eb07,False,False,False,normal,
TXN_7c3e2c0cc60d,ACC_800506f1eb07,False,False,False,normal,
TXN_5d5a4d7570d4,ACC_800506f1eb07,False,False,False,normal,
TXN_5d039fdeabcb,ACC_800506f1eb07,False,False,False,normal,
TXN_c8bf850cbdcf,ACC_800506f1eb07,False,False,False,normal,
TXN_a535c4f0e54f,ACC_800506f1eb07,False,False,False,normal,
TXN_086edd04fa71,ACC_800506f1eb07,False,False,False,normal,
TXN_b5e795b43373,ACC_800506f1eb07,False,False,False,normal,
TXN_5f329ece00f9,ACC_800506f1eb07,False,False,False,normal,
TXN_e9e782baf674,ACC_800506f1eb07,False,False,False,normal,
TXN_2b67fddcf60a,ACC_a812f8d2443a,False,False,False,normal,
TXN_9d68e8ad6665,ACC_a812f8d2443a,False,False,False,normal,
TXN_b72965d6cf27,ACC_a812f8d2443a,False,False,False,normal,
TXN_41d01c125fe6,ACC_a812f8d2443a,False,False,False,normal,
TXN_33cb6a28ca2e,ACC_a812f8d2443a,False,False,False,normal,
TXN_e1e9b7b70d3c,ACC_a812f8d2443a,False,False,False,normal,
TXN_7c4d6f85d243,ACC_a812f8d2443a,False,False,False,normal,
TXN_be8ea3a2d8e3,ACC_a812f8d2443a,False,False,False,normal,
TXN_1d869db71ff1,ACC_a812f8d2443a,False,False,False,normal,
TXN_8e53b32a5fbf,ACC_a812f8d2443a,False,False,False,normal,
TXN_151ea3428049,ACC_8a3063fce1f3,False,False,False,normal,
TXN_242c19dfa221,ACC_8a3063fce1f3,False,False,False,normal,
TXN_eeea8f8491ca,ACC_8a3063fce1f3,False,False,False,normal,
TXN_2122e89dd195,ACC_8a3063fce1f3,False,False,False,normal,
TXN_d696bf62df3c,ACC_8a3063fce1f3,False,False,False,normal,
TXN_b54c566d647c,ACC_8a3063fce1f3,False,False,False,normal,
TXN_b0ad66fb2211,ACC_8a3063fce1f3,False,False,False,normal,
TXN_a9b97850c4d4,ACC_8a3063fce1f3,False,False,False,normal,
TXN_9fefb93fb1ab,ACC_8a3063fce1f3,False,False,False,normal,
TXN_33bfd75edfb9,ACC_8a3063fce1f3,False,False,False,normal,
TXN_dca448cbb3de,ACC_fda475711959,False,False,False,normal,
TXN_3f4bdbf237ec,ACC_fda475711959,False,False,False,normal,
TXN_0340a0d545a2,ACC_fda475711959,False,False,False,normal,
TXN_29664a8c9c3e,ACC_fda475711959,False,False,False,normal,
TXN_3c7dba124022,ACC_fda475711959,False,False,False,normal,
TXN_fad191a8a4d7,ACC_fda475711959,False,False,False,normal,
TXN_0e428fd557d1,ACC_fda475711959,False,False,False,normal,
TXN_f40950f5ae6b,ACC_fda475711959,False,False,False,normal,
TXN_e3178db0dc21,ACC_fda475711959,False,False,False,normal,
TXN_e40be6f75fe6,ACC_fda475711959,False,False,False,normal,
TXN_5c918f82f997,ACC_5324830c6048,False,False,False,normal,
TXN_69ed72eb3a4f,ACC_5324830c6048,False,False,False,normal,
TXN_57f261146964,ACC_5324830c6048,False,False,False,normal,
TXN_0a3b3ed159e9,ACC_5324830c6048,False,False,False,normal,
TXN_737d243f8a18,ACC_5324830c6048,False,False,False,normal,
TXN_199015d05927,ACC_5324830c6048,False,False,False,normal,
TXN_feb3ee3532f9,ACC_5324830c6048,False,False,False,normal,
TXN_868bcf944d19,ACC_5324830c6048,False,False,False,normal,
TXN_fbb5d266a9e9,ACC_5324830c6048,False,False,False,normal,
TXN_05938edc7e41,ACC_5324830c6048,False,False,False,normal,
TXN_f788f28c6a1e,ACC_09cef1134a5b,True,False,True,fraud_ring,RING_008
TXN_acbe7982bd81,ACC_09cef1134a5b,True,False,True,fraud_ring,RING_008
TXN_fe429e0d76e2,ACC_09cef1134a5b,True,False,True,fraud_ring,RING_008
TXN_4cd5694ab0b3,ACC_09cef1134a5b,True,False,True,fraud_ring,RING_008
TXN_c3366226518f,ACC_09cef1134a5b,True,False,True,fraud_ring,RING_008
TXN_3dbc22a24b7f,ACC_09cef1134a5b,True,False,True,fraud_ring,RING_008
TXN_0e7c3f6123fd,ACC_09cef1134a5b,True,False,True,fraud_ring,RING_008
TXN_586e01178170,ACC_09cef1134a5b,True,False,True,fraud_ring,RING_008
TXN_52bab86ab0f7,ACC_09cef1134a5b,True,False,True,fraud_ring,RING_008
TXN_c0f384a0fef5,ACC_09cef1134a5b,True,False,True,fraud_ring,RING_008
TXN_0d62961b52dd,ACC_1af226a36e6e,False,False,False,normal,
TXN_a88be3ed7683,ACC_1af226a36e6e,False,False,False,normal,
TXN_7dc555c67025,ACC_1af226a36e6e,False,False,False,normal,
TXN_e873a292e6f7,ACC_1af226a36e6e,False,False,False,normal,
TXN_04c29ee644ed,ACC_1af226a36e6e,False,False,False,normal,
TXN_84468390794e,ACC_1af226a36e6e,False,False,False,normal,
TXN_4f2433644341,ACC_1af226a36e6e,False,False,False,normal,
TXN_2f15758d415d,ACC_1af226a36e6e,False,False,False,normal,
TXN_746241e65104,ACC_1af226a36e6e,False,False,False,normal,
TXN_4f8355df7101,ACC_1af226a36e6e,False,False,False,normal,
TXN_7e9b84ec7b80,ACC_16c9c34c2534,False,False,False,normal,
TXN_19ac6e493100,ACC_16c9c34c2534,False,False,False,normal,
TXN_e5f403dea7dd,ACC_16c9c34c2534,False,False,False,normal,
TXN_07dd03fd00f2,ACC_16c9c34c2534,False,False,False,normal,
TXN_e358f68bfca4,ACC_16c9c34c2534,False,False,False,normal,
TXN_0fc9c3c7e0c6,ACC_16c9c34c2534,False,False,False,normal,
TXN_c02494fbe8a8,ACC_16c9c34c2534,False,False,False,normal,
TXN_47d40711e2a0,ACC_16c9c34c2534,False,False,False,normal,
TXN_13188fb4bdbd,ACC_16c9c34c2534,False,False,False,normal,
TXN_aa716b21f1c8,ACC_16c9c34c2534,False,False,False,normal,
TXN_ddffdd94bc7f,ACC_b54f148aead7,False,False,False,normal,
TXN_f396e8865a62,ACC_b54f148aead7,False,False,False,normal,
TXN_a51065c2b792,ACC_b54f148aead7,False,False,False,normal,
TXN_88a729b8e0ce,ACC_b54f148aead7,False,False,False,normal,
TXN_d526860bc49a,ACC_b54f148aead7,False,False,False,normal,
TXN_157bbe2b464b,ACC_b54f148aead7,False,False,False,normal,
TXN_d7d0143abf91,ACC_b54f148aead7,False,False,False,normal,
TXN_350f7c0266a2,ACC_b54f148aead7,False,False,False,normal,
TXN_fdce02b25dd2,ACC_b54f148aead7,False,False,False,normal,
TXN_313bfa74d166,ACC_b54f148aead7,False,False,False,normal,
TXN_86bb0cc97a1f,ACC_092c019c5d7f,False,False,False,normal,
TXN_f42091417c25,ACC_092c019c5d7f,False,False,False,normal,
TXN_f96086348213,ACC_092c019c5d7f,False,False,False,normal,
TXN_f47454d5ca79,ACC_092c019c5d7f,False,False,False,normal,
TXN_e3c7a49cf86d,ACC_092c019c5d7f,False,False,False,normal,
TXN_70f092a90584,ACC_092c019c5d7f,False,False,False,normal,
TXN_171c24654d5e,ACC_092c019c5d7f,False,False,False,normal,
TXN_92364a2f0a51,ACC_092c019c5d7f,False,False,False,normal,
TXN_6f7c877dea51,ACC_092c019c5d7f,False,False,False,normal,
TXN_dc82399c211d,ACC_092c019c5d7f,False,False,False,normal,
TXN_ffc416ea96ce,ACC_971bdc17e2a4,False,False,False,normal,
TXN_64af46306b9c,ACC_971bdc17e2a4,False,False,False,normal,
TXN_0162c84821b8,ACC_971bdc17e2a4,False,False,False,normal,
TXN_5cdd45cae058,ACC_971bdc17e2a4,False,False,False,normal,
TXN_8c7a04312cd6,ACC_971bdc17e2a4,False,False,False,normal,
TXN_e4051ec15755,ACC_971bdc17e2a4,False,False,False,normal,
TXN_6ccfad796e5f,ACC_971bdc17e2a4,False,False,False,normal,
TXN_5e2460db714e,ACC_971bdc17e2a4,False,False,False,normal,
TXN_b30b874efa7a,ACC_971bdc17e2a4,False,False,False,normal,
TXN_c21e51f3acc0,ACC_971bdc17e2a4,False,False,False,normal,
TXN_cbc94997d7e4,ACC_193cf350d2f6,True,False,True,fraud_ring,RING_007
TXN_279d34f7bf37,ACC_193cf350d2f6,True,False,True,fraud_ring,RING_007
TXN_5bc0d192e4ee,ACC_193cf350d2f6,True,False,True,fraud_ring,RING_007
TXN_df9dcc3519d3,ACC_193cf350d2f6,True,False,True,fraud_ring,RING_007
TXN_e65a51366dd3,ACC_193cf350d2f6,True,False,True,fraud_ring,RING_007
TXN_2ca5c11f7d64,ACC_193cf350d2f6,True,False,True,fraud_ring,RING_007
TXN_c5adc8056b69,ACC_193cf350d2f6,True,False,True,fraud_ring,RING_007
TXN_b4772bf8ef51,ACC_193cf350d2f6,True,False,True,fraud_ring,RING_007
TXN_c190228c0393,ACC_193cf350d2f6,True,False,True,fraud_ring,RING_007
TXN_e143cba3d995,ACC_193cf350d2f6,True,False,True,fraud_ring,RING_007
TXN_f0b37a0190c8,ACC_9ac9c54f6be4,False,False,False,normal,
TXN_d913a132a819,ACC_9ac9c54f6be4,False,False,False,normal,
TXN_bdd2af935188,ACC_9ac9c54f6be4,False,False,False,normal,
TXN_b466a5b744f9,ACC_9ac9c54f6be4,False,False,False,normal,
TXN_31648b0af8f5,ACC_9ac9c54f6be4,False,False,False,normal,
TXN_5a14b3229572,ACC_9ac9c54f6be4,False,False,False,normal,
TXN_26329957d241,ACC_9ac9c54f6be4,False,False,False,normal,
TXN_ecaa5cb82f76,ACC_9ac9c54f6be4,False,False,False,normal,
TXN_5862df586139,ACC_9ac9c54f6be4,False,False,False,normal,
TXN_f8582e2512e1,ACC_9ac9c54f6be4,False,False,False,normal,
TXN_faf990430cc6,ACC_1ae1e38c643a,False,False,False,normal,
TXN_9287dba8e976,ACC_1ae1e38c643a,False,False,False,normal,
TXN_3caead3177ce,ACC_1ae1e38c643a,False,False,False,normal,
TXN_51cef7d84d2f,ACC_1ae1e38c643a,False,False,False,normal,
TXN_0428a731e952,ACC_1ae1e38c643a,False,False,False,normal,
TXN_f4bcdd4fa4ff,ACC_1ae1e38c643a,False,False,False,normal,
TXN_538be4f9ac02,ACC_1ae1e38c643a,False,False,False,normal,
TXN_8df571829d4a,ACC_1ae1e38c643a,False,False,False,normal,
TXN_93accd8b9871,ACC_1ae1e38c643a,False,False,False,normal,
TXN_4649e396d891,ACC_1ae1e38c643a,False,False,False,normal,
TXN_0b5e570c7f76,ACC_7d53c9b6534e,True,False,True,fraud_ring,RING_007
TXN_1ec0ad859f24,ACC_7d53c9b6534e,True,False,True,fraud_ring,RING_007
TXN_c4622e4d5410,ACC_7d53c9b6534e,True,False,True,fraud_ring,RING_007
TXN_d5c5432106e1,ACC_7d53c9b6534e,True,False,True,fraud_ring,RING_007
TXN_10e9130deded,ACC_7d53c9b6534e,True,False,True,fraud_ring,RING_007
TXN_a9da854492a5,ACC_7d53c9b6534e,True,False,True,fraud_ring,RING_007
TXN_04b3f78326cb,ACC_7d53c9b6534e,True,False,True,fraud_ring,RING_007
TXN_476d53eb0739,ACC_7d53c9b6534e,True,False,True,fraud_ring,RING_007
TXN_623525f47c5b,ACC_7d53c9b6534e,True,False,True,fraud_ring,RING_007
TXN_a6e40c572f06,ACC_7d53c9b6534e,True,False,True,fraud_ring,RING_007
TXN_38cc18e44315,ACC_5612a7a58128,False,False,False,normal,
TXN_35b84820f32f,ACC_5612a7a58128,False,False,False,normal,
TXN_9371cc3bae4a,ACC_5612a7a58128,False,False,False,normal,
TXN_0965d664f591,ACC_5612a7a58128,False,False,False,normal,
TXN_454595fcb681,ACC_5612a7a58128,False,False,False,normal,
TXN_ba2564b5cf06,ACC_5612a7a58128,False,False,False,normal,
TXN_ed188f1a9df7,ACC_5612a7a58128,False,False,False,normal,
TXN_cd2cbe66711f,ACC_5612a7a58128,False,False,False,normal,
TXN_5c5a691e6918,ACC_5612a7a58128,False,False,False,normal,
TXN_49d8a716f590,ACC_5612a7a58128,False,False,False,normal,
TXN_b52f8271d579,ACC_d9370935222d,False,False,False,normal,
TXN_5adcccb36602,ACC_d9370935222d,False,False,False,normal,
TXN_e41fb5a16543,ACC_d9370935222d,False,False,False,normal,
TXN_2bd41cf65c15,ACC_d9370935222d,False,False,False,normal,
TXN_6ad67e3fa514,ACC_d9370935222d,False,False,False,normal,
TXN_c244b65bb1f0,ACC_d9370935222d,False,False,False,normal,
TXN_14cd104e2b6b,ACC_d9370935222d,False,False,False,normal,
TXN_e36c6c0f3d8f,ACC_d9370935222d,False,False,False,normal,
TXN_3e38d104deae,ACC_d9370935222d,False,False,False,normal,
TXN_8dbf6e48dbb8,ACC_d9370935222d,False,False,False,normal,
TXN_89236b0c038c,ACC_0af4cc65147e,False,False,False,normal,
TXN_1ace6d79df94,ACC_0af4cc65147e,False,False,False,normal,
TXN_d28d0698223c,ACC_0af4cc65147e,False,False,False,normal,
TXN_38fe0580ac21,ACC_0af4cc65147e,False,False,False,normal,
TXN_c46a431ac7a9,ACC_0af4cc65147e,False,False,False,normal,
TXN_23c2fdf95549,ACC_0af4cc65147e,False,False,False,normal,
TXN_7cf0d5aa9f6c,ACC_0af4cc65147e,False,False,False,normal,
TXN_f64f46315fc2,ACC_0af4cc65147e,False,False,False,normal,
TXN_38fe52c80e18,ACC_0af4cc65147e,False,False,False,normal,
TXN_f593707ec127,ACC_0af4cc65147e,False,False,False,normal,
TXN_6829e8fdc355,ACC_03323285109d,False,False,False,normal,
TXN_4e68a7a314ad,ACC_03323285109d,False,False,False,normal,
TXN_59dca8a60fd7,ACC_03323285109d,False,False,False,normal,
TXN_cc60033ba4cd,ACC_03323285109d,False,False,False,normal,
TXN_96326c1df801,ACC_03323285109d,False,False,False,normal,
TXN_125a249a562d,ACC_03323285109d,False,False,False,normal,
TXN_620511fd8d2e,ACC_03323285109d,False,False,False,normal,
TXN_a4db3f3f9869,ACC_03323285109d,False,False,False,normal,
TXN_58ed0458dd91,ACC_03323285109d,False,False,False,normal,
TXN_73fab799fa80,ACC_03323285109d,False,False,False,normal,
TXN_d770e8376b12,ACC_b64983110f83,False,False,False,normal,
TXN_79fe680c7c64,ACC_b64983110f83,False,False,False,normal,
TXN_cbe9cf22d957,ACC_b64983110f83,False,False,False,normal,
TXN_90314f53ac16,ACC_b64983110f83,False,False,False,normal,
TXN_bd730f3bbe62,ACC_b64983110f83,False,False,False,normal,
TXN_eb961297664f,ACC_b64983110f83,False,False,False,normal,
TXN_cc814b5b851f,ACC_b64983110f83,False,False,False,normal,
TXN_b165d3f9dd03,ACC_b64983110f83,False,False,False,normal,
TXN_3090bfb0a0a7,ACC_b64983110f83,False,False,False,normal,
TXN_15a17c595ab6,ACC_b64983110f83,False,False,False,normal,
TXN_b9584fb413be,ACC_4e802695a9d1,False,False,False,normal,
TXN_75faafbace20,ACC_4e802695a9d1,False,False,False,normal,
TXN_db8cbec2d9be,ACC_4e802695a9d1,False,False,False,normal,
TXN_b4ef91ed775f,ACC_4e802695a9d1,False,False,False,normal,
TXN_548dee327ebe,ACC_4e802695a9d1,False,False,False,normal,
TXN_7f4b4df605b5,ACC_4e802695a9d1,False,False,False,normal,
TXN_305103315b6e,ACC_4e802695a9d1,False,False,False,normal,
TXN_1241e6ddbe08,ACC_4e802695a9d1,False,False,False,normal,
TXN_b60b36f7129e,ACC_4e802695a9d1,False,False,False,normal,
TXN_2946cc6373ae,ACC_4e802695a9d1,False,False,False,normal,
TXN_f60ac956da11,ACC_eee2653ab72c,False,False,False,normal,
TXN_7ed647ca94e6,ACC_eee2653ab72c,False,False,False,normal,
TXN_5c3da6314617,ACC_eee2653ab72c,False,False,False,normal,
TXN_66b80e8de02f,ACC_eee2653ab72c,False,False,False,normal,
TXN_263ef21f4807,ACC_eee2653ab72c,False,False,False,normal,
TXN_caa9619dccb6,ACC_eee2653ab72c,False,False,False,normal,
TXN_632bd12ca736,ACC_eee2653ab72c,False,False,False,normal,
TXN_2594e9d42465,ACC_eee2653ab72c,False,False,False,normal,
TXN_022d8c689e15,ACC_eee2653ab72c,False,False,False,normal,
TXN_676153e6bcb4,ACC_eee2653ab72c,False,False,False,normal,
TXN_af6a03eb71ca,ACC_8dbcd9007745,False,False,False,normal,
TXN_3ffbde5550e1,ACC_8dbcd9007745,False,False,False,normal,
TXN_3a0bfc830b06,ACC_8dbcd9007745,False,False,False,normal,
TXN_6b0792055fc6,ACC_8dbcd9007745,False,False,False,normal,
TXN_54f117e9985a,ACC_8dbcd9007745,False,False,False,normal,
TXN_b038f5dce3e0,ACC_8dbcd9007745,False,False,False,normal,
TXN_e0114ca7baf0,ACC_8dbcd9007745,False,False,False,normal,
TXN_96f9b7675775,ACC_8dbcd9007745,False,False,False,normal,
TXN_95485fc2c8a6,ACC_8dbcd9007745,False,False,False,normal,
TXN_ba544294d320,ACC_8dbcd9007745,False,False,False,normal,
TXN_130f26f91974,ACC_08ed5c32ee1b,False,False,False,normal,
TXN_e46535ff7ff2,ACC_08ed5c32ee1b,False,False,False,normal,
TXN_055e70d657a2,ACC_08ed5c32ee1b,False,False,False,normal,
TXN_15753bbcac4e,ACC_08ed5c32ee1b,False,False,False,normal,
TXN_c45cc7824d4e,ACC_08ed5c32ee1b,False,False,False,normal,
TXN_88d79c6c3a99,ACC_08ed5c32ee1b,False,False,False,normal,
TXN_db794ea9fe58,ACC_08ed5c32ee1b,False,False,False,normal,
TXN_772756bf3b07,ACC_08ed5c32ee1b,False,False,False,normal,
TXN_020c07a20366,ACC_08ed5c32ee1b,False,False,False,normal,
TXN_f28423e04a6e,ACC_08ed5c32ee1b,False,False,False,normal,
TXN_9accb59eb4b5,ACC_594dbfc970e7,False,False,False,normal,
TXN_f88647236825,ACC_594dbfc970e7,False,False,False,normal,
TXN_cc472dabefc4,ACC_594dbfc970e7,False,False,False,normal,
TXN_55fdf25bb9fd,ACC_594dbfc970e7,False,False,False,normal,
TXN_582f9760626e,ACC_594dbfc970e7,False,False,False,normal,
TXN_d54c6f7e7d48,ACC_594dbfc970e7,False,False,False,normal,
TXN_48f904c821b7,ACC_594dbfc970e7,False,False,False,normal,
TXN_831b96fe4a17,ACC_594dbfc970e7,False,False,False,normal,
TXN_adfa59bef937,ACC_594dbfc970e7,False,False,False,normal,
TXN_34f1d37ad51b,ACC_594dbfc970e7,False,False,False,normal,
TXN_ba7a1f99eade,ACC_e5f0b15ea621,False,False,False,normal,
TXN_721f5cbd8de4,ACC_e5f0b15ea621,False,False,False,normal,
TXN_fdbdb284ee31,ACC_e5f0b15ea621,False,False,False,normal,
TXN_b8294f9141e3,ACC_e5f0b15ea621,False,False,False,normal,
TXN_0c86fe48f9e8,ACC_e5f0b15ea621,False,False,False,normal,
TXN_8c2c13cabebd,ACC_e5f0b15ea621,False,False,False,normal,
TXN_cf971a268997,ACC_e5f0b15ea621,False,False,False,normal,
TXN_f3726d05ea2c,ACC_e5f0b15ea621,False,False,False,normal,
TXN_350fc0c53776,ACC_e5f0b15ea621,False,False,False,normal,
TXN_6d2606e1a83d,ACC_e5f0b15ea621,False,False,False,normal,
TXN_81d9ecdb19c8,ACC_84d8afc45df6,False,False,False,normal,
TXN_596ceace7adc,ACC_84d8afc45df6,False,False,False,normal,
TXN_1ee142bf4550,ACC_84d8afc45df6,False,False,False,normal,
TXN_bec30e2d6fa8,ACC_84d8afc45df6,False,False,False,normal,
TXN_c879361a65e8,ACC_84d8afc45df6,False,False,False,normal,
TXN_0dd203d697b7,ACC_84d8afc45df6,False,False,False,normal,
TXN_55ebe275f448,ACC_84d8afc45df6,False,False,False,normal,
TXN_ee8229125458,ACC_84d8afc45df6,False,False,False,normal,
TXN_d0b213c7f230,ACC_84d8afc45df6,False,False,False,normal,
TXN_15f56983c05c,ACC_84d8afc45df6,False,False,False,normal,
TXN_e7666cdc9668,ACC_44009318fa40,False,False,False,normal,
TXN_7aeb1fe0b47c,ACC_44009318fa40,False,False,False,normal,
TXN_fe2432e0d3a2,ACC_44009318fa40,False,False,False,normal,
TXN_c2be24ff46a3,ACC_44009318fa40,False,False,False,normal,
TXN_05e356ca01b6,ACC_44009318fa40,False,False,False,normal,
TXN_7d7adab462bf,ACC_44009318fa40,False,False,False,normal,
TXN_3daae7f535ee,ACC_44009318fa40,False,False,False,normal,
TXN_65de25461ebf,ACC_44009318fa40,False,False,False,normal,
TXN_d89186900e14,ACC_44009318fa40,False,False,False,normal,
TXN_9a42706adc0d,ACC_44009318fa40,False,False,False,normal,
TXN_fb44df80e9d9,ACC_87a67dca3a9d,False,False,False,normal,
TXN_b10a1d6f7ace,ACC_87a67dca3a9d,False,False,False,normal,
TXN_1bc6fda8f5dd,ACC_87a67dca3a9d,False,False,False,normal,
TXN_e3cf4b579802,ACC_87a67dca3a9d,False,False,False,normal,
TXN_dbe2a8f8952a,ACC_87a67dca3a9d,False,False,False,normal,
TXN_d972ab2bb71e,ACC_87a67dca3a9d,False,False,False,normal,
TXN_fe1c58383052,ACC_87a67dca3a9d,False,False,False,normal,
TXN_601589857bac,ACC_87a67dca3a9d,False,False,False,normal,
TXN_986b53af9cd0,ACC_87a67dca3a9d,False,False,False,normal,
TXN_d7ad7a0a792e,ACC_87a67dca3a9d,False,False,False,normal,
TXN_40e3135fa848,ACC_ced7a44ae024,False,False,False,normal,
TXN_95e2953ca6cd,ACC_ced7a44ae024,False,False,False,normal,
TXN_76f2297c2c4c,ACC_ced7a44ae024,False,False,False,normal,
TXN_2ea181bde223,ACC_ced7a44ae024,False,False,False,normal,
TXN_a7a05acd7b85,ACC_ced7a44ae024,False,False,False,normal,
TXN_4dc34d08bd6d,ACC_ced7a44ae024,False,False,False,normal,
TXN_23b7090795e2,ACC_ced7a44ae024,False,False,False,normal,
TXN_c94188fe082e,ACC_ced7a44ae024,False,False,False,normal,
TXN_ea567187186f,ACC_ced7a44ae024,False,False,False,normal,
TXN_ded6dffbc7c1,ACC_ced7a44ae024,False,False,False,normal,
TXN_0395afa1e80d,ACC_a43b290a7d27,False,False,False,normal,
TXN_f5ee06b60ef9,ACC_a43b290a7d27,False,False,False,normal,
TXN_0377230bf03e,ACC_a43b290a7d27,False,False,False,normal,
TXN_462a894aeeb7,ACC_a43b290a7d27,False,False,False,normal,
TXN_7f1fca6bb770,ACC_a43b290a7d27,False,False,False,normal,
TXN_0da2d7ebf04c,ACC_a43b290a7d27,False,False,False,normal,
TXN_b7a92fe42534,ACC_a43b290a7d27,False,False,False,normal,
TXN_86045a430349,ACC_a43b290a7d27,False,False,False,normal,
TXN_219714563ed5,ACC_a43b290a7d27,False,False,False,normal,
TXN_cd5ce6d26db4,ACC_a43b290a7d27,False,False,False,normal,
TXN_2455fea4cba4,ACC_796245700ba8,False,False,False,normal,
TXN_19c4137f00af,ACC_796245700ba8,False,False,False,normal,
TXN_39b4f08f212e,ACC_796245700ba8,False,False,False,normal,
TXN_e468ab8b6163,ACC_796245700ba8,False,False,False,normal,
TXN_6c637bce54a4,ACC_796245700ba8,False,False,False,normal,
TXN_35465e4c69a6,ACC_796245700ba8,False,False,False,normal,
TXN_0f04ffa01d28,ACC_796245700ba8,False,False,False,normal,
TXN_9100ff687c84,ACC_796245700ba8,False,False,False,normal,
TXN_986c15044bec,ACC_796245700ba8,False,False,False,normal,
TXN_97c911c07d02,ACC_796245700ba8,False,False,False,normal,
TXN_0599aa108254,ACC_013e34c2685f,False,False,False,normal,
TXN_dde8b36c0ac5,ACC_013e34c2685f,False,False,False,normal,
TXN_e7c92a947775,ACC_013e34c2685f,False,False,False,normal,
TXN_46ed3858d2ea,ACC_013e34c2685f,False,False,False,normal,
TXN_c3677f2c2158,ACC_013e34c2685f,False,False,False,normal,
TXN_65f0b1421a6e,ACC_013e34c2685f,False,False,False,normal,
TXN_505c3fd825a1,ACC_013e34c2685f,False,False,False,normal,
TXN_6f1f3a866341,ACC_013e34c2685f,False,False,False,normal,
TXN_4ca1d51b4f96,ACC_013e34c2685f,False,False,False,normal,
TXN_d4d5704e5440,ACC_013e34c2685f,False,False,False,normal,
TXN_17d396461d6b,ACC_a24aebb864d6,False,False,False,normal,
TXN_507b0278da69,ACC_a24aebb864d6,False,False,False,normal,
TXN_a4cfbe90ce60,ACC_a24aebb864d6,False,False,False,normal,
TXN_dd6e1d375761,ACC_a24aebb864d6,False,False,False,normal,
TXN_79433e2d95bb,ACC_a24aebb864d6,False,False,False,normal,
TXN_89e223a5a2fc,ACC_a24aebb864d6,False,False,False,normal,
TXN_b4f474fb55f6,ACC_a24aebb864d6,False,False,False,normal,
TXN_d3ed04eace97,ACC_a24aebb864d6,False,False,False,normal,
TXN_3365d561a8c1,ACC_a24aebb864d6,False,False,False,normal,
TXN_08e8ec0019d5,ACC_a24aebb864d6,False,False,False,normal,
TXN_ad9e23ed0fc0,ACC_63416f5b0695,False,False,False,normal,
TXN_77adaf4e11bd,ACC_63416f5b0695,False,False,False,normal,
TXN_80e3877a4e4c,ACC_63416f5b0695,False,False,False,normal,
TXN_8c3673d85054,ACC_63416f5b0695,False,False,False,normal,
TXN_c1cfe72b2d5d,ACC_63416f5b0695,False,False,False,normal,
TXN_bd3899cc6cba,ACC_63416f5b0695,False,False,False,normal,
TXN_f597eb04af72,ACC_63416f5b0695,False,False,False,normal,
TXN_baf4630042d3,ACC_63416f5b0695,False,False,False,normal,
TXN_77f3a746a57d,ACC_63416f5b0695,False,False,False,normal,
TXN_0cba2267f9c4,ACC_63416f5b0695,False,False,False,normal,
TXN_a71637ccfe6f,ACC_5b01ba68b7df,False,False,False,normal,
TXN_b31e6f31a30c,ACC_5b01ba68b7df,False,False,False,normal,
TXN_ecd5bfca24d4,ACC_5b01ba68b7df,False,False,False,normal,
TXN_0b2e1ac8d48e,ACC_5b01ba68b7df,False,False,False,normal,
TXN_7b4f08e9f1bf,ACC_5b01ba68b7df,False,False,False,normal,
TXN_e9d618eff3b2,ACC_5b01ba68b7df,False,False,False,normal,
TXN_f080337f9d7a,ACC_5b01ba68b7df,False,False,False,normal,
TXN_53fabb7a14f6,ACC_5b01ba68b7df,False,False,False,normal,
TXN_79a9781f52cd,ACC_5b01ba68b7df,False,False,False,normal,
TXN_b20065b01aa9,ACC_5b01ba68b7df,False,False,False,normal,
TXN_0baf07790700,ACC_6b950f85afb6,False,False,False,normal,
TXN_c6320274c04f,ACC_6b950f85afb6,False,False,False,normal,
TXN_565b9f77a554,ACC_6b950f85afb6,False,False,False,normal,
TXN_de6a180561ef,ACC_6b950f85afb6,False,False,False,normal,
TXN_41588600dea6,ACC_6b950f85afb6,False,False,False,normal,
TXN_51c3c38b10a1,ACC_6b950f85afb6,False,False,False,normal,
TXN_f7154dabd42e,ACC_6b950f85afb6,False,False,False,normal,
TXN_0374f5e07940,ACC_6b950f85afb6,False,False,False,normal,
TXN_aa934390aba2,ACC_6b950f85afb6,False,False,False,normal,
TXN_82e4d2b2ad20,ACC_6b950f85afb6,False,False,False,normal,
TXN_5b4aa6d1bf36,ACC_1394e83611c2,False,False,False,normal,
TXN_822d96cd7dd0,ACC_1394e83611c2,False,False,False,normal,
TXN_0cd466a62d11,ACC_1394e83611c2,False,False,False,normal,
TXN_5a4b36a7a35c,ACC_1394e83611c2,False,False,False,normal,
TXN_0aa1ce6d5f1e,ACC_1394e83611c2,False,False,False,normal,
TXN_8aae185c9ac7,ACC_1394e83611c2,False,False,False,normal,
TXN_4e0d2261d97b,ACC_1394e83611c2,False,False,False,normal,
TXN_f4ed14e18b73,ACC_1394e83611c2,False,False,False,normal,
TXN_001b1b21967b,ACC_1394e83611c2,False,False,False,normal,
TXN_6aa3f09c3af1,ACC_1394e83611c2,False,False,False,normal,
TXN_15a96f0f380e,ACC_55d23cb565d3,False,False,False,normal,
TXN_02572ef2f69e,ACC_55d23cb565d3,False,False,False,normal,
TXN_13a3f89ff35a,ACC_55d23cb565d3,False,False,False,normal,
TXN_a90b9afe8565,ACC_55d23cb565d3,False,False,False,normal,
TXN_0db52b6622fd,ACC_55d23cb565d3,False,False,False,normal,
TXN_13cd50c2cae4,ACC_55d23cb565d3,False,False,False,normal,
TXN_7608f79c7947,ACC_55d23cb565d3,False,False,False,normal,
TXN_600718af11f3,ACC_55d23cb565d3,False,False,False,normal,
TXN_aa6ad6acb668,ACC_55d23cb565d3,False,False,False,normal,
TXN_839aa31208a4,ACC_55d23cb565d3,False,False,False,normal,
TXN_b77b840ceda3,ACC_757dbc7abee6,True,False,True,fraud_ring,RING_002
TXN_1b8027b9512b,ACC_757dbc7abee6,True,False,True,fraud_ring,RING_002
TXN_b88fa9bb4fe6,ACC_757dbc7abee6,True,False,True,fraud_ring,RING_002
TXN_2457270511b3,ACC_757dbc7abee6,True,False,True,fraud_ring,RING_002
TXN_d44aff12f160,ACC_757dbc7abee6,True,False,True,fraud_ring,RING_002
TXN_f533dbb64334,ACC_757dbc7abee6,True,False,True,fraud_ring,RING_002
TXN_394cb5f9e0ea,ACC_757dbc7abee6,True,False,True,fraud_ring,RING_002
TXN_68e9495f49fb,ACC_757dbc7abee6,True,False,True,fraud_ring,RING_002
TXN_44904a71efa6,ACC_757dbc7abee6,True,False,True,fraud_ring,RING_002
TXN_113b19ef0843,ACC_757dbc7abee6,True,False,True,fraud_ring,RING_002
TXN_8c5acfc19bdc,ACC_7a73e97e1af4,False,False,False,normal,
TXN_2dcfa1abadaa,ACC_7a73e97e1af4,False,False,False,normal,
TXN_2a988b48a774,ACC_7a73e97e1af4,False,False,False,normal,
TXN_04ab271a2f4f,ACC_7a73e97e1af4,False,False,False,normal,
TXN_8bf81d78c449,ACC_7a73e97e1af4,False,False,False,normal,
TXN_216a2f147ae3,ACC_7a73e97e1af4,False,False,False,normal,
TXN_a5ed7c7a2e56,ACC_7a73e97e1af4,False,False,False,normal,
TXN_1f5cf5362e43,ACC_7a73e97e1af4,False,False,False,normal,
TXN_109aae4b5b3d,ACC_7a73e97e1af4,False,False,False,normal,
TXN_532a8086da0f,ACC_7a73e97e1af4,False,False,False,normal,
TXN_3813d3de40e7,ACC_310ee96b062a,False,False,False,normal,
TXN_a68a755009dd,ACC_310ee96b062a,False,False,False,normal,
TXN_5e8bacb3273c,ACC_310ee96b062a,False,False,False,normal,
TXN_60d6cad6fa31,ACC_310ee96b062a,False,False,False,normal,
TXN_3c029214b5e2,ACC_310ee96b062a,False,False,False,normal,
TXN_26a094487512,ACC_310ee96b062a,False,False,False,normal,
TXN_eadb99cc7c02,ACC_310ee96b062a,False,False,False,normal,
TXN_83134186eac0,ACC_310ee96b062a,False,False,False,normal,
TXN_328b837c6b97,ACC_310ee96b062a,False,False,False,normal,
TXN_bbe7562d9655,ACC_310ee96b062a,False,False,False,normal,
TXN_0b3a055d2e90,ACC_e43c32696ff2,False,False,False,normal,
TXN_f7fe3a341583,ACC_e43c32696ff2,False,False,False,normal,
TXN_1e7260442c12,ACC_e43c32696ff2,False,False,False,normal,
TXN_06dfff76b688,ACC_e43c32696ff2,False,False,False,normal,
TXN_07445be00260,ACC_e43c32696ff2,False,False,False,normal,
TXN_31c8c5e64ac0,ACC_e43c32696ff2,False,False,False,normal,
TXN_61087f91bf1a,ACC_e43c32696ff2,False,False,False,normal,
TXN_e8e12368597a,ACC_e43c32696ff2,False,False,False,normal,
TXN_e474b5aef36e,ACC_e43c32696ff2,False,False,False,normal,
TXN_58d530104227,ACC_e43c32696ff2,False,False,False,normal,
TXN_8357f3258520,ACC_3ec83d5e01e0,True,False,True,fraud_ring,RING_006
TXN_310aaf1c3acd,ACC_3ec83d5e01e0,True,False,True,fraud_ring,RING_006
TXN_88da40a62958,ACC_3ec83d5e01e0,True,False,True,fraud_ring,RING_006
TXN_956a94b37e1f,ACC_3ec83d5e01e0,True,False,True,fraud_ring,RING_006
TXN_dd7c909130bb,ACC_3ec83d5e01e0,True,False,True,fraud_ring,RING_006
TXN_a8850ccb8432,ACC_3ec83d5e01e0,True,False,True,fraud_ring,RING_006
TXN_d66e9c6c1d9b,ACC_3ec83d5e01e0,True,False,True,fraud_ring,RING_006
TXN_e46c711ebaeb,ACC_3ec83d5e01e0,True,False,True,fraud_ring,RING_006
TXN_c7e556ddfa50,ACC_3ec83d5e01e0,True,False,True,fraud_ring,RING_006
TXN_e5fe9e418e83,ACC_3ec83d5e01e0,True,False,True,fraud_ring,RING_006
TXN_1f4ce75d36f8,ACC_b451249c6f61,False,False,False,normal,
TXN_685f6e29948e,ACC_b451249c6f61,False,False,False,normal,
TXN_90f5b59faecf,ACC_b451249c6f61,False,False,False,normal,
TXN_1eac067396a5,ACC_b451249c6f61,False,False,False,normal,
TXN_872f1c3a6adf,ACC_b451249c6f61,False,False,False,normal,
TXN_64437c381f53,ACC_b451249c6f61,False,False,False,normal,
TXN_b24b6702cb8f,ACC_b451249c6f61,False,False,False,normal,
TXN_7588709d9db2,ACC_b451249c6f61,False,False,False,normal,
TXN_3afbf9d89434,ACC_b451249c6f61,False,False,False,normal,
TXN_a3c4506a667e,ACC_b451249c6f61,False,False,False,normal,
TXN_2092bc57b55a,ACC_b1bbf9d24251,False,False,False,normal,
TXN_8402d86c690e,ACC_b1bbf9d24251,False,False,False,normal,
TXN_be8b18ecf25e,ACC_b1bbf9d24251,False,False,False,normal,
TXN_54fe8ed0df57,ACC_b1bbf9d24251,False,False,False,normal,
TXN_c7fdb16f38ca,ACC_b1bbf9d24251,False,False,False,normal,
TXN_495887959548,ACC_b1bbf9d24251,False,False,False,normal,
TXN_28fbb22285e7,ACC_b1bbf9d24251,False,False,False,normal,
TXN_5448ff7287cc,ACC_b1bbf9d24251,False,False,False,normal,
TXN_0995808d4533,ACC_b1bbf9d24251,False,False,False,normal,
TXN_d6d2e9fa58c8,ACC_b1bbf9d24251,False,False,False,normal,
TXN_c17668b33139,ACC_93c722905cf1,False,False,False,normal,
TXN_62c8c9f06175,ACC_93c722905cf1,False,False,False,normal,
TXN_06218d507846,ACC_93c722905cf1,False,False,False,normal,
TXN_bf9d2c12ac6a,ACC_93c722905cf1,False,False,False,normal,
TXN_1d2063b1f419,ACC_93c722905cf1,False,False,False,normal,
TXN_8e814867fbee,ACC_93c722905cf1,False,False,False,normal,
TXN_56f96939e55d,ACC_93c722905cf1,False,False,False,normal,
TXN_13575b49bb01,ACC_93c722905cf1,False,False,False,normal,
TXN_c8eb5f649add,ACC_93c722905cf1,False,False,False,normal,
TXN_ca871023d4c7,ACC_93c722905cf1,False,False,False,normal,
TXN_5215fdf525c3,ACC_9523f8f149e5,False,False,False,normal,
TXN_af8dbfba548c,ACC_9523f8f149e5,False,False,False,normal,
TXN_694b4a513895,ACC_9523f8f149e5,False,False,False,normal,
TXN_112e4d5139fc,ACC_9523f8f149e5,False,False,False,normal,
TXN_39eb5d6dc2e8,ACC_9523f8f149e5,False,False,False,normal,
TXN_b3a591e48158,ACC_9523f8f149e5,False,False,False,normal,
TXN_d780d8845b89,ACC_9523f8f149e5,False,False,False,normal,
TXN_f2e071e36c29,ACC_9523f8f149e5,False,False,False,normal,
TXN_05fb30ce92b0,ACC_9523f8f149e5,False,False,False,normal,
TXN_60360430e9a1,ACC_9523f8f149e5,False,False,False,normal,
TXN_8fa8cc8d9bdc,ACC_2f223d0cb551,False,False,False,normal,
TXN_9b9acf350538,ACC_2f223d0cb551,False,False,False,normal,
TXN_f6256f15295a,ACC_2f223d0cb551,False,False,False,normal,
TXN_9bc278b6563a,ACC_2f223d0cb551,False,False,False,normal,
TXN_2418af862c45,ACC_2f223d0cb551,False,False,False,normal,
TXN_8797bbfa690b,ACC_2f223d0cb551,False,False,False,normal,
TXN_76bac037961f,ACC_2f223d0cb551,False,False,False,normal,
TXN_f5cb2476d1b7,ACC_2f223d0cb551,False,False,False,normal,
TXN_9b1d54d55cf9,ACC_2f223d0cb551,False,False,False,normal,
TXN_a3cc1f7de169,ACC_2f223d0cb551,False,False,False,normal,
TXN_38d2a02324df,ACC_c99cbcb62fab,False,False,False,normal,
TXN_52927c0793f0,ACC_c99cbcb62fab,False,False,False,normal,
TXN_8507a60a26a9,ACC_c99cbcb62fab,False,False,False,normal,
TXN_166b0fcf1bf7,ACC_c99cbcb62fab,False,False,False,normal,
TXN_69db6fe955e3,ACC_c99cbcb62fab,False,False,False,normal,
TXN_27dde11aecc6,ACC_c99cbcb62fab,False,False,False,normal,
TXN_c30f77a68d45,ACC_c99cbcb62fab,False,False,False,normal,
TXN_8ffee58d85f5,ACC_c99cbcb62fab,False,False,False,normal,
TXN_279890169f81,ACC_c99cbcb62fab,False,False,False,normal,
TXN_68e6241c2adc,ACC_c99cbcb62fab,False,False,False,normal,
TXN_e0f30db36fdd,ACC_22482f3ff2e6,False,True,True,behavioral_anomaly,
TXN_021ea1f98a31,ACC_22482f3ff2e6,False,True,True,behavioral_anomaly,
TXN_f7b9c360e408,ACC_22482f3ff2e6,False,True,True,behavioral_anomaly,
TXN_e9527cab503d,ACC_22482f3ff2e6,False,True,True,behavioral_anomaly,
TXN_22cfcfc61d33,ACC_22482f3ff2e6,False,True,True,behavioral_anomaly,
TXN_29a030c6e615,ACC_22482f3ff2e6,False,True,True,behavioral_anomaly,
TXN_f64e90dec921,ACC_22482f3ff2e6,False,True,True,behavioral_anomaly,
TXN_d858d50ec244,ACC_22482f3ff2e6,False,True,True,behavioral_anomaly,
TXN_ae034e65b79e,ACC_22482f3ff2e6,False,True,True,behavioral_anomaly,
TXN_fc0b30c10929,ACC_22482f3ff2e6,False,True,True,behavioral_anomaly,
TXN_fb585aeefa47,ACC_41bbf5b2151e,False,False,False,normal,
TXN_e9417ae63466,ACC_41bbf5b2151e,False,False,False,normal,
TXN_cee16c056fe6,ACC_41bbf5b2151e,False,False,False,normal,
TXN_b28cc8656f2e,ACC_41bbf5b2151e,False,False,False,normal,
TXN_fda4c0e6a472,ACC_41bbf5b2151e,False,False,False,normal,
TXN_adafea0ee1bc,ACC_41bbf5b2151e,False,False,False,normal,
TXN_473c5650647d,ACC_41bbf5b2151e,False,False,False,normal,
TXN_fd4dbbc18cbd,ACC_41bbf5b2151e,False,False,False,normal,
TXN_7eaf97190b61,ACC_41bbf5b2151e,False,False,False,normal,
TXN_63e06bfaf5b8,ACC_41bbf5b2151e,False,False,False,normal,
TXN_a7ee41d918ef,ACC_819d2788626f,False,True,True,behavioral_anomaly,
TXN_cab4945a43c6,ACC_819d2788626f,False,True,True,behavioral_anomaly,
TXN_d1c61f649262,ACC_819d2788626f,False,True,True,behavioral_anomaly,
TXN_a375c9c238bd,ACC_819d2788626f,False,True,True,behavioral_anomaly,
TXN_378f9ba31aac,ACC_819d2788626f,False,True,True,behavioral_anomaly,
TXN_4f1c6da605d5,ACC_819d2788626f,False,True,True,behavioral_anomaly,
TXN_6e11ac1fcaf2,ACC_819d2788626f,False,True,True,behavioral_anomaly,
TXN_8fabb6a2e8b1,ACC_819d2788626f,False,True,True,behavioral_anomaly,
TXN_9377e92967b8,ACC_819d2788626f,False,True,True,behavioral_anomaly,
TXN_0077280f9508,ACC_819d2788626f,False,True,True,behavioral_anomaly,
TXN_5c0d5ed2b283,ACC_c94d1f7b2fb0,True,False,True,fraud_ring,RING_001
TXN_c96a36e830c8,ACC_c94d1f7b2fb0,True,False,True,fraud_ring,RING_001
TXN_f204c058c3bc,ACC_c94d1f7b2fb0,True,False,True,fraud_ring,RING_001
TXN_32847dbd369a,ACC_c94d1f7b2fb0,True,False,True,fraud_ring,RING_001
TXN_94ba036e205a,ACC_c94d1f7b2fb0,True,False,True,fraud_ring,RING_001
TXN_b7db3b0f0042,ACC_c94d1f7b2fb0,True,False,True,fraud_ring,RING_001
TXN_bee7515314ba,ACC_c94d1f7b2fb0,True,False,True,fraud_ring,RING_001
TXN_c904e06dd971,ACC_c94d1f7b2fb0,True,False,True,fraud_ring,RING_001
TXN_21aae7a5ac4a,ACC_c94d1f7b2fb0,True,False,True,fraud_ring,RING_001
TXN_6eb2a3f42e47,ACC_c94d1f7b2fb0,True,False,True,fraud_ring,RING_001
TXN_d1b3d1477126,ACC_cdce6b5d495e,True,True,True,ring_and_anomaly,RING_002
TXN_b483e7a1d7e8,ACC_cdce6b5d495e,True,True,True,ring_and_anomaly,RING_002
TXN_108b6297e1c1,ACC_cdce6b5d495e,True,True,True,ring_and_anomaly,RING_002
TXN_db9022756cc0,ACC_cdce6b5d495e,True,True,True,ring_and_anomaly,RING_002
TXN_9f3edf6b33b3,ACC_cdce6b5d495e,True,True,True,ring_and_anomaly,RING_002
TXN_eeafc2b768a6,ACC_cdce6b5d495e,True,True,True,ring_and_anomaly,RING_002
TXN_65ff35aa6fce,ACC_cdce6b5d495e,True,True,True,ring_and_anomaly,RING_002
TXN_9fed963f0b32,ACC_cdce6b5d495e,True,True,True,ring_and_anomaly,RING_002
TXN_8a099d8c6276,ACC_cdce6b5d495e,True,True,True,ring_and_anomaly,RING_002
TXN_5f92c3dfd892,ACC_cdce6b5d495e,True,True,True,ring_and_anomaly,RING_002
TXN_b062851b9454,ACC_a326a71b295c,False,False,False,normal,
TXN_ec415e9a856b,ACC_a326a71b295c,False,False,False,normal,
TXN_59002b2156e3,ACC_a326a71b295c,False,False,False,normal,
TXN_bbd7eaf69ca6,ACC_a326a71b295c,False,False,False,normal,
TXN_ef3d286d7be7,ACC_a326a71b295c,False,False,False,normal,
TXN_784b7c1104bb,ACC_a326a71b295c,False,False,False,normal,
TXN_0f2d9268ccc7,ACC_a326a71b295c,False,False,False,normal,
TXN_9784aec03634,ACC_a326a71b295c,False,False,False,normal,
TXN_ae850bc550a1,ACC_a326a71b295c,False,False,False,normal,
TXN_00966d43640f,ACC_a326a71b295c,False,False,False,normal,
TXN_be065d627bc3,ACC_4708329bc425,False,False,False,normal,
TXN_2ba552313edb,ACC_4708329bc425,False,False,False,normal,
TXN_1e15730075eb,ACC_4708329bc425,False,False,False,normal,
TXN_f4b27ae89b1c,ACC_4708329bc425,False,False,False,normal,
TXN_a4ba7a5ca3c6,ACC_4708329bc425,False,False,False,normal,
TXN_bd69a1370b12,ACC_4708329bc425,False,False,False,normal,
TXN_30196f910c45,ACC_4708329bc425,False,False,False,normal,
TXN_aa76f5f5e402,ACC_4708329bc425,False,False,False,normal,
TXN_34e33943f58c,ACC_4708329bc425,False,False,False,normal,
TXN_116dcf8ab095,ACC_4708329bc425,False,False,False,normal,
TXN_ee3c32e838c1,ACC_f22399ad7e69,True,False,True,fraud_ring,RING_003
TXN_e4c84ed6b8aa,ACC_f22399ad7e69,True,False,True,fraud_ring,RING_003
TXN_14c485293216,ACC_f22399ad7e69,True,False,True,fraud_ring,RING_003
TXN_c32c3232f1a9,ACC_f22399ad7e69,True,False,True,fraud_ring,RING_003
TXN_e0ed5069a3de,ACC_f22399ad7e69,True,False,True,fraud_ring,RING_003
TXN_049f34573e14,ACC_f22399ad7e69,True,False,True,fraud_ring,RING_003
TXN_5f1d28ac7b07,ACC_f22399ad7e69,True,False,True,fraud_ring,RING_003
TXN_435b886a4f06,ACC_f22399ad7e69,True,False,True,fraud_ring,RING_003
TXN_ddfd47036c28,ACC_f22399ad7e69,True,False,True,fraud_ring,RING_003
TXN_8a2543a365b8,ACC_f22399ad7e69,True,False,True,fraud_ring,RING_003
TXN_00f5bc4298c6,ACC_0214cbd2dd31,False,False,False,normal,
TXN_1e3ffb07e441,ACC_0214cbd2dd31,False,False,False,normal,
TXN_99a43830bdb8,ACC_0214cbd2dd31,False,False,False,normal,
TXN_91eca4388ad5,ACC_0214cbd2dd31,False,False,False,normal,
TXN_f1cd82535fc8,ACC_0214cbd2dd31,False,False,False,normal,
TXN_1dfb17c8281f,ACC_0214cbd2dd31,False,False,False,normal,
TXN_dcea3af0bc94,ACC_0214cbd2dd31,False,False,False,normal,
TXN_e99096793be1,ACC_0214cbd2dd31,False,False,False,normal,
TXN_6899aa650dae,ACC_0214cbd2dd31,False,False,False,normal,
TXN_c6d8a43b594d,ACC_0214cbd2dd31,False,False,False,normal,
TXN_05f32a01d178,ACC_e01d9937a244,False,False,False,normal,
TXN_8d65b6978122,ACC_e01d9937a244,False,False,False,normal,
TXN_809e7404af5f,ACC_e01d9937a244,False,False,False,normal,
TXN_f3c342f4609e,ACC_e01d9937a244,False,False,False,normal,
TXN_513f6a8af845,ACC_e01d9937a244,False,False,False,normal,
TXN_2a4b4fd6701e,ACC_e01d9937a244,False,False,False,normal,
TXN_3ba002b51698,ACC_e01d9937a244,False,False,False,normal,
TXN_8d85bc91a25e,ACC_e01d9937a244,False,False,False,normal,
TXN_9b19032dad42,ACC_e01d9937a244,False,False,False,normal,
TXN_76d430a7ee73,ACC_e01d9937a244,False,False,False,normal,
TXN_96ce707260d6,ACC_03ef3bebb3ff,True,False,True,fraud_ring,RING_003
TXN_bb88c490574a,ACC_03ef3bebb3ff,True,False,True,fraud_ring,RING_003
TXN_8e338b038429,ACC_03ef3bebb3ff,True,False,True,fraud_ring,RING_003
TXN_719f56ea0c91,ACC_03ef3bebb3ff,True,False,True,fraud_ring,RING_003
TXN_182be26cc6de,ACC_03ef3bebb3ff,True,False,True,fraud_ring,RING_003
TXN_924db309c8e3,ACC_03ef3bebb3ff,True,False,True,fraud_ring,RING_003
TXN_a57ed812a177,ACC_03ef3bebb3ff,True,False,True,fraud_ring,RING_003
TXN_c4949d151e35,ACC_03ef3bebb3ff,True,False,True,fraud_ring,RING_003
TXN_9ad5e30e9dda,ACC_03ef3bebb3ff,True,False,True,fraud_ring,RING_003
TXN_9529a15e454d,ACC_03ef3bebb3ff,True,False,True,fraud_ring,RING_003
TXN_53c09c4c04af,ACC_54aa26e4522e,False,False,False,normal,
TXN_ad95bfbd914a,ACC_54aa26e4522e,False,False,False,normal,
TXN_24ec4fae4c6f,ACC_54aa26e4522e,False,False,False,normal,
TXN_56c8e4676923,ACC_54aa26e4522e,False,False,False,normal,
TXN_1f39e12c092d,ACC_54aa26e4522e,False,False,False,normal,
TXN_2b5bcbee9e89,ACC_54aa26e4522e,False,False,False,normal,
TXN_dcd7d6a49511,ACC_54aa26e4522e,False,False,False,normal,
TXN_f8ac8e1817cb,ACC_54aa26e4522e,False,False,False,normal,
TXN_ab2aaf550a63,ACC_54aa26e4522e,False,False,False,normal,
TXN_819eafe95d60,ACC_54aa26e4522e,False,False,False,normal,
TXN_e1ead61f7608,ACC_3cf13407e7ba,False,False,False,normal,
TXN_d588a2c18ce8,ACC_3cf13407e7ba,False,False,False,normal,
TXN_dff339a65855,ACC_3cf13407e7ba,False,False,False,normal,
TXN_771e360ae8bd,ACC_3cf13407e7ba,False,False,False,normal,
TXN_8e8ceef56fa7,ACC_3cf13407e7ba,False,False,False,normal,
TXN_c28a7eb81ff5,ACC_3cf13407e7ba,False,False,False,normal,
TXN_24bb0f90ddc4,ACC_3cf13407e7ba,False,False,False,normal,
TXN_ee3bdeff8aea,ACC_3cf13407e7ba,False,False,False,normal,
TXN_3e14642f6076,ACC_3cf13407e7ba,False,False,False,normal,
TXN_1dc3fe0b5d95,ACC_3cf13407e7ba,False,False,False,normal,
TXN_d9bc30821b15,ACC_18ddf174c9e1,False,True,True,behavioral_anomaly,
TXN_b5cb7ee5e70c,ACC_18ddf174c9e1,False,True,True,behavioral_anomaly,
TXN_60e9202b3c84,ACC_18ddf174c9e1,False,True,True,behavioral_anomaly,
TXN_73747965dc78,ACC_18ddf174c9e1,False,True,True,behavioral_anomaly,
TXN_d3be9d7b4341,ACC_18ddf174c9e1,False,True,True,behavioral_anomaly,
TXN_46f633bf75d3,ACC_18ddf174c9e1,False,True,True,behavioral_anomaly,
TXN_dcbd392b534c,ACC_18ddf174c9e1,False,True,True,behavioral_anomaly,
TXN_7275b6581800,ACC_18ddf174c9e1,False,True,True,behavioral_anomaly,
TXN_250c20f9ad4b,ACC_18ddf174c9e1,False,True,True,behavioral_anomaly,
TXN_a855119f0054,ACC_18ddf174c9e1,False,True,True,behavioral_anomaly,
TXN_bfe3837a7435,ACC_220c00a8bf78,False,False,False,normal,
TXN_2abd2787c4d7,ACC_220c00a8bf78,False,False,False,normal,
TXN_5a2ce71bed5e,ACC_220c00a8bf78,False,False,False,normal,
TXN_23e8c2e4b041,ACC_220c00a8bf78,False,False,False,normal,
TXN_41e69f061948,ACC_220c00a8bf78,False,False,False,normal,
TXN_5e9b5c52775d,ACC_220c00a8bf78,False,False,False,normal,
TXN_061dcddc2ac1,ACC_220c00a8bf78,False,False,False,normal,
TXN_e2f92788fd56,ACC_220c00a8bf78,False,False,False,normal,
TXN_1d9031efed46,ACC_220c00a8bf78,False,False,False,normal,
TXN_4b02f90e5336,ACC_220c00a8bf78,False,False,False,normal,
TXN_d1b1c68409d6,ACC_289b13f76901,False,False,False,normal,
TXN_8e2876de4d84,ACC_289b13f76901,False,False,False,normal,
TXN_50e36ad580c3,ACC_289b13f76901,False,False,False,normal,
TXN_4386f4677355,ACC_289b13f76901,False,False,False,normal,
TXN_02e53ba1a90e,ACC_289b13f76901,False,False,False,normal,
TXN_243be705ed33,ACC_289b13f76901,False,False,False,normal,
TXN_b8e8b10ca16c,ACC_289b13f76901,False,False,False,normal,
TXN_b64f63cc4e10,ACC_289b13f76901,False,False,False,normal,
TXN_4a8419294bec,ACC_289b13f76901,False,False,False,normal,
TXN_71511def7a94,ACC_289b13f76901,False,False,False,normal,
TXN_0ec90ba7901c,ACC_4b0a5494786e,False,False,False,normal,
TXN_fc37391c2eda,ACC_4b0a5494786e,False,False,False,normal,
TXN_e22ec4e77770,ACC_4b0a5494786e,False,False,False,normal,
TXN_de5d42ac75d5,ACC_4b0a5494786e,False,False,False,normal,
TXN_356d21acd0b1,ACC_4b0a5494786e,False,False,False,normal,
TXN_a5d34c3a682b,ACC_4b0a5494786e,False,False,False,normal,
TXN_93ae6faa9faf,ACC_4b0a5494786e,False,False,False,normal,
TXN_04fb985799b9,ACC_4b0a5494786e,False,False,False,normal,
TXN_cf0f8d8e2e10,ACC_4b0a5494786e,False,False,False,normal,
TXN_dd3a269bb809,ACC_4b0a5494786e,False,False,False,normal,
TXN_cbebb0aba463,ACC_a29f9b5adf42,False,False,False,normal,
TXN_ca12e6f417c7,ACC_a29f9b5adf42,False,False,False,normal,
TXN_325b31e8f8c8,ACC_a29f9b5adf42,False,False,False,normal,
TXN_c2f88eb8e6e2,ACC_a29f9b5adf42,False,False,False,normal,
TXN_fb1163036269,ACC_a29f9b5adf42,False,False,False,normal,
TXN_a83ea6977281,ACC_a29f9b5adf42,False,False,False,normal,
TXN_819dbb2fb8a1,ACC_a29f9b5adf42,False,False,False,normal,
TXN_2e7f7621a842,ACC_a29f9b5adf42,False,False,False,normal,
TXN_e0a905aa44f9,ACC_a29f9b5adf42,False,False,False,normal,
TXN_831943a552e5,ACC_a29f9b5adf42,False,False,False,normal,
TXN_9466d65581d9,ACC_8fb7cf9265a5,False,False,False,normal,
TXN_3e80433564b9,ACC_8fb7cf9265a5,False,False,False,normal,
TXN_19ed14cb6f7e,ACC_8fb7cf9265a5,False,False,False,normal,
TXN_85e97d9baa4b,ACC_8fb7cf9265a5,False,False,False,normal,
TXN_ca0753ef131f,ACC_8fb7cf9265a5,False,False,False,normal,
TXN_27224e865847,ACC_8fb7cf9265a5,False,False,False,normal,
TXN_a50481df03d7,ACC_8fb7cf9265a5,False,False,False,normal,
TXN_bf5c8cdec23c,ACC_8fb7cf9265a5,False,False,False,normal,
TXN_6a122bf34743,ACC_8fb7cf9265a5,False,False,False,normal,
TXN_f41444ce820e,ACC_8fb7cf9265a5,False,False,False,normal,
TXN_e35e0f19f7ad,ACC_c3a19133e0f5,False,False,False,normal,
TXN_4f4ba9e754f6,ACC_c3a19133e0f5,False,False,False,normal,
TXN_ef99449fda37,ACC_c3a19133e0f5,False,False,False,normal,
TXN_9492bec7afe8,ACC_c3a19133e0f5,False,False,False,normal,
TXN_9a4cbf62c4b7,ACC_c3a19133e0f5,False,False,False,normal,
TXN_12d0e0aae5b6,ACC_c3a19133e0f5,False,False,False,normal,
TXN_8e3ac910f987,ACC_c3a19133e0f5,False,False,False,normal,
TXN_d86980180b18,ACC_c3a19133e0f5,False,False,False,normal,
TXN_5accc65a14a2,ACC_c3a19133e0f5,False,False,False,normal,
TXN_14ae0c4f0c89,ACC_c3a19133e0f5,False,False,False,normal,
TXN_cfe925cfebb6,ACC_01cb9dc58f3e,False,False,False,normal,
TXN_7c88d47874b9,ACC_01cb9dc58f3e,False,False,False,normal,
TXN_c43775b009c8,ACC_01cb9dc58f3e,False,False,False,normal,
TXN_e9550fad72f7,ACC_01cb9dc58f3e,False,False,False,normal,
TXN_3eb93e081af2,ACC_01cb9dc58f3e,False,False,False,normal,
TXN_8dd414a03681,ACC_01cb9dc58f3e,False,False,False,normal,
TXN_2a80c3fbbb4f,ACC_01cb9dc58f3e,False,False,False,normal,
TXN_cc55b8446ed8,ACC_01cb9dc58f3e,False,False,False,normal,
TXN_293c692816cd,ACC_01cb9dc58f3e,False,False,False,normal,
TXN_5737be06e439,ACC_01cb9dc58f3e,False,False,False,normal,
TXN_6cd5cdcc7d75,ACC_7398c61f2602,False,False,False,normal,
TXN_4cbe02e76ccd,ACC_7398c61f2602,False,False,False,normal,
TXN_ad3132e55317,ACC_7398c61f2602,False,False,False,normal,
TXN_f456b00bead3,ACC_7398c61f2602,False,False,False,normal,
TXN_e5b6951f652a,ACC_7398c61f2602,False,False,False,normal,
TXN_d802d64a5fb0,ACC_7398c61f2602,False,False,False,normal,
TXN_40bf865341a6,ACC_7398c61f2602,False,False,False,normal,
TXN_7a651e8a6831,ACC_7398c61f2602,False,False,False,normal,
TXN_0ae587ee8067,ACC_7398c61f2602,False,False,False,normal,
TXN_650b1ec03384,ACC_7398c61f2602,False,False,False,normal,
TXN_f941d1095b46,ACC_f72e406edf72,False,False,False,normal,
TXN_0b0239ec4ca9,ACC_f72e406edf72,False,False,False,normal,
TXN_38e4da9c01c0,ACC_f72e406edf72,False,False,False,normal,
TXN_e3c4aecd85bb,ACC_f72e406edf72,False,False,False,normal,
TXN_4bf46fecd700,ACC_f72e406edf72,False,False,False,normal,
TXN_b00eddc8652f,ACC_f72e406edf72,False,False,False,normal,
TXN_849ad80045a3,ACC_f72e406edf72,False,False,False,normal,
TXN_4c147ad7ba6f,ACC_f72e406edf72,False,False,False,normal,
TXN_af6e3bfd2ced,ACC_f72e406edf72,False,False,False,normal,
TXN_b4d1117e3b27,ACC_f72e406edf72,False,False,False,normal,
TXN_0935adc4ce74,ACC_52863777a195,False,False,False,normal,
TXN_a14d78f2911f,ACC_52863777a195,False,False,False,normal,
TXN_311996695e6f,ACC_52863777a195,False,False,False,normal,
TXN_186066cb7f4a,ACC_52863777a195,False,False,False,normal,
TXN_e378e5b2588f,ACC_52863777a195,False,False,False,normal,
TXN_32d2a14fcc72,ACC_52863777a195,False,False,False,normal,
TXN_fd0e7a912cd0,ACC_52863777a195,False,False,False,normal,
TXN_987daf97de13,ACC_52863777a195,False,False,False,normal,
TXN_b1d1d9a1e403,ACC_52863777a195,False,False,False,normal,
TXN_fbd11f6a20ed,ACC_52863777a195,False,False,False,normal,
TXN_decb4be52b3d,ACC_b61c02377c49,False,False,False,normal,
TXN_9b3952d03d8b,ACC_b61c02377c49,False,False,False,normal,
TXN_cc957cd590a6,ACC_b61c02377c49,False,False,False,normal,
TXN_a4a3a3be5bff,ACC_b61c02377c49,False,False,False,normal,
TXN_0871a2eb8c90,ACC_b61c02377c49,False,False,False,normal,
TXN_bf7e80a215d1,ACC_b61c02377c49,False,False,False,normal,
TXN_7847cac7f5a3,ACC_b61c02377c49,False,False,False,normal,
TXN_c3c91843b54d,ACC_b61c02377c49,False,False,False,normal,
TXN_50d2ba84a8f2,ACC_b61c02377c49,False,False,False,normal,
TXN_b8d367072765,ACC_b61c02377c49,False,False,False,normal,
TXN_f6c514842c87,ACC_4e6a6895273b,False,False,False,normal,
TXN_794eea155af8,ACC_4e6a6895273b,False,False,False,normal,
TXN_a8171a96505c,ACC_4e6a6895273b,False,False,False,normal,
TXN_596467235339,ACC_4e6a6895273b,False,False,False,normal,
TXN_2ec68ae5059f,ACC_4e6a6895273b,False,False,False,normal,
TXN_18eaafa3ca3d,ACC_4e6a6895273b,False,False,False,normal,
TXN_b3b56ef881b0,ACC_4e6a6895273b,False,False,False,normal,
TXN_a86a759cf439,ACC_4e6a6895273b,False,False,False,normal,
TXN_826f853f30c5,ACC_4e6a6895273b,False,False,False,normal,
TXN_2e9f093fd712,ACC_4e6a6895273b,False,False,False,normal,
TXN_033c54252246,ACC_00fb93c13c07,False,False,False,normal,
TXN_4735a5d7ad4e,ACC_00fb93c13c07,False,False,False,normal,
TXN_714dbb48a10e,ACC_00fb93c13c07,False,False,False,normal,
TXN_edb7126a0c64,ACC_00fb93c13c07,False,False,False,normal,
TXN_1585f3e7e572,ACC_00fb93c13c07,False,False,False,normal,
TXN_313f96cae167,ACC_00fb93c13c07,False,False,False,normal,
TXN_1bf06d6dfe99,ACC_00fb93c13c07,False,False,False,normal,
TXN_7d78f53d5be9,ACC_00fb93c13c07,False,False,False,normal,
TXN_dee9005507d6,ACC_00fb93c13c07,False,False,False,normal,
TXN_5a63d292bbcd,ACC_00fb93c13c07,False,False,False,normal,
TXN_d36f837c0bcb,ACC_f1a99ad2ae24,False,False,False,normal,
TXN_33ba4291b94d,ACC_f1a99ad2ae24,False,False,False,normal,
TXN_12c64a767e6d,ACC_f1a99ad2ae24,False,False,False,normal,
TXN_2c7019c8c507,ACC_f1a99ad2ae24,False,False,False,normal,
TXN_f284e4e33e60,ACC_f1a99ad2ae24,False,False,False,normal,
TXN_d0ee67e43830,ACC_f1a99ad2ae24,False,False,False,normal,
TXN_9fbf47e8ecf2,ACC_f1a99ad2ae24,False,False,False,normal,
TXN_9202b9ac7251,ACC_f1a99ad2ae24,False,False,False,normal,
TXN_e06593c65a1b,ACC_f1a99ad2ae24,False,False,False,normal,
TXN_b40a4a84a763,ACC_f1a99ad2ae24,False,False,False,normal,
TXN_7496a87824c8,ACC_eb1fcc8ae1dc,False,False,False,normal,
TXN_50088a59a6bf,ACC_eb1fcc8ae1dc,False,False,False,normal,
TXN_c51246d3aa8d,ACC_eb1fcc8ae1dc,False,False,False,normal,
TXN_b315f34a7577,ACC_eb1fcc8ae1dc,False,False,False,normal,
TXN_80cdb90e1917,ACC_eb1fcc8ae1dc,False,False,False,normal,
TXN_c1b46f8d28e6,ACC_eb1fcc8ae1dc,False,False,False,normal,
TXN_9fc39048d263,ACC_eb1fcc8ae1dc,False,False,False,normal,
TXN_c85c995f307e,ACC_eb1fcc8ae1dc,False,False,False,normal,
TXN_c967216e32c4,ACC_eb1fcc8ae1dc,False,False,False,normal,
TXN_97f5731a14b6,ACC_eb1fcc8ae1dc,False,False,False,normal,
TXN_b750eeabdfb8,ACC_81dc709b5946,False,False,False,normal,
TXN_4aa4890eb8ad,ACC_81dc709b5946,False,False,False,normal,
TXN_ac2748ccd955,ACC_81dc709b5946,False,False,False,normal,
TXN_68edd796bf90,ACC_81dc709b5946,False,False,False,normal,
TXN_19153491b92f,ACC_81dc709b5946,False,False,False,normal,
TXN_cfa4045f1876,ACC_81dc709b5946,False,False,False,normal,
TXN_ac603f169270,ACC_81dc709b5946,False,False,False,normal,
TXN_6a090ae24416,ACC_81dc709b5946,False,False,False,normal,
TXN_0578f090847c,ACC_81dc709b5946,False,False,False,normal,
TXN_49b031fe8864,ACC_81dc709b5946,False,False,False,normal,
TXN_7d49da45b7f8,ACC_f4e64f295490,False,False,False,normal,
TXN_4622041a40f7,ACC_f4e64f295490,False,False,False,normal,
TXN_0bfaf4581353,ACC_f4e64f295490,False,False,False,normal,
TXN_c61f7f5e06b1,ACC_f4e64f295490,False,False,False,normal,
TXN_2f4b4d6cfee0,ACC_f4e64f295490,False,False,False,normal,
TXN_3f901bd97df8,ACC_f4e64f295490,False,False,False,normal,
TXN_18e6e01c5b4c,ACC_f4e64f295490,False,False,False,normal,
TXN_64466024c62f,ACC_f4e64f295490,False,False,False,normal,
TXN_c02ef0bbfc48,ACC_f4e64f295490,False,False,False,normal,
TXN_53809cc1798d,ACC_f4e64f295490,False,False,False,normal,
TXN_5d859c38ea41,ACC_084488fa3c1a,False,False,False,normal,
TXN_a9a904cfbe42,ACC_084488fa3c1a,False,False,False,normal,
TXN_7db4fbda630e,ACC_084488fa3c1a,False,False,False,normal,
TXN_0e3c45d170ad,ACC_084488fa3c1a,False,False,False,normal,
TXN_5a01e585302e,ACC_084488fa3c1a,False,False,False,normal,
TXN_8043c4f96340,ACC_084488fa3c1a,False,False,False,normal,
TXN_75085385a957,ACC_084488fa3c1a,False,False,False,normal,
TXN_f71e0187bc97,ACC_084488fa3c1a,False,False,False,normal,
TXN_2b39018fc686,ACC_084488fa3c1a,False,False,False,normal,
TXN_80b49b1c4286,ACC_084488fa3c1a,False,False,False,normal,
TXN_42dc77c4d4f8,ACC_17aee29b89e1,True,False,True,fraud_ring,RING_001
TXN_c634a67eb702,ACC_17aee29b89e1,True,False,True,fraud_ring,RING_001
TXN_f4bda6cec097,ACC_17aee29b89e1,True,False,True,fraud_ring,RING_001
TXN_688655dbd5d9,ACC_17aee29b89e1,True,False,True,fraud_ring,RING_001
TXN_18ee7fa41187,ACC_17aee29b89e1,True,False,True,fraud_ring,RING_001
TXN_dc4cb4557730,ACC_17aee29b89e1,True,False,True,fraud_ring,RING_001
TXN_7a457b075c97,ACC_17aee29b89e1,True,False,True,fraud_ring,RING_001
TXN_4dfda3bd9917,ACC_17aee29b89e1,True,False,True,fraud_ring,RING_001
TXN_f1d4704aa8fe,ACC_17aee29b89e1,True,False,True,fraud_ring,RING_001
TXN_9adb1073eb09,ACC_17aee29b89e1,True,False,True,fraud_ring,RING_001
TXN_fda64282fb73,ACC_5f16151e3298,False,False,False,normal,
TXN_8fc51c30f478,ACC_5f16151e3298,False,False,False,normal,
TXN_341683154d30,ACC_5f16151e3298,False,False,False,normal,
TXN_0d04e53cd251,ACC_5f16151e3298,False,False,False,normal,
TXN_5dadf78ea710,ACC_5f16151e3298,False,False,False,normal,
TXN_14ba4cd91ed6,ACC_5f16151e3298,False,False,False,normal,
TXN_f06739dc45e3,ACC_5f16151e3298,False,False,False,normal,
TXN_e3a212866b06,ACC_5f16151e3298,False,False,False,normal,
TXN_03bb3cc93235,ACC_5f16151e3298,False,False,False,normal,
TXN_54ec79bcc1c3,ACC_5f16151e3298,False,False,False,normal,
TXN_a775a8f071be,ACC_77ba90f16430,False,False,False,normal,
TXN_b297508a2686,ACC_77ba90f16430,False,False,False,normal,
TXN_0c192ba03f8d,ACC_77ba90f16430,False,False,False,normal,
TXN_34c2d3c956c2,ACC_77ba90f16430,False,False,False,normal,
TXN_2e52ad2f158a,ACC_77ba90f16430,False,False,False,normal,
TXN_0b751dcc4555,ACC_77ba90f16430,False,False,False,normal,
TXN_8effdefc5b1a,ACC_77ba90f16430,False,False,False,normal,
TXN_3fcc0c3d9026,ACC_77ba90f16430,False,False,False,normal,
TXN_989df3b29a88,ACC_77ba90f16430,False,False,False,normal,
TXN_12ce8113efcc,ACC_77ba90f16430,False,False,False,normal,
TXN_1cb8276dfbbb,ACC_261b16739af3,False,False,False,normal,
TXN_90875c2e6b3c,ACC_261b16739af3,False,False,False,normal,
TXN_a5ae5278e2ec,ACC_261b16739af3,False,False,False,normal,
TXN_7f55ecb79041,ACC_261b16739af3,False,False,False,normal,
TXN_8d28fa9f146f,ACC_261b16739af3,False,False,False,normal,
TXN_ca1d097e1509,ACC_261b16739af3,False,False,False,normal,
TXN_25245a9ed7bb,ACC_261b16739af3,False,False,False,normal,
TXN_730b5e3e3368,ACC_261b16739af3,False,False,False,normal,
TXN_69d5592f7ef7,ACC_261b16739af3,False,False,False,normal,
TXN_d3d4dfe61966,ACC_261b16739af3,False,False,False,normal,
TXN_6c30e3657edc,ACC_75bfc21daf3c,False,True,True,behavioral_anomaly,
TXN_b89436ab597c,ACC_75bfc21daf3c,False,True,True,behavioral_anomaly,
TXN_0100432c3783,ACC_75bfc21daf3c,False,True,True,behavioral_anomaly,
TXN_cf75a0e273e0,ACC_75bfc21daf3c,False,True,True,behavioral_anomaly,
TXN_0751c3677a00,ACC_75bfc21daf3c,False,True,True,behavioral_anomaly,
TXN_477088e33301,ACC_75bfc21daf3c,False,True,True,behavioral_anomaly,
TXN_22d923a03ec5,ACC_75bfc21daf3c,False,True,True,behavioral_anomaly,
TXN_00761353c7a8,ACC_75bfc21daf3c,False,True,True,behavioral_anomaly,
TXN_2426405c4cdf,ACC_75bfc21daf3c,False,True,True,behavioral_anomaly,
TXN_e33ad8f8afb4,ACC_75bfc21daf3c,False,True,True,behavioral_anomaly,
TXN_d059cf061408,ACC_2fdf938ae6d7,False,False,False,normal,
TXN_0d7de71562af,ACC_2fdf938ae6d7,False,False,False,normal,
TXN_4c8e77ff8031,ACC_2fdf938ae6d7,False,False,False,normal,
TXN_4eee46555ccb,ACC_2fdf938ae6d7,False,False,False,normal,
TXN_edc2dc335aa6,ACC_2fdf938ae6d7,False,False,False,normal,
TXN_bebcd4ede4db,ACC_2fdf938ae6d7,False,False,False,normal,
TXN_e4b8b27101e2,ACC_2fdf938ae6d7,False,False,False,normal,
TXN_d26b485ac0f5,ACC_2fdf938ae6d7,False,False,False,normal,
TXN_f0b60aaad98c,ACC_2fdf938ae6d7,False,False,False,normal,
TXN_baec56631928,ACC_2fdf938ae6d7,False,False,False,normal,
TXN_5290fa36efbf,ACC_6454d2a51657,False,False,False,normal,
TXN_04a250c49ae5,ACC_6454d2a51657,False,False,False,normal,
TXN_a73f62a0479e,ACC_6454d2a51657,False,False,False,normal,
TXN_8d28b53e7572,ACC_6454d2a51657,False,False,False,normal,
TXN_6eae606118c5,ACC_6454d2a51657,False,False,False,normal,
TXN_bfc6cc925722,ACC_6454d2a51657,False,False,False,normal,
TXN_b381bfcd5aae,ACC_6454d2a51657,False,False,False,normal,
TXN_9d58393ed447,ACC_6454d2a51657,False,False,False,normal,
TXN_8ddcce7577ad,ACC_6454d2a51657,False,False,False,normal,
TXN_934e29cfa157,ACC_6454d2a51657,False,False,False,normal,
TXN_fc712f14a548,ACC_e918cfab5055,False,False,False,normal,
TXN_a765c2922713,ACC_e918cfab5055,False,False,False,normal,
TXN_7e87bf7d5a5f,ACC_e918cfab5055,False,False,False,normal,
TXN_a25d62db7bb1,ACC_e918cfab5055,False,False,False,normal,
TXN_1a1a172101f5,ACC_e918cfab5055,False,False,False,normal,
TXN_d532656ef046,ACC_e918cfab5055,False,False,False,normal,
TXN_e7755bef389b,ACC_e918cfab5055,False,False,False,normal,
TXN_803cfe67f265,ACC_e918cfab5055,False,False,False,normal,
TXN_84e10ddedcf2,ACC_e918cfab5055,False,False,False,normal,
TXN_9a6c643c445c,ACC_e918cfab5055,False,False,False,normal,
TXN_5d92b8b57d6f,ACC_3ebeec93669d,False,False,False,normal,
TXN_d9e213d5fe0c,ACC_3ebeec93669d,False,False,False,normal,
TXN_cb84bfef092b,ACC_3ebeec93669d,False,False,False,normal,
TXN_2a0cbc107bc2,ACC_3ebeec93669d,False,False,False,normal,
TXN_e237e51b8d10,ACC_3ebeec93669d,False,False,False,normal,
TXN_068e40ca2862,ACC_3ebeec93669d,False,False,False,normal,
TXN_d5b41b346d27,ACC_3ebeec93669d,False,False,False,normal,
TXN_07b4a1568fd6,ACC_3ebeec93669d,False,False,False,normal,
TXN_9f3808998931,ACC_3ebeec93669d,False,False,False,normal,
TXN_f9a738570f33,ACC_3ebeec93669d,False,False,False,normal,
TXN_bf1c8f9c6856,ACC_5d73e402da24,False,False,False,normal,
TXN_635f7ff98150,ACC_5d73e402da24,False,False,False,normal,
TXN_04ba7d53d4ab,ACC_5d73e402da24,False,False,False,normal,
TXN_e6adae86d89e,ACC_5d73e402da24,False,False,False,normal,
TXN_7a824959ad9e,ACC_5d73e402da24,False,False,False,normal,
TXN_4cd88f61f247,ACC_5d73e402da24,False,False,False,normal,
TXN_1e86d16ac5fc,ACC_5d73e402da24,False,False,False,normal,
TXN_6a24d5004506,ACC_5d73e402da24,False,False,False,normal,
TXN_8e539e6210dc,ACC_5d73e402da24,False,False,False,normal,
TXN_3dcc02ecd816,ACC_5d73e402da24,False,False,False,normal,
TXN_e80629a5d088,ACC_4a5c071b8419,False,False,False,normal,
TXN_07b308b85abb,ACC_4a5c071b8419,False,False,False,normal,
TXN_24a2d1492cce,ACC_4a5c071b8419,False,False,False,normal,
TXN_7471595f2c5b,ACC_4a5c071b8419,False,False,False,normal,
TXN_004cd173ab95,ACC_4a5c071b8419,False,False,False,normal,
TXN_0aebae949925,ACC_4a5c071b8419,False,False,False,normal,
TXN_d8b66b4a9dd5,ACC_4a5c071b8419,False,False,False,normal,
TXN_6c6137b0c6af,ACC_4a5c071b8419,False,False,False,normal,
TXN_086ca63809a2,ACC_4a5c071b8419,False,False,False,normal,
TXN_120b59c375b2,ACC_4a5c071b8419,False,False,False,normal,
TXN_9d52245c4b6d,ACC_c2c271a2f2f1,False,False,False,normal,
TXN_f8c0b62c3631,ACC_c2c271a2f2f1,False,False,False,normal,
TXN_1f30ec40e33b,ACC_c2c271a2f2f1,False,False,False,normal,
TXN_7166395383f8,ACC_c2c271a2f2f1,False,False,False,normal,
TXN_dfe4bc365322,ACC_c2c271a2f2f1,False,False,False,normal,
TXN_444e307d4ae2,ACC_c2c271a2f2f1,False,False,False,normal,
TXN_d2bf23995e27,ACC_c2c271a2f2f1,False,False,False,normal,
TXN_f6b3b2eb8dd0,ACC_c2c271a2f2f1,False,False,False,normal,
TXN_610ec2b343ef,ACC_c2c271a2f2f1,False,False,False,normal,
TXN_931fa2ad2ece,ACC_c2c271a2f2f1,False,False,False,normal,
TXN_c00b18156def,ACC_a47e0c0f42c6,False,False,False,normal,
TXN_573811bb3c27,ACC_a47e0c0f42c6,False,False,False,normal,
TXN_3f73700e5e98,ACC_a47e0c0f42c6,False,False,False,normal,
TXN_68a0016c566f,ACC_a47e0c0f42c6,False,False,False,normal,
TXN_b507f6f9e68f,ACC_a47e0c0f42c6,False,False,False,normal,
TXN_000525d43a1c,ACC_a47e0c0f42c6,False,False,False,normal,
TXN_124c4ed12c22,ACC_a47e0c0f42c6,False,False,False,normal,
TXN_213f31595535,ACC_a47e0c0f42c6,False,False,False,normal,
TXN_cd72381f357c,ACC_a47e0c0f42c6,False,False,False,normal,
TXN_2329ccbe5e26,ACC_a47e0c0f42c6,False,False,False,normal,
TXN_e6ee94d338cc,ACC_23c6efd82304,False,False,False,normal,
TXN_05c109e4fede,ACC_23c6efd82304,False,False,False,normal,
TXN_508054c213cf,ACC_23c6efd82304,False,False,False,normal,
TXN_61219abd05d7,ACC_23c6efd82304,False,False,False,normal,
TXN_645dfe794951,ACC_23c6efd82304,False,False,False,normal,
TXN_6ba21f4f1280,ACC_23c6efd82304,False,False,False,normal,
TXN_fecdbe66724f,ACC_23c6efd82304,False,False,False,normal,
TXN_2e535dc7173a,ACC_23c6efd82304,False,False,False,normal,
TXN_8f7e7778c657,ACC_23c6efd82304,False,False,False,normal,
TXN_7db2b21ac90b,ACC_23c6efd82304,False,False,False,normal,
TXN_6ecf985df9de,ACC_9d854f00a876,False,False,False,normal,
TXN_687398a4897f,ACC_9d854f00a876,False,False,False,normal,
TXN_94093584a4e6,ACC_9d854f00a876,False,False,False,normal,
TXN_1c01897b0844,ACC_9d854f00a876,False,False,False,normal,
TXN_ab94304acd03,ACC_9d854f00a876,False,False,False,normal,
TXN_e28576aed735,ACC_9d854f00a876,False,False,False,normal,
TXN_5c5dacf6510f,ACC_9d854f00a876,False,False,False,normal,
TXN_941377356e9c,ACC_9d854f00a876,False,False,False,normal,
TXN_27af6fb9822f,ACC_9d854f00a876,False,False,False,normal,
TXN_6a1c41f6d86e,ACC_9d854f00a876,False,False,False,normal,
TXN_ab06627763be,ACC_dabfa50b999f,False,False,False,normal,
TXN_ce29cdba3dab,ACC_dabfa50b999f,False,False,False,normal,
TXN_e53486be94ea,ACC_dabfa50b999f,False,False,False,normal,
TXN_adecb272fb4f,ACC_dabfa50b999f,False,False,False,normal,
TXN_bf3e2bb5af0b,ACC_dabfa50b999f,False,False,False,normal,
TXN_88cd9f25b6a6,ACC_dabfa50b999f,False,False,False,normal,
TXN_8f8a67565664,ACC_dabfa50b999f,False,False,False,normal,
TXN_249eb0ad8bf0,ACC_dabfa50b999f,False,False,False,normal,
TXN_5a9f3ab21eda,ACC_dabfa50b999f,False,False,False,normal,
TXN_9eba37175211,ACC_dabfa50b999f,False,False,False,normal,
TXN_d4dba32c73ae,ACC_0d2f6434726f,False,False,False,normal,
TXN_9ebdcbc8e662,ACC_0d2f6434726f,False,False,False,normal,
TXN_55e2f93b06f6,ACC_0d2f6434726f,False,False,False,normal,
TXN_d16a4ac2c4f4,ACC_0d2f6434726f,False,False,False,normal,
TXN_2d6fc0d97ad5,ACC_0d2f6434726f,False,False,False,normal,
TXN_b1bcf57e9b8b,ACC_0d2f6434726f,False,False,False,normal,
TXN_c705e43e74b4,ACC_0d2f6434726f,False,False,False,normal,
TXN_f40c72e1b053,ACC_0d2f6434726f,False,False,False,normal,
TXN_5a3b22ddee7c,ACC_0d2f6434726f,False,False,False,normal,
TXN_3b16ca263fd0,ACC_0d2f6434726f,False,False,False,normal,
TXN_c8247b60cd3b,ACC_8fea79fff4b2,False,False,False,normal,
TXN_502fc921849c,ACC_8fea79fff4b2,False,False,False,normal,
TXN_6932f9157154,ACC_8fea79fff4b2,False,False,False,normal,
TXN_a7348867c2f2,ACC_8fea79fff4b2,False,False,False,normal,
TXN_c8ed8cfa31b5,ACC_8fea79fff4b2,False,False,False,normal,
TXN_2977fe97428d,ACC_8fea79fff4b2,False,False,False,normal,
TXN_19fe746c79b7,ACC_8fea79fff4b2,False,False,False,normal,
TXN_d4a1c7dd919c,ACC_8fea79fff4b2,False,False,False,normal,
TXN_04b0fa7d4f0a,ACC_8fea79fff4b2,False,False,False,normal,
TXN_85e54e45b50d,ACC_8fea79fff4b2,False,False,False,normal,
TXN_ba0dec7c9aa9,ACC_1c692c82628d,False,False,False,normal,
TXN_b00b9c2d453e,ACC_1c692c82628d,False,False,False,normal,
TXN_475a1143efee,ACC_1c692c82628d,False,False,False,normal,
TXN_920f800d0ca8,ACC_1c692c82628d,False,False,False,normal,
TXN_81e050a3395c,ACC_1c692c82628d,False,False,False,normal,
TXN_7ba6e98f6d5d,ACC_1c692c82628d,False,False,False,normal,
TXN_2e7bc6e5f5eb,ACC_1c692c82628d,False,False,False,normal,
TXN_9e464982ae6e,ACC_1c692c82628d,False,False,False,normal,
TXN_f485592e1e1f,ACC_1c692c82628d,False,False,False,normal,
TXN_a035e173ccde,ACC_1c692c82628d,False,False,False,normal,
TXN_221564924c17,ACC_57d64789e10a,False,False,False,normal,
TXN_6b73ecbe1a96,ACC_57d64789e10a,False,False,False,normal,
TXN_78271d36863f,ACC_57d64789e10a,False,False,False,normal,
TXN_61ce47e0b034,ACC_57d64789e10a,False,False,False,normal,
TXN_ba6dba4be9ff,ACC_57d64789e10a,False,False,False,normal,
TXN_176a1246c8bd,ACC_57d64789e10a,False,False,False,normal,
TXN_433a4563dd53,ACC_57d64789e10a,False,False,False,normal,
TXN_12a0c1e4607b,ACC_57d64789e10a,False,False,False,normal,
TXN_40690dfcba80,ACC_57d64789e10a,False,False,False,normal,
TXN_4cb257fce9b9,ACC_57d64789e10a,False,False,False,normal,
TXN_6c07dcac3c75,ACC_d8aca050b025,False,False,False,normal,
TXN_630b4da75014,ACC_d8aca050b025,False,False,False,normal,
TXN_832c9d62b369,ACC_d8aca050b025,False,False,False,normal,
TXN_76df8f12e7c1,ACC_d8aca050b025,False,False,False,normal,
TXN_012fd550da90,ACC_d8aca050b025,False,False,False,normal,
TXN_c8d895a22536,ACC_d8aca050b025,False,False,False,normal,
TXN_312e664c99bf,ACC_d8aca050b025,False,False,False,normal,
TXN_f07cba56320d,ACC_d8aca050b025,False,False,False,normal,
TXN_3edc8f60ab44,ACC_d8aca050b025,False,False,False,normal,
TXN_9f87389347bc,ACC_d8aca050b025,False,False,False,normal,
TXN_42a81806f73f,ACC_b5a8dac6c9fc,False,False,False,normal,
TXN_8cf9129b3156,ACC_b5a8dac6c9fc,False,False,False,normal,
TXN_4c4a535b8578,ACC_b5a8dac6c9fc,False,False,False,normal,
TXN_0198363d144e,ACC_b5a8dac6c9fc,False,False,False,normal,
TXN_5644ed8480af,ACC_b5a8dac6c9fc,False,False,False,normal,
TXN_7e6a14fdf7d1,ACC_b5a8dac6c9fc,False,False,False,normal,
TXN_034451cddefc,ACC_b5a8dac6c9fc,False,False,False,normal,
TXN_d7a04f4f168b,ACC_b5a8dac6c9fc,False,False,False,normal,
TXN_cd03cd439c64,ACC_b5a8dac6c9fc,False,False,False,normal,
TXN_466fbe1ab360,ACC_b5a8dac6c9fc,False,False,False,normal,
TXN_1ff42a93d719,ACC_6d6039f9b17b,False,False,False,normal,
TXN_33296b65eff1,ACC_6d6039f9b17b,False,False,False,normal,
TXN_bbc8b572f7b6,ACC_6d6039f9b17b,False,False,False,normal,
TXN_a90526a94a3c,ACC_6d6039f9b17b,False,False,False,normal,
TXN_1aa0805d97e5,ACC_6d6039f9b17b,False,False,False,normal,
TXN_b366c42309ec,ACC_6d6039f9b17b,False,False,False,normal,
TXN_d9ac7660b147,ACC_6d6039f9b17b,False,False,False,normal,
TXN_8751b9f5e7f4,ACC_6d6039f9b17b,False,False,False,normal,
TXN_5eaabda7bdb7,ACC_6d6039f9b17b,False,False,False,normal,
TXN_db109d643021,ACC_6d6039f9b17b,False,False,False,normal,
TXN_3e97810899ac,ACC_41fee58c6997,False,False,False,normal,
TXN_0d77dc6e03d2,ACC_41fee58c6997,False,False,False,normal,
TXN_0f94c3d8d45a,ACC_41fee58c6997,False,False,False,normal,
TXN_d83d8e778980,ACC_41fee58c6997,False,False,False,normal,
TXN_819757ed236d,ACC_41fee58c6997,False,False,False,normal,
TXN_a21805d37ec1,ACC_41fee58c6997,False,False,False,normal,
TXN_9db077d553bf,ACC_41fee58c6997,False,False,False,normal,
TXN_3c17fa85cb14,ACC_41fee58c6997,False,False,False,normal,
TXN_49bc59fa184e,ACC_41fee58c6997,False,False,False,normal,
TXN_b4126b268582,ACC_41fee58c6997,False,False,False,normal,
TXN_67ea269c4034,ACC_88a01a687743,False,False,False,normal,
TXN_da03978d5cff,ACC_88a01a687743,False,False,False,normal,
TXN_2385cb60a60d,ACC_88a01a687743,False,False,False,normal,
TXN_b32a59f842f5,ACC_88a01a687743,False,False,False,normal,
TXN_7c93df333fc9,ACC_88a01a687743,False,False,False,normal,
TXN_5b5740ee1e58,ACC_88a01a687743,False,False,False,normal,
TXN_6b98fd636f2b,ACC_88a01a687743,False,False,False,normal,
TXN_cf75c74ae957,ACC_88a01a687743,False,False,False,normal,
TXN_a777da2e4363,ACC_88a01a687743,False,False,False,normal,
TXN_ea7a102abda0,ACC_88a01a687743,False,False,False,normal,
TXN_ec6743a5858f,ACC_3bc60bc518a1,False,False,False,normal,
TXN_4f8cc516d967,ACC_3bc60bc518a1,False,False,False,normal,
TXN_224734d4d7f4,ACC_3bc60bc518a1,False,False,False,normal,
TXN_2ce79a3e6bc3,ACC_3bc60bc518a1,False,False,False,normal,
TXN_c7b110e285d8,ACC_3bc60bc518a1,False,False,False,normal,
TXN_39143459d091,ACC_3bc60bc518a1,False,False,False,normal,
TXN_50e9f8c0c42b,ACC_3bc60bc518a1,False,False,False,normal,
TXN_e04d7fd397ad,ACC_3bc60bc518a1,False,False,False,normal,
TXN_e68f9e259473,ACC_3bc60bc518a1,False,False,False,normal,
TXN_0a9bf6a476bb,ACC_3bc60bc518a1,False,False,False,normal,
TXN_7eeba0804546,ACC_72fb79e6c568,False,False,False,normal,
TXN_c63e4dfeb86e,ACC_72fb79e6c568,False,False,False,normal,
TXN_811cb3fcbb06,ACC_72fb79e6c568,False,False,False,normal,
TXN_5d0be8e970bd,ACC_72fb79e6c568,False,False,False,normal,
TXN_4de046c5452d,ACC_72fb79e6c568,False,False,False,normal,
TXN_dd1e55a31c15,ACC_72fb79e6c568,False,False,False,normal,
TXN_94f1980abc52,ACC_72fb79e6c568,False,False,False,normal,
TXN_272c2b2a845e,ACC_72fb79e6c568,False,False,False,normal,
TXN_b675d5def9b7,ACC_72fb79e6c568,False,False,False,normal,
TXN_fca66b0021da,ACC_72fb79e6c568,False,False,False,normal,
TXN_f1f11088d22a,ACC_67012619e3ce,False,False,False,normal,
TXN_e5f1f7fc3bb6,ACC_67012619e3ce,False,False,False,normal,
TXN_babf3dcf731a,ACC_67012619e3ce,False,False,False,normal,
TXN_0182a36e9d2c,ACC_67012619e3ce,False,False,False,normal,
TXN_3cc62f7d0fa5,ACC_67012619e3ce,False,False,False,normal,
TXN_1d6c356c87f1,ACC_67012619e3ce,False,False,False,normal,
TXN_e1729c01ec1f,ACC_67012619e3ce,False,False,False,normal,
TXN_3faf5ec9ceec,ACC_67012619e3ce,False,False,False,normal,
TXN_dfea21bef76b,ACC_67012619e3ce,False,False,False,normal,
TXN_d86a791ff557,ACC_67012619e3ce,False,False,False,normal,
TXN_5fcc8a432829,ACC_ddf99587ef6d,False,False,False,normal,
TXN_de2f41bf638f,ACC_ddf99587ef6d,False,False,False,normal,
TXN_8b4b1c376e23,ACC_ddf99587ef6d,False,False,False,normal,
TXN_82fcdbc3a599,ACC_ddf99587ef6d,False,False,False,normal,
TXN_0803a948b2eb,ACC_ddf99587ef6d,False,False,False,normal,
TXN_7b0fc7e2339f,ACC_ddf99587ef6d,False,False,False,normal,
TXN_693a05b480ee,ACC_ddf99587ef6d,False,False,False,normal,
TXN_e3deaa1ae445,ACC_ddf99587ef6d,False,False,False,normal,
TXN_d025b20213ee,ACC_ddf99587ef6d,False,False,False,normal,
TXN_9c231543d87f,ACC_ddf99587ef6d,False,False,False,normal,
TXN_e2884f606fe0,ACC_514edf80de58,False,False,False,normal,
TXN_8e365697d7b6,ACC_514edf80de58,False,False,False,normal,
TXN_1be81d01020e,ACC_514edf80de58,False,False,False,normal,
TXN_7fad1210af08,ACC_514edf80de58,False,False,False,normal,
TXN_f1d0bc81bafd,ACC_514edf80de58,False,False,False,normal,
TXN_fb1539923fad,ACC_514edf80de58,False,False,False,normal,
TXN_af1113c3fc3b,ACC_514edf80de58,False,False,False,normal,
TXN_6178d0791459,ACC_514edf80de58,False,False,False,normal,
TXN_3e9762359520,ACC_514edf80de58,False,False,False,normal,
TXN_72d67119c0e3,ACC_514edf80de58,False,False,False,normal,
TXN_2637442b1b1a,ACC_460f0d6b2e5d,False,False,False,normal,
TXN_fcc6da254108,ACC_460f0d6b2e5d,False,False,False,normal,
TXN_5c5f0fdeab07,ACC_460f0d6b2e5d,False,False,False,normal,
TXN_4e8a63108ed7,ACC_460f0d6b2e5d,False,False,False,normal,
TXN_c65cd0dd5b0b,ACC_460f0d6b2e5d,False,False,False,normal,
TXN_a71c386c544c,ACC_460f0d6b2e5d,False,False,False,normal,
TXN_9d692fe11a81,ACC_460f0d6b2e5d,False,False,False,normal,
TXN_711d897374d6,ACC_460f0d6b2e5d,False,False,False,normal,
TXN_019f43b19721,ACC_460f0d6b2e5d,False,False,False,normal,
TXN_2707d34f94f0,ACC_460f0d6b2e5d,False,False,False,normal,
TXN_45864c820dcc,ACC_1a4f9b6db903,False,False,False,normal,
TXN_ea2f7955a149,ACC_1a4f9b6db903,False,False,False,normal,
TXN_91fd924f8feb,ACC_1a4f9b6db903,False,False,False,normal,
TXN_1378f334629b,ACC_1a4f9b6db903,False,False,False,normal,
TXN_b5cdc85a1a9a,ACC_1a4f9b6db903,False,False,False,normal,
TXN_e950f3da08ca,ACC_1a4f9b6db903,False,False,False,normal,
TXN_1398ab5c552e,ACC_1a4f9b6db903,False,False,False,normal,
TXN_6db277fbbb04,ACC_1a4f9b6db903,False,False,False,normal,
TXN_51a6186905c2,ACC_1a4f9b6db903,False,False,False,normal,
TXN_47d2d5ec7d67,ACC_1a4f9b6db903,False,False,False,normal,
TXN_57fdaf5747af,ACC_5b9a7110796d,False,False,False,normal,
TXN_c275ae25096e,ACC_5b9a7110796d,False,False,False,normal,
TXN_77d14c3e727e,ACC_5b9a7110796d,False,False,False,normal,
TXN_eeeb7d21ee7c,ACC_5b9a7110796d,False,False,False,normal,
TXN_6ca0c25cb5cb,ACC_5b9a7110796d,False,False,False,normal,
TXN_fbe7811e542c,ACC_5b9a7110796d,False,False,False,normal,
TXN_0311c83fe614,ACC_5b9a7110796d,False,False,False,normal,
TXN_e06dbce5adb4,ACC_5b9a7110796d,False,False,False,normal,
TXN_331c0d5593a8,ACC_5b9a7110796d,False,False,False,normal,
TXN_e4edd88651f1,ACC_5b9a7110796d,False,False,False,normal,
TXN_23bda7aae1ae,ACC_b7ce60e64521,True,False,True,fraud_ring,RING_001
TXN_ef0a1d715f21,ACC_b7ce60e64521,True,False,True,fraud_ring,RING_001
TXN_12a4e7b34a7d,ACC_b7ce60e64521,True,False,True,fraud_ring,RING_001
TXN_beb4cee829cb,ACC_b7ce60e64521,True,False,True,fraud_ring,RING_001
TXN_238ddbbbb1e7,ACC_b7ce60e64521,True,False,True,fraud_ring,RING_001
TXN_64c2d101e417,ACC_b7ce60e64521,True,False,True,fraud_ring,RING_001
TXN_93dcb1a24130,ACC_b7ce60e64521,True,False,True,fraud_ring,RING_001
TXN_1a3e572703c4,ACC_b7ce60e64521,True,False,True,fraud_ring,RING_001
TXN_d84b48e35971,ACC_b7ce60e64521,True,False,True,fraud_ring,RING_001
TXN_54465f71df3f,ACC_b7ce60e64521,True,False,True,fraud_ring,RING_001
TXN_07a5bc953039,ACC_8b03bf511b31,False,False,False,normal,
TXN_4f6fec5824bc,ACC_8b03bf511b31,False,False,False,normal,
TXN_5c188b6a7581,ACC_8b03bf511b31,False,False,False,normal,
TXN_fc6022f669ec,ACC_8b03bf511b31,False,False,False,normal,
TXN_0ea5bb01147e,ACC_8b03bf511b31,False,False,False,normal,
TXN_a21cebd701e6,ACC_8b03bf511b31,False,False,False,normal,
TXN_21afeda16507,ACC_8b03bf511b31,False,False,False,normal,
TXN_810cda5f24da,ACC_8b03bf511b31,False,False,False,normal,
TXN_b209fa69bc71,ACC_8b03bf511b31,False,False,False,normal,
TXN_657b57611142,ACC_8b03bf511b31,False,False,False,normal,
TXN_ef94f2c80caa,ACC_e1ba5e91a2de,False,False,False,normal,
TXN_adda8f969b92,ACC_e1ba5e91a2de,False,False,False,normal,
TXN_f11939fd71bb,ACC_e1ba5e91a2de,False,False,False,normal,
TXN_3b78841a1d9b,ACC_e1ba5e91a2de,False,False,False,normal,
TXN_462a71278438,ACC_e1ba5e91a2de,False,False,False,normal,
TXN_1485c8193d68,ACC_e1ba5e91a2de,False,False,False,normal,
TXN_d707ad0e81b3,ACC_e1ba5e91a2de,False,False,False,normal,
TXN_197d0faab417,ACC_e1ba5e91a2de,False,False,False,normal,
TXN_016d4f3279c1,ACC_e1ba5e91a2de,False,False,False,normal,
TXN_832d2ec2c06a,ACC_e1ba5e91a2de,False,False,False,normal,
TXN_d57fee633000,ACC_362821cf84f7,True,False,True,fraud_ring,RING_003
TXN_26cd994f5c66,ACC_362821cf84f7,True,False,True,fraud_ring,RING_003
TXN_182f653f5af7,ACC_362821cf84f7,True,False,True,fraud_ring,RING_003
TXN_0edc50517774,ACC_362821cf84f7,True,False,True,fraud_ring,RING_003
TXN_c25dd97b543b,ACC_362821cf84f7,True,False,True,fraud_ring,RING_003
TXN_98ac2e815b36,ACC_362821cf84f7,True,False,True,fraud_ring,RING_003
TXN_8c1989044787,ACC_362821cf84f7,True,False,True,fraud_ring,RING_003
TXN_3cd911678dfd,ACC_362821cf84f7,True,False,True,fraud_ring,RING_003
TXN_898b77e8b028,ACC_362821cf84f7,True,False,True,fraud_ring,RING_003
TXN_fb18e074c5d4,ACC_362821cf84f7,True,False,True,fraud_ring,RING_003
TXN_c10bb2a5f904,ACC_c2d5967eb4a9,False,False,False,normal,
TXN_089a1e48ec79,ACC_c2d5967eb4a9,False,False,False,normal,
TXN_4225e5227285,ACC_c2d5967eb4a9,False,False,False,normal,
TXN_537b0b97a874,ACC_c2d5967eb4a9,False,False,False,normal,
TXN_cbcf0ae60af2,ACC_c2d5967eb4a9,False,False,False,normal,
TXN_f1455e0eed64,ACC_c2d5967eb4a9,False,False,False,normal,
TXN_a4fa1302004a,ACC_c2d5967eb4a9,False,False,False,normal,
TXN_55642572a2f8,ACC_c2d5967eb4a9,False,False,False,normal,
TXN_2f0297dbe493,ACC_c2d5967eb4a9,False,False,False,normal,
TXN_033c2f9d4fc4,ACC_c2d5967eb4a9,False,False,False,normal,
TXN_2c11d42dfb27,ACC_9aeb0758705c,False,False,False,normal,
TXN_fa5705cffb91,ACC_9aeb0758705c,False,False,False,normal,
TXN_cb6e751e19b9,ACC_9aeb0758705c,False,False,False,normal,
TXN_6d113cfa8dd8,ACC_9aeb0758705c,False,False,False,normal,
TXN_51be131ba442,ACC_9aeb0758705c,False,False,False,normal,
TXN_b32e69d36754,ACC_9aeb0758705c,False,False,False,normal,
TXN_56ce86c2c568,ACC_9aeb0758705c,False,False,False,normal,
TXN_3086d0b399bb,ACC_9aeb0758705c,False,False,False,normal,
TXN_e4885f4086f6,ACC_9aeb0758705c,False,False,False,normal,
TXN_81de1c68e973,ACC_9aeb0758705c,False,False,False,normal,
TXN_aa6063dda1e1,ACC_ff6aaf95de05,False,False,False,normal,
TXN_d9046acbfd3a,ACC_ff6aaf95de05,False,False,False,normal,
TXN_de7256c58fd6,ACC_ff6aaf95de05,False,False,False,normal,
TXN_8887c5684688,ACC_ff6aaf95de05,False,False,False,normal,
TXN_6231b0c957ed,ACC_ff6aaf95de05,False,False,False,normal,
TXN_02a062109cd2,ACC_ff6aaf95de05,False,False,False,normal,
TXN_55030b08da49,ACC_ff6aaf95de05,False,False,False,normal,
TXN_2c7a063c7903,ACC_ff6aaf95de05,False,False,False,normal,
TXN_e013b96bbd3b,ACC_ff6aaf95de05,False,False,False,normal,
TXN_831374ea99e4,ACC_ff6aaf95de05,False,False,False,normal,
TXN_b43431216adc,ACC_007c1dc1288d,False,False,False,normal,
TXN_5ca9e68a43c6,ACC_007c1dc1288d,False,False,False,normal,
TXN_9e20f107ced4,ACC_007c1dc1288d,False,False,False,normal,
TXN_e654664014d9,ACC_007c1dc1288d,False,False,False,normal,
TXN_f9cdfcf23d22,ACC_007c1dc1288d,False,False,False,normal,
TXN_0130e3727e72,ACC_007c1dc1288d,False,False,False,normal,
TXN_e3ca6dba19cd,ACC_007c1dc1288d,False,False,False,normal,
TXN_d3528e4de084,ACC_007c1dc1288d,False,False,False,normal,
TXN_a1854f23caaf,ACC_007c1dc1288d,False,False,False,normal,
TXN_6b1a49176440,ACC_007c1dc1288d,False,False,False,normal,
TXN_744b2b0379f6,ACC_3064bc9d97b1,False,False,False,normal,
TXN_cbd37a94baff,ACC_3064bc9d97b1,False,False,False,normal,
TXN_b33b9f050bc8,ACC_3064bc9d97b1,False,False,False,normal,
TXN_9c4c49781ee9,ACC_3064bc9d97b1,False,False,False,normal,
TXN_86673ef21bfa,ACC_3064bc9d97b1,False,False,False,normal,
TXN_54ee8b4aa743,ACC_3064bc9d97b1,False,False,False,normal,
TXN_46a8d6513be5,ACC_3064bc9d97b1,False,False,False,normal,
TXN_2e643400ed01,ACC_3064bc9d97b1,False,False,False,normal,
TXN_f4c21f426848,ACC_3064bc9d97b1,False,False,False,normal,
TXN_ab488dccc47f,ACC_3064bc9d97b1,False,False,False,normal,
TXN_e8107540d96d,ACC_7ad008f0ee45,True,False,True,fraud_ring,RING_004
TXN_e8d12805736c,ACC_7ad008f0ee45,True,False,True,fraud_ring,RING_004
TXN_02a33aa8c802,ACC_7ad008f0ee45,True,False,True,fraud_ring,RING_004
TXN_25a49121ceb9,ACC_7ad008f0ee45,True,False,True,fraud_ring,RING_004
TXN_a8845c5bb032,ACC_7ad008f0ee45,True,False,True,fraud_ring,RING_004
TXN_54e1fc7c6b6d,ACC_7ad008f0ee45,True,False,True,fraud_ring,RING_004
TXN_2e2f0d708030,ACC_7ad008f0ee45,True,False,True,fraud_ring,RING_004
TXN_932821760833,ACC_7ad008f0ee45,True,False,True,fraud_ring,RING_004
TXN_19d62c7b2720,ACC_7ad008f0ee45,True,False,True,fraud_ring,RING_004
TXN_66eb8ac318cc,ACC_7ad008f0ee45,True,False,True,fraud_ring,RING_004
TXN_efe507e131e8,ACC_c840864ab43f,False,False,False,normal,
TXN_b789cec453f0,ACC_c840864ab43f,False,False,False,normal,
TXN_0b6d712b86d5,ACC_c840864ab43f,False,False,False,normal,
TXN_6534cd53058b,ACC_c840864ab43f,False,False,False,normal,
TXN_63e0f047f494,ACC_c840864ab43f,False,False,False,normal,
TXN_1ace2080f1f6,ACC_c840864ab43f,False,False,False,normal,
TXN_15dccd3799c8,ACC_c840864ab43f,False,False,False,normal,
TXN_52503d04d2f2,ACC_c840864ab43f,False,False,False,normal,
TXN_5bb18a3c7688,ACC_c840864ab43f,False,False,False,normal,
TXN_62458b02cc7d,ACC_c840864ab43f,False,False,False,normal,
TXN_23c2f846125b,ACC_6e06c94d0b5d,False,False,False,normal,
TXN_e53d3a69ac35,ACC_6e06c94d0b5d,False,False,False,normal,
TXN_e84b4ed415b0,ACC_6e06c94d0b5d,False,False,False,normal,
TXN_4d7e443fee94,ACC_6e06c94d0b5d,False,False,False,normal,
TXN_9bf9ed2f2110,ACC_6e06c94d0b5d,False,False,False,normal,
TXN_ad6bfa4d89ef,ACC_6e06c94d0b5d,False,False,False,normal,
TXN_1d66590f716b,ACC_6e06c94d0b5d,False,False,False,normal,
TXN_fc230ba4436c,ACC_6e06c94d0b5d,False,False,False,normal,
TXN_074880756f9a,ACC_6e06c94d0b5d,False,False,False,normal,
TXN_cad44744fa49,ACC_6e06c94d0b5d,False,False,False,normal,
TXN_514960f9c1dc,ACC_5d4224ab6015,False,False,False,normal,
TXN_b6856977ed9c,ACC_5d4224ab6015,False,False,False,normal,
TXN_1fbce31a935e,ACC_5d4224ab6015,False,False,False,normal,
TXN_09e9dbb4f644,ACC_5d4224ab6015,False,False,False,normal,
TXN_1d9a5040bfd2,ACC_5d4224ab6015,False,False,False,normal,
TXN_45f5b9372763,ACC_5d4224ab6015,False,False,False,normal,
TXN_2fd7ef66392f,ACC_5d4224ab6015,False,False,False,normal,
TXN_33dc91f309e0,ACC_5d4224ab6015,False,False,False,normal,
TXN_d9a3989ce0ff,ACC_5d4224ab6015,False,False,False,normal,
TXN_2fd1536602e8,ACC_5d4224ab6015,False,False,False,normal,
TXN_f9cf0a6c0887,ACC_ec7e6c2faeeb,False,False,False,normal,
TXN_cc24072b8b0b,ACC_ec7e6c2faeeb,False,False,False,normal,
TXN_1e60b6b5434e,ACC_ec7e6c2faeeb,False,False,False,normal,
TXN_591bc6398f53,ACC_ec7e6c2faeeb,False,False,False,normal,
TXN_b2bf9eb34c6a,ACC_ec7e6c2faeeb,False,False,False,normal,
TXN_e9ad7bb74b1f,ACC_ec7e6c2faeeb,False,False,False,normal,
TXN_38dba0667465,ACC_ec7e6c2faeeb,False,False,False,normal,
TXN_f9b972729d87,ACC_ec7e6c2faeeb,False,False,False,normal,
TXN_5a253c166fa9,ACC_ec7e6c2faeeb,False,False,False,normal,
TXN_30e4ef6ab88b,ACC_ec7e6c2faeeb,False,False,False,normal,
TXN_f45ff1d6cd28,ACC_54e077bf7614,False,False,False,normal,
TXN_ada2b30ee343,ACC_54e077bf7614,False,False,False,normal,
TXN_69097683645d,ACC_54e077bf7614,False,False,False,normal,
TXN_0ae6945d8cb8,ACC_54e077bf7614,False,False,False,normal,
TXN_df4807551e55,ACC_54e077bf7614,False,False,False,normal,
TXN_11cc3bb62f2b,ACC_54e077bf7614,False,False,False,normal,
TXN_5fcb83d201b2,ACC_54e077bf7614,False,False,False,normal,
TXN_e85de6f84ce9,ACC_54e077bf7614,False,False,False,normal,
TXN_c9c3db354d74,ACC_54e077bf7614,False,False,False,normal,
TXN_9d8999087bda,ACC_54e077bf7614,False,False,False,normal,
TXN_75949c0f4fba,ACC_655499402612,False,False,False,normal,
TXN_8c2f39018276,ACC_655499402612,False,False,False,normal,
TXN_f5f7f72546dd,ACC_655499402612,False,False,False,normal,
TXN_5687bba795be,ACC_655499402612,False,False,False,normal,
TXN_07cff5d57be6,ACC_655499402612,False,False,False,normal,
TXN_14ceff1a60c5,ACC_655499402612,False,False,False,normal,
TXN_d0cd0716304d,ACC_655499402612,False,False,False,normal,
TXN_88f4b166c383,ACC_655499402612,False,False,False,normal,
TXN_bb853b11a045,ACC_655499402612,False,False,False,normal,
TXN_e14ab5c7b156,ACC_655499402612,False,False,False,normal,
TXN_d6578e66a04a,ACC_d5b2c5130426,False,False,False,normal,
TXN_a918ccbea8ed,ACC_d5b2c5130426,False,False,False,normal,
TXN_82cf1fdfc7dd,ACC_d5b2c5130426,False,False,False,normal,
TXN_703bb4bed722,ACC_d5b2c5130426,False,False,False,normal,
TXN_fc8e5e5b5cde,ACC_d5b2c5130426,False,False,False,normal,
TXN_f42123c834ef,ACC_d5b2c5130426,False,False,False,normal,
TXN_8734cd9d2bb4,ACC_d5b2c5130426,False,False,False,normal,
TXN_2edba5bcb830,ACC_d5b2c5130426,False,False,False,normal,
TXN_03822c1b17b2,ACC_d5b2c5130426,False,False,False,normal,
TXN_0569142abbcd,ACC_d5b2c5130426,False,False,False,normal,
TXN_40f3ce1fe3aa,ACC_3827197d0962,False,False,False,normal,
TXN_6584912baf2b,ACC_3827197d0962,False,False,False,normal,
TXN_1169b4119ffa,ACC_3827197d0962,False,False,False,normal,
TXN_a478371bed73,ACC_3827197d0962,False,False,False,normal,
TXN_b0ec425fe999,ACC_3827197d0962,False,False,False,normal,
TXN_b7e0815dbb8f,ACC_3827197d0962,False,False,False,normal,
TXN_4c7e4398e281,ACC_3827197d0962,False,False,False,normal,
TXN_dfef773efc0d,ACC_3827197d0962,False,False,False,normal,
TXN_fb3b884aeed3,ACC_3827197d0962,False,False,False,normal,
TXN_bfc1f92f640d,ACC_3827197d0962,False,False,False,normal,
TXN_9fe3e3e687fe,ACC_d78b735888d5,False,False,False,normal,
TXN_49eaa3b68e91,ACC_d78b735888d5,False,False,False,normal,
TXN_1ab49148d49b,ACC_d78b735888d5,False,False,False,normal,
TXN_a6736751dd78,ACC_d78b735888d5,False,False,False,normal,
TXN_902cd27eeb7e,ACC_d78b735888d5,False,False,False,normal,
TXN_6e94f670a45a,ACC_d78b735888d5,False,False,False,normal,
TXN_3939e49a1c8d,ACC_d78b735888d5,False,False,False,normal,
TXN_64f977bc25ae,ACC_d78b735888d5,False,False,False,normal,
TXN_479203ad9d7c,ACC_d78b735888d5,False,False,False,normal,
TXN_8bb6cfa463f9,ACC_d78b735888d5,False,False,False,normal,
TXN_c90173ec604a,ACC_1c4895169479,False,False,False,normal,
TXN_c0bce16ec085,ACC_1c4895169479,False,False,False,normal,
TXN_bc64d8d85dab,ACC_1c4895169479,False,False,False,normal,
TXN_39097d07b316,ACC_1c4895169479,False,False,False,normal,
TXN_d9e2a492674f,ACC_1c4895169479,False,False,False,normal,
TXN_75eb5542d3f1,ACC_1c4895169479,False,False,False,normal,
TXN_98aea820742c,ACC_1c4895169479,False,False,False,normal,
TXN_4de822b90d26,ACC_1c4895169479,False,False,False,normal,
TXN_2f2e5be49fa8,ACC_1c4895169479,False,False,False,normal,
TXN_c8db4c01dbbb,ACC_1c4895169479,False,False,False,normal,
TXN_776f4feafd1f,ACC_72d153ce6daf,False,False,False,normal,
TXN_3ace74ca34fc,ACC_72d153ce6daf,False,False,False,normal,
TXN_00a34fc8ba3c,ACC_72d153ce6daf,False,False,False,normal,
TXN_cfb79b0b597e,ACC_72d153ce6daf,False,False,False,normal,
TXN_0ec9cb238f8e,ACC_72d153ce6daf,False,False,False,normal,
TXN_50e31694e063,ACC_72d153ce6daf,False,False,False,normal,
TXN_041e88c37b22,ACC_72d153ce6daf,False,False,False,normal,
TXN_0ffdef36234b,ACC_72d153ce6daf,False,False,False,normal,
TXN_171dcf1fabc5,ACC_72d153ce6daf,False,False,False,normal,
TXN_801d03e70d20,ACC_72d153ce6daf,False,False,False,normal,
TXN_3c26190f6e01,ACC_f597d5244064,False,False,False,normal,
TXN_6ef30741ce89,ACC_f597d5244064,False,False,False,normal,
TXN_34fbc97842e0,ACC_f597d5244064,False,False,False,normal,
TXN_f04cc7e8a5dc,ACC_f597d5244064,False,False,False,normal,
TXN_7dcce4a362f0,ACC_f597d5244064,False,False,False,normal,
TXN_46d3848e391f,ACC_f597d5244064,False,False,False,normal,
TXN_3d5698365512,ACC_f597d5244064,False,False,False,normal,
TXN_ef91b7f23b73,ACC_f597d5244064,False,False,False,normal,
TXN_78f4e3ab9d38,ACC_f597d5244064,False,False,False,normal,
TXN_610482e4ae08,ACC_f597d5244064,False,False,False,normal,
TXN_7422bbbb753e,ACC_00c18eac9e5f,False,False,False,normal,
TXN_1d5baa17d35c,ACC_00c18eac9e5f,False,False,False,normal,
TXN_1609466b5e7d,ACC_00c18eac9e5f,False,False,False,normal,
TXN_9e1afde679b6,ACC_00c18eac9e5f,False,False,False,normal,
TXN_155a6ceadf8e,ACC_00c18eac9e5f,False,False,False,normal,
TXN_4ab270850dc1,ACC_00c18eac9e5f,False,False,False,normal,
TXN_71ceb04ba527,ACC_00c18eac9e5f,False,False,False,normal,
TXN_40aa562bc290,ACC_00c18eac9e5f,False,False,False,normal,
TXN_9a635a155023,ACC_00c18eac9e5f,False,False,False,normal,
TXN_cee602405e8c,ACC_00c18eac9e5f,False,False,False,normal,
TXN_31573527c528,ACC_5de47e2240c8,False,False,False,normal,
TXN_dbd6c7cb6ef7,ACC_5de47e2240c8,False,False,False,normal,
TXN_d786d468d2cf,ACC_5de47e2240c8,False,False,False,normal,
TXN_8d9c0f8f56e0,ACC_5de47e2240c8,False,False,False,normal,
TXN_5e2be418a1b0,ACC_5de47e2240c8,False,False,False,normal,
TXN_d91799159138,ACC_5de47e2240c8,False,False,False,normal,
TXN_102872a35368,ACC_5de47e2240c8,False,False,False,normal,
TXN_3e4dc7220eb2,ACC_5de47e2240c8,False,False,False,normal,
TXN_68e75bad0d1b,ACC_5de47e2240c8,False,False,False,normal,
TXN_bd49de2caf9b,ACC_5de47e2240c8,False,False,False,normal,
TXN_f618e162305a,ACC_50a9b0ab32ee,False,False,False,normal,
TXN_de3b90a8b721,ACC_50a9b0ab32ee,False,False,False,normal,
TXN_11cb2943285c,ACC_50a9b0ab32ee,False,False,False,normal,
TXN_572a646e00b2,ACC_50a9b0ab32ee,False,False,False,normal,
TXN_5b2a706ef3f8,ACC_50a9b0ab32ee,False,False,False,normal,
TXN_097c19108f65,ACC_50a9b0ab32ee,False,False,False,normal,
TXN_1664de6bf0f9,ACC_50a9b0ab32ee,False,False,False,normal,
TXN_b97f810aa304,ACC_50a9b0ab32ee,False,False,False,normal,
TXN_691641cb5c97,ACC_50a9b0ab32ee,False,False,False,normal,
TXN_0066ae2c1f66,ACC_50a9b0ab32ee,False,False,False,normal,
TXN_d1c36a5764eb,ACC_b04ce14eb015,False,False,False,normal,
TXN_1d1c81591915,ACC_b04ce14eb015,False,False,False,normal,
TXN_963e748c8072,ACC_b04ce14eb015,False,False,False,normal,
TXN_13f439a238e9,ACC_b04ce14eb015,False,False,False,normal,
TXN_65be1616b5b8,ACC_b04ce14eb015,False,False,False,normal,
TXN_6602caa733e9,ACC_b04ce14eb015,False,False,False,normal,
TXN_b221b181cfb3,ACC_b04ce14eb015,False,False,False,normal,
TXN_ffcc7915061b,ACC_b04ce14eb015,False,False,False,normal,
TXN_a1735938df2f,ACC_b04ce14eb015,False,False,False,normal,
TXN_920a94097937,ACC_b04ce14eb015,False,False,False,normal,
TXN_39f92744615d,ACC_84810ee33582,False,False,False,normal,
TXN_d787acb4f687,ACC_84810ee33582,False,False,False,normal,
TXN_40effb464e74,ACC_84810ee33582,False,False,False,normal,
TXN_3c463b0a0159,ACC_84810ee33582,False,False,False,normal,
TXN_2849aca41b15,ACC_84810ee33582,False,False,False,normal,
TXN_e2477dc16eb5,ACC_84810ee33582,False,False,False,normal,
TXN_7ec89c1b1cb3,ACC_84810ee33582,False,False,False,normal,
TXN_2be3755e43a5,ACC_84810ee33582,False,False,False,normal,
TXN_7744be3507a8,ACC_84810ee33582,False,False,False,normal,
TXN_c8347eeffb12,ACC_84810ee33582,False,False,False,normal,
TXN_35b3254692e1,ACC_b4a544bba761,False,False,False,normal,
TXN_a6ac8ef0a63a,ACC_b4a544bba761,False,False,False,normal,
TXN_8f3ed9956772,ACC_b4a544bba761,False,False,False,normal,
TXN_df2dda6a5c59,ACC_b4a544bba761,False,False,False,normal,
TXN_ba10cf128b08,ACC_b4a544bba761,False,False,False,normal,
TXN_8d9dab40be01,ACC_b4a544bba761,False,False,False,normal,
TXN_025ae1b930a1,ACC_b4a544bba761,False,False,False,normal,
TXN_ffb6522783e7,ACC_b4a544bba761,False,False,False,normal,
TXN_b250dbf294dd,ACC_b4a544bba761,False,False,False,normal,
TXN_5a902dbde393,ACC_b4a544bba761,False,False,False,normal,
TXN_ad19c858d899,ACC_e23de7f9866c,False,False,False,normal,
TXN_6af54ea83924,ACC_e23de7f9866c,False,False,False,normal,
TXN_9f63309c440a,ACC_e23de7f9866c,False,False,False,normal,
TXN_2ee36c83afb4,ACC_e23de7f9866c,False,False,False,normal,
TXN_6023b804aeb2,ACC_e23de7f9866c,False,False,False,normal,
TXN_8a7be2029e05,ACC_e23de7f9866c,False,False,False,normal,
TXN_89b8343270c1,ACC_e23de7f9866c,False,False,False,normal,
TXN_5c3962f1b759,ACC_e23de7f9866c,False,False,False,normal,
TXN_e238fbcb744a,ACC_e23de7f9866c,False,False,False,normal,
TXN_d29259d399c3,ACC_e23de7f9866c,False,False,False,normal,
TXN_1653e3075954,ACC_0ec271134985,False,False,False,normal,
TXN_87ba9f64cc3d,ACC_0ec271134985,False,False,False,normal,
TXN_730f4b3911ef,ACC_0ec271134985,False,False,False,normal,
TXN_53ec20588061,ACC_0ec271134985,False,False,False,normal,
TXN_143084e3cc4b,ACC_0ec271134985,False,False,False,normal,
TXN_7a44547e250c,ACC_0ec271134985,False,False,False,normal,
TXN_5c7689a3c855,ACC_0ec271134985,False,False,False,normal,
TXN_afdf0ee2636a,ACC_0ec271134985,False,False,False,normal,
TXN_3a8b14d6ddaa,ACC_0ec271134985,False,False,False,normal,
TXN_01cefdcb7e9c,ACC_0ec271134985,False,False,False,normal,
TXN_2b0c633271c4,ACC_91b38de09f58,False,False,False,normal,
TXN_8539a2c9b0a9,ACC_91b38de09f58,False,False,False,normal,
TXN_13e42c3d9aba,ACC_91b38de09f58,False,False,False,normal,
TXN_55e0a91dc614,ACC_91b38de09f58,False,False,False,normal,
TXN_359ba93cab9f,ACC_91b38de09f58,False,False,False,normal,
TXN_e155ec96c046,ACC_91b38de09f58,False,False,False,normal,
TXN_72da487e2a4c,ACC_91b38de09f58,False,False,False,normal,
TXN_61bcbc6852aa,ACC_91b38de09f58,False,False,False,normal,
TXN_149fb8f55456,ACC_91b38de09f58,False,False,False,normal,
TXN_7fed44662c20,ACC_91b38de09f58,False,False,False,normal,
TXN_bba0f5e8f121,ACC_f836e2528cea,False,False,False,normal,
TXN_69d58b622983,ACC_f836e2528cea,False,False,False,normal,
TXN_3b816a5f1bfc,ACC_f836e2528cea,False,False,False,normal,
TXN_f4cb8492fb5e,ACC_f836e2528cea,False,False,False,normal,
TXN_eba83f859fc5,ACC_f836e2528cea,False,False,False,normal,
TXN_1639ae1d9cd9,ACC_f836e2528cea,False,False,False,normal,
TXN_bd2d7b9d42a2,ACC_f836e2528cea,False,False,False,normal,
TXN_b90f540ea99f,ACC_f836e2528cea,False,False,False,normal,
TXN_d48e7dd282a7,ACC_f836e2528cea,False,False,False,normal,
TXN_7fc30739560d,ACC_f836e2528cea,False,False,False,normal,
TXN_edcc9b7076a7,ACC_4f2931a59d88,False,False,False,normal,
TXN_3a5e8d20485d,ACC_4f2931a59d88,False,False,False,normal,
TXN_b31d1bea1be4,ACC_4f2931a59d88,False,False,False,normal,
TXN_3fac60caeb96,ACC_4f2931a59d88,False,False,False,normal,
TXN_9aa7f1ae2130,ACC_4f2931a59d88,False,False,False,normal,
TXN_04bb5328dcf3,ACC_4f2931a59d88,False,False,False,normal,
TXN_347f6c63d162,ACC_4f2931a59d88,False,False,False,normal,
TXN_287a7838f0cd,ACC_4f2931a59d88,False,False,False,normal,
TXN_36d3ca2a50d3,ACC_4f2931a59d88,False,False,False,normal,
TXN_471c18d01858,ACC_4f2931a59d88,False,False,False,normal,
TXN_3028c0bed79d,ACC_4c3297f0e2d8,False,False,False,normal,
TXN_0ed2d1d958e9,ACC_4c3297f0e2d8,False,False,False,normal,
TXN_8160e66435a6,ACC_4c3297f0e2d8,False,False,False,normal,
TXN_7996381486d8,ACC_4c3297f0e2d8,False,False,False,normal,
TXN_f152073b683a,ACC_4c3297f0e2d8,False,False,False,normal,
TXN_11f9d567da8d,ACC_4c3297f0e2d8,False,False,False,normal,
TXN_7ecab1686bd7,ACC_4c3297f0e2d8,False,False,False,normal,
TXN_fe1eb60f24df,ACC_4c3297f0e2d8,False,False,False,normal,
TXN_c67e58e5d75b,ACC_4c3297f0e2d8,False,False,False,normal,
TXN_9df9e6deeaa1,ACC_4c3297f0e2d8,False,False,False,normal,
TXN_bebd4dd5e20d,ACC_7ef08dbd11fc,False,False,False,normal,
TXN_7ee1d56a4602,ACC_7ef08dbd11fc,False,False,False,normal,
TXN_8323f2aec7d5,ACC_7ef08dbd11fc,False,False,False,normal,
TXN_b7c2193d336f,ACC_7ef08dbd11fc,False,False,False,normal,
TXN_2d6fd4452a77,ACC_7ef08dbd11fc,False,False,False,normal,
TXN_18a265d6ba79,ACC_7ef08dbd11fc,False,False,False,normal,
TXN_ab8cb3e15e79,ACC_7ef08dbd11fc,False,False,False,normal,
TXN_4a8923a35b43,ACC_7ef08dbd11fc,False,False,False,normal,
TXN_1b05167ab64f,ACC_7ef08dbd11fc,False,False,False,normal,
TXN_6777ba30990b,ACC_7ef08dbd11fc,False,False,False,normal,
TXN_77e46bf1e0a1,ACC_a55a27163c29,True,False,True,fraud_ring,RING_002
TXN_a271c6c39672,ACC_a55a27163c29,True,False,True,fraud_ring,RING_002
TXN_75abd953e60f,ACC_a55a27163c29,True,False,True,fraud_ring,RING_002
TXN_30db814dd65f,ACC_a55a27163c29,True,False,True,fraud_ring,RING_002
TXN_f4cbedbcb6d1,ACC_a55a27163c29,True,False,True,fraud_ring,RING_002
TXN_29f8c86d65c7,ACC_a55a27163c29,True,False,True,fraud_ring,RING_002
TXN_d650a33098f8,ACC_a55a27163c29,True,False,True,fraud_ring,RING_002
TXN_21e992a18153,ACC_a55a27163c29,True,False,True,fraud_ring,RING_002
TXN_583d35d6f5dc,ACC_a55a27163c29,True,False,True,fraud_ring,RING_002
TXN_6c688e9ff8a5,ACC_a55a27163c29,True,False,True,fraud_ring,RING_002
TXN_bc28cfe8349d,ACC_26d31785b3c0,False,False,False,normal,
TXN_f26d5571e00d,ACC_26d31785b3c0,False,False,False,normal,
TXN_39100dc35cb5,ACC_26d31785b3c0,False,False,False,normal,
TXN_01a08cc57408,ACC_26d31785b3c0,False,False,False,normal,
TXN_d148d57711c4,ACC_26d31785b3c0,False,False,False,normal,
TXN_cdfa5dba5340,ACC_26d31785b3c0,False,False,False,normal,
TXN_d4657749bae0,ACC_26d31785b3c0,False,False,False,normal,
TXN_3f34bf366c91,ACC_26d31785b3c0,False,False,False,normal,
TXN_5376159cd1c5,ACC_26d31785b3c0,False,False,False,normal,
TXN_551608919ded,ACC_26d31785b3c0,False,False,False,normal,
TXN_734c910c4b67,ACC_a858ec67a7a7,False,False,False,normal,
TXN_903b94ba8c96,ACC_a858ec67a7a7,False,False,False,normal,
TXN_dc1811f6bf53,ACC_a858ec67a7a7,False,False,False,normal,
TXN_2d06af6c7cd8,ACC_a858ec67a7a7,False,False,False,normal,
TXN_853b9f51c5a4,ACC_a858ec67a7a7,False,False,False,normal,
TXN_759a00be4d2b,ACC_a858ec67a7a7,False,False,False,normal,
TXN_82494fae0ebd,ACC_a858ec67a7a7,False,False,False,normal,
TXN_aacf819411f9,ACC_a858ec67a7a7,False,False,False,normal,
TXN_f889cd1eba24,ACC_a858ec67a7a7,False,False,False,normal,
TXN_6c74dd45e129,ACC_a858ec67a7a7,False,False,False,normal,
TXN_bd049f2ad3ba,ACC_f09805bdd207,False,False,False,normal,
TXN_7b2ba21bb8f8,ACC_f09805bdd207,False,False,False,normal,
TXN_2f945bdf687d,ACC_f09805bdd207,False,False,False,normal,
TXN_290f262d1ac6,ACC_f09805bdd207,False,False,False,normal,
TXN_8929d58b7b8c,ACC_f09805bdd207,False,False,False,normal,
TXN_edb1752d82e3,ACC_f09805bdd207,False,False,False,normal,
TXN_b9237f8fd491,ACC_f09805bdd207,False,False,False,normal,
TXN_b4a9357c4efb,ACC_f09805bdd207,False,False,False,normal,
TXN_0f348b2e56fc,ACC_f09805bdd207,False,False,False,normal,
TXN_c58f4cd2c5e1,ACC_f09805bdd207,False,False,False,normal,
TXN_ef03f0f0f820,ACC_feee57898840,False,False,False,normal,
TXN_693b12f77ac5,ACC_feee57898840,False,False,False,normal,
TXN_bba215d11e8a,ACC_feee57898840,False,False,False,normal,
TXN_e55c3db5e470,ACC_feee57898840,False,False,False,normal,
TXN_0ddbc3a328c5,ACC_feee57898840,False,False,False,normal,
TXN_aed3be0de7cc,ACC_feee57898840,False,False,False,normal,
TXN_e8175dcf5d1c,ACC_feee57898840,False,False,False,normal,
TXN_c0a180a90a88,ACC_feee57898840,False,False,False,normal,
TXN_7cf271326a33,ACC_feee57898840,False,False,False,normal,
TXN_f0169b896520,ACC_feee57898840,False,False,False,normal,
TXN_00d0289a0092,ACC_eab5bdfdf46a,False,False,False,normal,
TXN_49d4b0f752b4,ACC_eab5bdfdf46a,False,False,False,normal,
TXN_32b6fa6f3cdc,ACC_eab5bdfdf46a,False,False,False,normal,
TXN_24e25976f72c,ACC_eab5bdfdf46a,False,False,False,normal,
TXN_2463c09b4012,ACC_eab5bdfdf46a,False,False,False,normal,
TXN_b8fb77d9ac66,ACC_eab5bdfdf46a,False,False,False,normal,
TXN_cb519d479165,ACC_eab5bdfdf46a,False,False,False,normal,
TXN_617ddf3cee54,ACC_eab5bdfdf46a,False,False,False,normal,
TXN_8c5711ac1d81,ACC_eab5bdfdf46a,False,False,False,normal,
TXN_41f137f12d28,ACC_eab5bdfdf46a,False,False,False,normal,
TXN_14d612d49dae,ACC_d58b0ace94ab,False,False,False,normal,
TXN_7ef12c88106b,ACC_d58b0ace94ab,False,False,False,normal,
TXN_a4678cb14bfe,ACC_d58b0ace94ab,False,False,False,normal,
TXN_28f2843e28dc,ACC_d58b0ace94ab,False,False,False,normal,
TXN_7b004e305a7c,ACC_d58b0ace94ab,False,False,False,normal,
TXN_e3bd33caf52b,ACC_d58b0ace94ab,False,False,False,normal,
TXN_4648d9219e37,ACC_d58b0ace94ab,False,False,False,normal,
TXN_7c235fb46156,ACC_d58b0ace94ab,False,False,False,normal,
TXN_2888bb9ac01e,ACC_d58b0ace94ab,False,False,False,normal,
TXN_da25408ef588,ACC_d58b0ace94ab,False,False,False,normal,
TXN_e45b4b299c64,ACC_424ed9bccb5f,False,False,False,normal,
TXN_349a692bdff0,ACC_424ed9bccb5f,False,False,False,normal,
TXN_978b30eb8817,ACC_424ed9bccb5f,False,False,False,normal,
TXN_237133d267af,ACC_424ed9bccb5f,False,False,False,normal,
TXN_e015bbef0519,ACC_424ed9bccb5f,False,False,False,normal,
TXN_21e377974614,ACC_424ed9bccb5f,False,False,False,normal,
TXN_27701ef58baf,ACC_424ed9bccb5f,False,False,False,normal,
TXN_511e3348a85c,ACC_424ed9bccb5f,False,False,False,normal,
TXN_a5603c5079d8,ACC_424ed9bccb5f,False,False,False,normal,
TXN_c2c48ac464c9,ACC_424ed9bccb5f,False,False,False,normal,
TXN_fba5fabb687c,ACC_e4737cecd2ef,False,False,False,normal,
TXN_2b276f9f422c,ACC_e4737cecd2ef,False,False,False,normal,
TXN_b469fd7903e0,ACC_e4737cecd2ef,False,False,False,normal,
TXN_b8d536ad87fa,ACC_e4737cecd2ef,False,False,False,normal,
TXN_803b4e995d78,ACC_e4737cecd2ef,False,False,False,normal,
TXN_7a2797c421b0,ACC_e4737cecd2ef,False,False,False,normal,
TXN_4ec5192ed4ad,ACC_e4737cecd2ef,False,False,False,normal,
TXN_2a1899d5954d,ACC_e4737cecd2ef,False,False,False,normal,
TXN_2ce1d54cb09a,ACC_e4737cecd2ef,False,False,False,normal,
TXN_45eb97a48265,ACC_e4737cecd2ef,False,False,False,normal,
TXN_24ba685759de,ACC_2773d94fb517,False,False,False,normal,
TXN_356228a2df71,ACC_2773d94fb517,False,False,False,normal,
TXN_294077c65055,ACC_2773d94fb517,False,False,False,normal,
TXN_70928ec9b6b2,ACC_2773d94fb517,False,False,False,normal,
TXN_af7843049c9a,ACC_2773d94fb517,False,False,False,normal,
TXN_dff9970411fc,ACC_2773d94fb517,False,False,False,normal,
TXN_67584039d2b0,ACC_2773d94fb517,False,False,False,normal,
TXN_0f444d3c08bf,ACC_2773d94fb517,False,False,False,normal,
TXN_2f5b53bd94b1,ACC_2773d94fb517,False,False,False,normal,
TXN_d496cd5afe65,ACC_2773d94fb517,False,False,False,normal,
TXN_4d27118c3b01,ACC_2e51d85d3880,False,False,False,normal,
TXN_52cf36267592,ACC_2e51d85d3880,False,False,False,normal,
TXN_ddee2cd0018c,ACC_2e51d85d3880,False,False,False,normal,
TXN_2783ad7e78a2,ACC_2e51d85d3880,False,False,False,normal,
TXN_d548bb1d992e,ACC_2e51d85d3880,False,False,False,normal,
TXN_d20fceabd12a,ACC_2e51d85d3880,False,False,False,normal,
TXN_163869297247,ACC_2e51d85d3880,False,False,False,normal,
TXN_b1dc9327af0a,ACC_2e51d85d3880,False,False,False,normal,
TXN_67fef7a73c3e,ACC_2e51d85d3880,False,False,False,normal,
TXN_c8227522c25d,ACC_2e51d85d3880,False,False,False,normal,
TXN_bef56d61a3e4,ACC_bc84ac6ec126,False,False,False,normal,
TXN_a56c36d0c9fd,ACC_bc84ac6ec126,False,False,False,normal,
TXN_b73bcec549d6,ACC_bc84ac6ec126,False,False,False,normal,
TXN_9ac4d70513c9,ACC_bc84ac6ec126,False,False,False,normal,
TXN_82cac8899059,ACC_bc84ac6ec126,False,False,False,normal,
TXN_6aeb9d0e37db,ACC_bc84ac6ec126,False,False,False,normal,
TXN_e36bf5bdbd38,ACC_bc84ac6ec126,False,False,False,normal,
TXN_ccd2c1be3fa1,ACC_bc84ac6ec126,False,False,False,normal,
TXN_efa236ca86c3,ACC_bc84ac6ec126,False,False,False,normal,
TXN_eb658d01603e,ACC_bc84ac6ec126,False,False,False,normal,
TXN_4559b06d7e5b,ACC_f6272ce21de0,False,False,False,normal,
TXN_c650644f09a5,ACC_f6272ce21de0,False,False,False,normal,
TXN_b4bba7f62168,ACC_f6272ce21de0,False,False,False,normal,
TXN_323f67931137,ACC_f6272ce21de0,False,False,False,normal,
TXN_820861594a71,ACC_f6272ce21de0,False,False,False,normal,
TXN_552757485a9c,ACC_f6272ce21de0,False,False,False,normal,
TXN_ded3554aca3c,ACC_f6272ce21de0,False,False,False,normal,
TXN_28df60515926,ACC_f6272ce21de0,False,False,False,normal,
TXN_85e214119163,ACC_f6272ce21de0,False,False,False,normal,
TXN_21f287a9981b,ACC_f6272ce21de0,False,False,False,normal,
TXN_b6c702193266,ACC_40848d20846c,False,False,False,normal,
TXN_bb2bfd306ed3,ACC_40848d20846c,False,False,False,normal,
TXN_436c3bbf01df,ACC_40848d20846c,False,False,False,normal,
TXN_e23543546c4e,ACC_40848d20846c,False,False,False,normal,
TXN_6c0c6b158d8c,ACC_40848d20846c,False,False,False,normal,
TXN_e9e52220169e,ACC_40848d20846c,False,False,False,normal,
TXN_9d7979aeece3,ACC_40848d20846c,False,False,False,normal,
TXN_df4d801d5d26,ACC_40848d20846c,False,False,False,normal,
TXN_a98f1752bf78,ACC_40848d20846c,False,False,False,normal,
TXN_b4dfeca64cb9,ACC_40848d20846c,False,False,False,normal,
TXN_b071e0a9abce,ACC_3719703bc267,False,True,True,behavioral_anomaly,
TXN_3a1352254a7c,ACC_3719703bc267,False,True,True,behavioral_anomaly,
TXN_8f37cdba3a2f,ACC_3719703bc267,False,True,True,behavioral_anomaly,
TXN_4c755619325f,ACC_3719703bc267,False,True,True,behavioral_anomaly,
TXN_e6d3cb9900bd,ACC_3719703bc267,False,True,True,behavioral_anomaly,
TXN_dc0d219fedc2,ACC_3719703bc267,False,True,True,behavioral_anomaly,
TXN_6697e3c61ab2,ACC_3719703bc267,False,True,True,behavioral_anomaly,
TXN_da25021190d5,ACC_3719703bc267,False,True,True,behavioral_anomaly,
TXN_3ab4186094cd,ACC_3719703bc267,False,True,True,behavioral_anomaly,
TXN_a8ded2dbb3fe,ACC_3719703bc267,False,True,True,behavioral_anomaly,
TXN_bcdcb88cb0d3,ACC_1a45b803ed6f,False,False,False,normal,
TXN_446e79e00d86,ACC_1a45b803ed6f,False,False,False,normal,
TXN_04e3786c86c1,ACC_1a45b803ed6f,False,False,False,normal,
TXN_97989db80713,ACC_1a45b803ed6f,False,False,False,normal,
TXN_11a77786b5d0,ACC_1a45b803ed6f,False,False,False,normal,
TXN_54c2a5833db7,ACC_1a45b803ed6f,False,False,False,normal,
TXN_ae5e7815804a,ACC_1a45b803ed6f,False,False,False,normal,
TXN_8e69cf6f41e1,ACC_1a45b803ed6f,False,False,False,normal,
TXN_ff13100c97c7,ACC_1a45b803ed6f,False,False,False,normal,
TXN_363423097ef6,ACC_1a45b803ed6f,False,False,False,normal,
TXN_1808e3e8a8cd,ACC_15c1f95e84af,True,False,True,fraud_ring,RING_002
TXN_bc4991a95982,ACC_15c1f95e84af,True,False,True,fraud_ring,RING_002
TXN_98462c8fe49b,ACC_15c1f95e84af,True,False,True,fraud_ring,RING_002
TXN_75ea643f1681,ACC_15c1f95e84af,True,False,True,fraud_ring,RING_002
TXN_13f79e8928e3,ACC_15c1f95e84af,True,False,True,fraud_ring,RING_002
TXN_b7dc0136134c,ACC_15c1f95e84af,True,False,True,fraud_ring,RING_002
TXN_1b520d136c9b,ACC_15c1f95e84af,True,False,True,fraud_ring,RING_002
TXN_8e1a0f80aaa1,ACC_15c1f95e84af,True,False,True,fraud_ring,RING_002
TXN_640b30c1f2b7,ACC_15c1f95e84af,True,False,True,fraud_ring,RING_002
TXN_aea8f0e7ffc1,ACC_15c1f95e84af,True,False,True,fraud_ring,RING_002
TXN_2e5c45e05346,ACC_0de32224a2af,False,False,False,normal,
TXN_9731a8cfaafc,ACC_0de32224a2af,False,False,False,normal,
TXN_1ac3fdcac4d3,ACC_0de32224a2af,False,False,False,normal,
TXN_8416b37b04b8,ACC_0de32224a2af,False,False,False,normal,
TXN_26d1118b4648,ACC_0de32224a2af,False,False,False,normal,
TXN_33ac901854a7,ACC_0de32224a2af,False,False,False,normal,
TXN_83e657f77924,ACC_0de32224a2af,False,False,False,normal,
TXN_cea376867d4b,ACC_0de32224a2af,False,False,False,normal,
TXN_fa7c8218d18f,ACC_0de32224a2af,False,False,False,normal,
TXN_eef7cc6e2c5b,ACC_0de32224a2af,False,False,False,normal,
TXN_28e840e61eb4,ACC_fd4e4254abe4,False,False,False,normal,
TXN_6284a57acfe5,ACC_fd4e4254abe4,False,False,False,normal,
TXN_1c399b61e433,ACC_fd4e4254abe4,False,False,False,normal,
TXN_39a060425f54,ACC_fd4e4254abe4,False,False,False,normal,
TXN_ef21aef8f114,ACC_fd4e4254abe4,False,False,False,normal,
TXN_3ee5d55120c8,ACC_fd4e4254abe4,False,False,False,normal,
TXN_10f6cb0dbf9f,ACC_fd4e4254abe4,False,False,False,normal,
TXN_a1215d39936f,ACC_fd4e4254abe4,False,False,False,normal,
TXN_c30b8187861c,ACC_fd4e4254abe4,False,False,False,normal,
TXN_e21839d1c7a7,ACC_fd4e4254abe4,False,False,False,normal,
TXN_fdd7bbefa89b,ACC_f2df74d66caf,False,False,False,normal,
TXN_125ec9e6cd14,ACC_f2df74d66caf,False,False,False,normal,
TXN_d32dfca351b9,ACC_f2df74d66caf,False,False,False,normal,
TXN_3b6e1428e282,ACC_f2df74d66caf,False,False,False,normal,
TXN_249cca078670,ACC_f2df74d66caf,False,False,False,normal,
TXN_03d5ac8564d4,ACC_f2df74d66caf,False,False,False,normal,
TXN_80c11f19c6d9,ACC_f2df74d66caf,False,False,False,normal,
TXN_fca6076b15dd,ACC_f2df74d66caf,False,False,False,normal,
TXN_5d7c0c1ee70b,ACC_f2df74d66caf,False,False,False,normal,
TXN_ab2e4c6ed9db,ACC_f2df74d66caf,False,False,False,normal,
TXN_db9f37984d55,ACC_d56741cdd617,False,False,False,normal,
TXN_9793236bf1fb,ACC_d56741cdd617,False,False,False,normal,
TXN_ca6f01196ee1,ACC_d56741cdd617,False,False,False,normal,
TXN_f740c8a0c9fd,ACC_d56741cdd617,False,False,False,normal,
TXN_d0c67f257035,ACC_d56741cdd617,False,False,False,normal,
TXN_f1af7f4802ab,ACC_d56741cdd617,False,False,False,normal,
TXN_e27f7cdb1e7c,ACC_d56741cdd617,False,False,False,normal,
TXN_c162873f9e2e,ACC_d56741cdd617,False,False,False,normal,
TXN_444a10178e86,ACC_d56741cdd617,False,False,False,normal,
TXN_a88ebe27935a,ACC_d56741cdd617,False,False,False,normal,
TXN_eef852e082d5,ACC_9c112fe7a262,False,False,False,normal,
TXN_7a19d89f4f4f,ACC_9c112fe7a262,False,False,False,normal,
TXN_90e93ab6ae40,ACC_9c112fe7a262,False,False,False,normal,
TXN_0edc07bbeb3f,ACC_9c112fe7a262,False,False,False,normal,
TXN_c6a669789624,ACC_9c112fe7a262,False,False,False,normal,
TXN_23d263c6078d,ACC_9c112fe7a262,False,False,False,normal,
TXN_d08a26ea83a5,ACC_9c112fe7a262,False,False,False,normal,
TXN_74986502e7a6,ACC_9c112fe7a262,False,False,False,normal,
TXN_a0d31870ec19,ACC_9c112fe7a262,False,False,False,normal,
TXN_159055fb369c,ACC_9c112fe7a262,False,False,False,normal,
TXN_896730286f01,ACC_5d0ea0e0b2f3,False,False,False,normal,
TXN_b8a9432a9361,ACC_5d0ea0e0b2f3,False,False,False,normal,
TXN_819e91cdb90d,ACC_5d0ea0e0b2f3,False,False,False,normal,
TXN_677425c46638,ACC_5d0ea0e0b2f3,False,False,False,normal,
TXN_6ef7ce2542e0,ACC_5d0ea0e0b2f3,False,False,False,normal,
TXN_165e96783afb,ACC_5d0ea0e0b2f3,False,False,False,normal,
TXN_b5f28a12181e,ACC_5d0ea0e0b2f3,False,False,False,normal,
TXN_435393a5cb12,ACC_5d0ea0e0b2f3,False,False,False,normal,
TXN_e9451b685757,ACC_5d0ea0e0b2f3,False,False,False,normal,
TXN_d90a4ea0ee54,ACC_5d0ea0e0b2f3,False,False,False,normal,
TXN_21d885939ced,ACC_0f7a1f0d3dab,False,False,False,normal,
TXN_2e327938e024,ACC_0f7a1f0d3dab,False,False,False,normal,
TXN_59701045fd60,ACC_0f7a1f0d3dab,False,False,False,normal,
TXN_58715f66f9cd,ACC_0f7a1f0d3dab,False,False,False,normal,
TXN_4875514b7f3e,ACC_0f7a1f0d3dab,False,False,False,normal,
TXN_84b78cf556b6,ACC_0f7a1f0d3dab,False,False,False,normal,
TXN_ac44a9b02379,ACC_0f7a1f0d3dab,False,False,False,normal,
TXN_28c6d9696736,ACC_0f7a1f0d3dab,False,False,False,normal,
TXN_99c609936e62,ACC_0f7a1f0d3dab,False,False,False,normal,
TXN_7fd9a5607923,ACC_0f7a1f0d3dab,False,False,False,normal,
TXN_2cb6632490ca,ACC_f7028427b078,False,False,False,normal,
TXN_5a6709ad8835,ACC_f7028427b078,False,False,False,normal,
TXN_3a541933cf9e,ACC_f7028427b078,False,False,False,normal,
TXN_edeb2f0b2a01,ACC_f7028427b078,False,False,False,normal,
TXN_43f55d083804,ACC_f7028427b078,False,False,False,normal,
TXN_222b99104001,ACC_f7028427b078,False,False,False,normal,
TXN_959b49d80dee,ACC_f7028427b078,False,False,False,normal,
TXN_1f022004cc87,ACC_f7028427b078,False,False,False,normal,
TXN_f9c08a8b8e2b,ACC_f7028427b078,False,False,False,normal,
TXN_99bfc8be404d,ACC_f7028427b078,False,False,False,normal,
TXN_c667f8069044,ACC_ced5a06d5c7f,False,False,False,normal,
TXN_978aef7e7e88,ACC_ced5a06d5c7f,False,False,False,normal,
TXN_1080fc86bbbf,ACC_ced5a06d5c7f,False,False,False,normal,
TXN_c87375099000,ACC_ced5a06d5c7f,False,False,False,normal,
TXN_95ad64e52af7,ACC_ced5a06d5c7f,False,False,False,normal,
TXN_262c1d63dd93,ACC_ced5a06d5c7f,False,False,False,normal,
TXN_301881a947a3,ACC_ced5a06d5c7f,False,False,False,normal,
TXN_3c59e22ff9d6,ACC_ced5a06d5c7f,False,False,False,normal,
TXN_92282e549925,ACC_ced5a06d5c7f,False,False,False,normal,
TXN_198d3524365b,ACC_ced5a06d5c7f,False,False,False,normal,
TXN_cd7fd9ff6f1a,ACC_42711fb6de3d,False,False,False,normal,
TXN_a13d46ab3bfe,ACC_42711fb6de3d,False,False,False,normal,
TXN_e6ca7d140563,ACC_42711fb6de3d,False,False,False,normal,
TXN_6af270654256,ACC_42711fb6de3d,False,False,False,normal,
TXN_65966aa13e9a,ACC_42711fb6de3d,False,False,False,normal,
TXN_a97354f2c2ff,ACC_42711fb6de3d,False,False,False,normal,
TXN_8d080e76e792,ACC_42711fb6de3d,False,False,False,normal,
TXN_968bea51e43b,ACC_42711fb6de3d,False,False,False,normal,
TXN_616b73087c85,ACC_42711fb6de3d,False,False,False,normal,
TXN_37e5d5fbfe47,ACC_42711fb6de3d,False,False,False,normal,
TXN_626da643849a,ACC_c084f8db6bfb,False,False,False,normal,
TXN_9ff44e684261,ACC_c084f8db6bfb,False,False,False,normal,
TXN_2e687e569616,ACC_c084f8db6bfb,False,False,False,normal,
TXN_533f77acbd51,ACC_c084f8db6bfb,False,False,False,normal,
TXN_f17cd4d6e193,ACC_c084f8db6bfb,False,False,False,normal,
TXN_a23fb147aac8,ACC_c084f8db6bfb,False,False,False,normal,
TXN_eaab89e892fd,ACC_c084f8db6bfb,False,False,False,normal,
TXN_dbc1c9542df3,ACC_c084f8db6bfb,False,False,False,normal,
TXN_4ce71924ba4d,ACC_c084f8db6bfb,False,False,False,normal,
TXN_29a362f2f3b2,ACC_c084f8db6bfb,False,False,False,normal,
TXN_89c8ae031a04,ACC_493918cbd45e,False,False,False,normal,
TXN_6d33bdc5ee10,ACC_493918cbd45e,False,False,False,normal,
TXN_591758382e7b,ACC_493918cbd45e,False,False,False,normal,
TXN_fd292b01c6ec,ACC_493918cbd45e,False,False,False,normal,
TXN_4ea9f45a0da2,ACC_493918cbd45e,False,False,False,normal,
TXN_13e526892e90,ACC_493918cbd45e,False,False,False,normal,
TXN_0834a185eea5,ACC_493918cbd45e,False,False,False,normal,
TXN_b94ce98f3576,ACC_493918cbd45e,False,False,False,normal,
TXN_2d5d3cbac2b2,ACC_493918cbd45e,False,False,False,normal,
TXN_89879f60cacd,ACC_493918cbd45e,False,False,False,normal,
TXN_ef09ae554a3d,ACC_e2fcd9d0072a,False,False,False,normal,
TXN_1f1b80bc0a8e,ACC_e2fcd9d0072a,False,False,False,normal,
TXN_5a40b5c23f50,ACC_e2fcd9d0072a,False,False,False,normal,
TXN_85ac5506f2a9,ACC_e2fcd9d0072a,False,False,False,normal,
TXN_53b9fc0f4c7e,ACC_e2fcd9d0072a,False,False,False,normal,
TXN_b79222e6ee1f,ACC_e2fcd9d0072a,False,False,False,normal,
TXN_36444b93b910,ACC_e2fcd9d0072a,False,False,False,normal,
TXN_f38919dc52d8,ACC_e2fcd9d0072a,False,False,False,normal,
TXN_f0b02a122b9d,ACC_e2fcd9d0072a,False,False,False,normal,
TXN_9ef7059359fb,ACC_e2fcd9d0072a,False,False,False,normal,
TXN_868b4eb93e79,ACC_11a85db8c8a1,False,False,False,normal,
TXN_829390bedd12,ACC_11a85db8c8a1,False,False,False,normal,
TXN_c908a68d1b17,ACC_11a85db8c8a1,False,False,False,normal,
TXN_8198b6d180fd,ACC_11a85db8c8a1,False,False,False,normal,
TXN_c2d7bdc200ce,ACC_11a85db8c8a1,False,False,False,normal,
TXN_8a570493c212,ACC_11a85db8c8a1,False,False,False,normal,
TXN_dfdf74bf8f55,ACC_11a85db8c8a1,False,False,False,normal,
TXN_d54430b57727,ACC_11a85db8c8a1,False,False,False,normal,
TXN_cfb2b6a63119,ACC_11a85db8c8a1,False,False,False,normal,
TXN_86493440d8bf,ACC_11a85db8c8a1,False,False,False,normal,
TXN_d493d6fcca1c,ACC_333811f0b5d5,False,False,False,normal,
TXN_4e08a6f13ec5,ACC_333811f0b5d5,False,False,False,normal,
TXN_5bb5a521ad8d,ACC_333811f0b5d5,False,False,False,normal,
TXN_92f505ea665d,ACC_333811f0b5d5,False,False,False,normal,
TXN_d5bc28fedfc2,ACC_333811f0b5d5,False,False,False,normal,
TXN_f51035ab3a87,ACC_333811f0b5d5,False,False,False,normal,
TXN_e5b759466f7f,ACC_333811f0b5d5,False,False,False,normal,
TXN_2d43d4ab1a13,ACC_333811f0b5d5,False,False,False,normal,
TXN_a02a3d15ab01,ACC_333811f0b5d5,False,False,False,normal,
TXN_9d877e5dd52d,ACC_333811f0b5d5,False,False,False,normal,
TXN_f6c758389176,ACC_534f80d6bbd1,False,False,False,normal,
TXN_e39ad813cb75,ACC_534f80d6bbd1,False,False,False,normal,
TXN_2f598da98b3d,ACC_534f80d6bbd1,False,False,False,normal,
TXN_006f5cc598eb,ACC_534f80d6bbd1,False,False,False,normal,
TXN_288066636fb8,ACC_534f80d6bbd1,False,False,False,normal,
TXN_d1aac0366d76,ACC_534f80d6bbd1,False,False,False,normal,
TXN_258c2ed40ba6,ACC_534f80d6bbd1,False,False,False,normal,
TXN_7f456bffe8bd,ACC_534f80d6bbd1,False,False,False,normal,
TXN_f5674829547d,ACC_534f80d6bbd1,False,False,False,normal,
TXN_f0ea75ef08d8,ACC_534f80d6bbd1,False,False,False,normal,
TXN_38571e3c4b9d,ACC_289bcbe36a22,False,False,False,normal,
TXN_b6ee5699caf5,ACC_289bcbe36a22,False,False,False,normal,
TXN_01751cb60ac9,ACC_289bcbe36a22,False,False,False,normal,
TXN_5357582f12c3,ACC_289bcbe36a22,False,False,False,normal,
TXN_f85cccc0fdd3,ACC_289bcbe36a22,False,False,False,normal,
TXN_68bab4ad4791,ACC_289bcbe36a22,False,False,False,normal,
TXN_8fe5c0ca16c1,ACC_289bcbe36a22,False,False,False,normal,
TXN_4d1faf2d97be,ACC_289bcbe36a22,False,False,False,normal,
TXN_470b718474b4,ACC_289bcbe36a22,False,False,False,normal,
TXN_9670e63a6e63,ACC_289bcbe36a22,False,False,False,normal,
TXN_0f20a2a601c7,ACC_b05736cc12d6,False,False,False,normal,
TXN_7322f38a54a1,ACC_b05736cc12d6,False,False,False,normal,
TXN_7a96c5250833,ACC_b05736cc12d6,False,False,False,normal,
TXN_83ffa8e62806,ACC_b05736cc12d6,False,False,False,normal,
TXN_a69d90a009c4,ACC_b05736cc12d6,False,False,False,normal,
TXN_8b9080ffa4f4,ACC_b05736cc12d6,False,False,False,normal,
TXN_8eb0b48bf75c,ACC_b05736cc12d6,False,False,False,normal,
TXN_4e08c70fcfa9,ACC_b05736cc12d6,False,False,False,normal,
TXN_8ff14276d5cd,ACC_b05736cc12d6,False,False,False,normal,
TXN_936dd6015cf9,ACC_b05736cc12d6,False,False,False,normal,
TXN_08b77e134832,ACC_7c130336db63,False,True,True,behavioral_anomaly,
TXN_afb18928f1bd,ACC_7c130336db63,False,True,True,behavioral_anomaly,
TXN_4aa9b592e5b5,ACC_7c130336db63,False,True,True,behavioral_anomaly,
TXN_a3df3bd03700,ACC_7c130336db63,False,True,True,behavioral_anomaly,
TXN_ed5fc3dd1cef,ACC_7c130336db63,False,True,True,behavioral_anomaly,
TXN_46ec770ae0c2,ACC_7c130336db63,False,True,True,behavioral_anomaly,
TXN_44e10c7e64a3,ACC_7c130336db63,False,True,True,behavioral_anomaly,
TXN_542d662ed83f,ACC_7c130336db63,False,True,True,behavioral_anomaly,
TXN_0f07a1fceb38,ACC_7c130336db63,False,True,True,behavioral_anomaly,
TXN_b8b9e1fe0e2f,ACC_7c130336db63,False,True,True,behavioral_anomaly,
TXN_f322f6fa856c,ACC_db9e579c70a3,False,False,False,normal,
TXN_0fd8112b3414,ACC_db9e579c70a3,False,False,False,normal,
TXN_9a37ce51bad0,ACC_db9e579c70a3,False,False,False,normal,
TXN_1574fc5b7845,ACC_db9e579c70a3,False,False,False,normal,
TXN_1866b164e791,ACC_db9e579c70a3,False,False,False,normal,
TXN_c12a28bbe69b,ACC_db9e579c70a3,False,False,False,normal,
TXN_e18abb39e895,ACC_db9e579c70a3,False,False,False,normal,
TXN_800d7e557961,ACC_db9e579c70a3,False,False,False,normal,
TXN_7ff15dc685af,ACC_db9e579c70a3,False,False,False,normal,
TXN_16d4870cd683,ACC_db9e579c70a3,False,False,False,normal,
TXN_b71bc90d3b38,ACC_dbf4bf29527d,False,False,False,normal,
TXN_9c38f8b9d03c,ACC_dbf4bf29527d,False,False,False,normal,
TXN_3a12d1d4b483,ACC_dbf4bf29527d,False,False,False,normal,
TXN_963929420b34,ACC_dbf4bf29527d,False,False,False,normal,
TXN_78db6a74387c,ACC_dbf4bf29527d,False,False,False,normal,
TXN_a2b129a22886,ACC_dbf4bf29527d,False,False,False,normal,
TXN_7b0cb9cbf5d1,ACC_dbf4bf29527d,False,False,False,normal,
TXN_1c7d5df0a87e,ACC_dbf4bf29527d,False,False,False,normal,
TXN_ce05a54a5f8c,ACC_dbf4bf29527d,False,False,False,normal,
TXN_a62b3f8e1bcb,ACC_dbf4bf29527d,False,False,False,normal,
TXN_79e70d5ec1d1,ACC_0c5005c2ccbe,False,False,False,normal,
TXN_45e433c0820e,ACC_0c5005c2ccbe,False,False,False,normal,
TXN_95f3ceea87a8,ACC_0c5005c2ccbe,False,False,False,normal,
TXN_8db06962c9ec,ACC_0c5005c2ccbe,False,False,False,normal,
TXN_8b869a612a3d,ACC_0c5005c2ccbe,False,False,False,normal,
TXN_d7adb74a2f0d,ACC_0c5005c2ccbe,False,False,False,normal,
TXN_9398a0d7a09f,ACC_0c5005c2ccbe,False,False,False,normal,
TXN_be0e5d14fddc,ACC_0c5005c2ccbe,False,False,False,normal,
TXN_5daf9bd37314,ACC_0c5005c2ccbe,False,False,False,normal,
TXN_1cbc02f6a232,ACC_0c5005c2ccbe,False,False,False,normal,
TXN_c4c41a7300e8,ACC_24236f2685bc,False,False,False,normal,
TXN_56e49abad5f7,ACC_24236f2685bc,False,False,False,normal,
TXN_fe41204155e6,ACC_24236f2685bc,False,False,False,normal,
TXN_c6937f4a8aa4,ACC_24236f2685bc,False,False,False,normal,
TXN_1d7b9ccd398f,ACC_24236f2685bc,False,False,False,normal,
TXN_2581163060fc,ACC_24236f2685bc,False,False,False,normal,
TXN_2faf11a50047,ACC_24236f2685bc,False,False,False,normal,
TXN_8c0aaa16f87d,ACC_24236f2685bc,False,False,False,normal,
TXN_b377f0ec740e,ACC_24236f2685bc,False,False,False,normal,
TXN_65b88ccb7d96,ACC_24236f2685bc,False,False,False,normal,
TXN_2045f52b5dcc,ACC_defbf8fdbfe7,False,False,False,normal,
TXN_df96e6e3df7c,ACC_defbf8fdbfe7,False,False,False,normal,
TXN_4a3682d7099c,ACC_defbf8fdbfe7,False,False,False,normal,
TXN_f44fc3d80d74,ACC_defbf8fdbfe7,False,False,False,normal,
TXN_86a24fbf9524,ACC_defbf8fdbfe7,False,False,False,normal,
TXN_36cb0bbc12b3,ACC_defbf8fdbfe7,False,False,False,normal,
TXN_49b2d85d4f35,ACC_defbf8fdbfe7,False,False,False,normal,
TXN_d13959412b4c,ACC_defbf8fdbfe7,False,False,False,normal,
TXN_33007297ca61,ACC_defbf8fdbfe7,False,False,False,normal,
TXN_c9bd1abce6bd,ACC_defbf8fdbfe7,False,False,False,normal,
TXN_2d95370db140,ACC_9db241f76d11,False,False,False,normal,
TXN_24b62581c6e3,ACC_9db241f76d11,False,False,False,normal,
TXN_8eb6f0c21f81,ACC_9db241f76d11,False,False,False,normal,
TXN_05b19da38ea2,ACC_9db241f76d11,False,False,False,normal,
TXN_e02f0faf931e,ACC_9db241f76d11,False,False,False,normal,
TXN_7e12c8685601,ACC_9db241f76d11,False,False,False,normal,
TXN_e452fe40456e,ACC_9db241f76d11,False,False,False,normal,
TXN_da6ffe35b815,ACC_9db241f76d11,False,False,False,normal,
TXN_1c08edc7744a,ACC_9db241f76d11,False,False,False,normal,
TXN_ed687e408d8e,ACC_9db241f76d11,False,False,False,normal,
TXN_54c3da1a9c36,ACC_061480774f85,False,False,False,normal,
TXN_c78a04d41fbc,ACC_061480774f85,False,False,False,normal,
TXN_8ce6ee7b74a1,ACC_061480774f85,False,False,False,normal,
TXN_9b06766efaee,ACC_061480774f85,False,False,False,normal,
TXN_f38d054a357a,ACC_061480774f85,False,False,False,normal,
TXN_04386fbb2b82,ACC_061480774f85,False,False,False,normal,
TXN_7929f253d7f7,ACC_061480774f85,False,False,False,normal,
TXN_330bbda1457b,ACC_061480774f85,False,False,False,normal,
TXN_ae8c5b3552fd,ACC_061480774f85,False,False,False,normal,
TXN_23d4000fc2ce,ACC_061480774f85,False,False,False,normal,
TXN_501b773ad096,ACC_64a7c66bb076,False,False,False,normal,
TXN_9e00025f5e5b,ACC_64a7c66bb076,False,False,False,normal,
TXN_5a0ac867ff58,ACC_64a7c66bb076,False,False,False,normal,
TXN_7dffd8abe706,ACC_64a7c66bb076,False,False,False,normal,
TXN_0dfc1ca31035,ACC_64a7c66bb076,False,False,False,normal,
TXN_b515583c8089,ACC_64a7c66bb076,False,False,False,normal,
TXN_7bfd9355a22c,ACC_64a7c66bb076,False,False,False,normal,
TXN_a5326f6215da,ACC_64a7c66bb076,False,False,False,normal,
TXN_a4156a717c30,ACC_64a7c66bb076,False,False,False,normal,
TXN_28f88043d346,ACC_64a7c66bb076,False,False,False,normal,
TXN_db035da429c5,ACC_11faeeb8789d,False,False,False,normal,
TXN_8ea0d798a5cd,ACC_11faeeb8789d,False,False,False,normal,
TXN_454fe617730b,ACC_11faeeb8789d,False,False,False,normal,
TXN_e4b25f60a7c7,ACC_11faeeb8789d,False,False,False,normal,
TXN_128f7b1f80ac,ACC_11faeeb8789d,False,False,False,normal,
TXN_043a1f7b1a0d,ACC_11faeeb8789d,False,False,False,normal,
TXN_ae5e147e6093,ACC_11faeeb8789d,False,False,False,normal,
TXN_0f5035d15b20,ACC_11faeeb8789d,False,False,False,normal,
TXN_4cae7fbe96ae,ACC_11faeeb8789d,False,False,False,normal,
TXN_9ca7aa225304,ACC_11faeeb8789d,False,False,False,normal,
TXN_626f1867e377,ACC_6a7ba9650ead,False,False,False,normal,
TXN_0d2f9ea4a330,ACC_6a7ba9650ead,False,False,False,normal,
TXN_4940dabcf286,ACC_6a7ba9650ead,False,False,False,normal,
TXN_29dcad39083e,ACC_6a7ba9650ead,False,False,False,normal,
TXN_c68429e35ad6,ACC_6a7ba9650ead,False,False,False,normal,
TXN_a893307ae54c,ACC_6a7ba9650ead,False,False,False,normal,
TXN_8df2a253be74,ACC_6a7ba9650ead,False,False,False,normal,
TXN_0df3972e6e9c,ACC_6a7ba9650ead,False,False,False,normal,
TXN_a62acc8ec67e,ACC_6a7ba9650ead,False,False,False,normal,
TXN_7d9e37bc97b1,ACC_6a7ba9650ead,False,False,False,normal,
TXN_2be9a8f7f58d,ACC_2dd650e4b678,False,False,False,normal,
TXN_d080e07096b7,ACC_2dd650e4b678,False,False,False,normal,
TXN_045723ff2ac7,ACC_2dd650e4b678,False,False,False,normal,
TXN_94c77cb9ee7a,ACC_2dd650e4b678,False,False,False,normal,
TXN_6658e3d165d2,ACC_2dd650e4b678,False,False,False,normal,
TXN_49a4c8cfe21e,ACC_2dd650e4b678,False,False,False,normal,
TXN_a7ef4831acd2,ACC_2dd650e4b678,False,False,False,normal,
TXN_1ba28fe402e4,ACC_2dd650e4b678,False,False,False,normal,
TXN_80c59c2369f7,ACC_2dd650e4b678,False,False,False,normal,
TXN_e2cc52ca4c3e,ACC_2dd650e4b678,False,False,False,normal,
TXN_8048cca21db3,ACC_a1212b43e997,False,False,False,normal,
TXN_dcd18808acbc,ACC_a1212b43e997,False,False,False,normal,
TXN_c5206aba4707,ACC_a1212b43e997,False,False,False,normal,
TXN_f4490de26527,ACC_a1212b43e997,False,False,False,normal,
TXN_2d7ead3de457,ACC_a1212b43e997,False,False,False,normal,
TXN_ed45aba8883b,ACC_a1212b43e997,False,False,False,normal,
TXN_ff6020270804,ACC_a1212b43e997,False,False,False,normal,
TXN_9f45c704896c,ACC_a1212b43e997,False,False,False,normal,
TXN_20e4b59b7046,ACC_a1212b43e997,False,False,False,normal,
TXN_ba7b56fdba37,ACC_a1212b43e997,False,False,False,normal,
TXN_61c8815f22dd,ACC_76e07f5ed468,False,False,False,normal,
TXN_b9c8fb8ce945,ACC_76e07f5ed468,False,False,False,normal,
TXN_06c368142854,ACC_76e07f5ed468,False,False,False,normal,
TXN_16e2d0a3fc53,ACC_76e07f5ed468,False,False,False,normal,
TXN_07a124e72cbc,ACC_76e07f5ed468,False,False,False,normal,
TXN_6b310d907a1a,ACC_76e07f5ed468,False,False,False,normal,
TXN_966cec0c870c,ACC_76e07f5ed468,False,False,False,normal,
TXN_74f85d8af705,ACC_76e07f5ed468,False,False,False,normal,
TXN_2bf94d401504,ACC_76e07f5ed468,False,False,False,normal,
TXN_86fd0f15105a,ACC_76e07f5ed468,False,False,False,normal,
TXN_5db6703fba83,ACC_9e9d0f4579ad,False,False,False,normal,
TXN_a4dcac8a7069,ACC_9e9d0f4579ad,False,False,False,normal,
TXN_bec282c1ba86,ACC_9e9d0f4579ad,False,False,False,normal,
TXN_d0089035ea40,ACC_9e9d0f4579ad,False,False,False,normal,
TXN_9eca3a3a8399,ACC_9e9d0f4579ad,False,False,False,normal,
TXN_12e1e26588a8,ACC_9e9d0f4579ad,False,False,False,normal,
TXN_530079977465,ACC_9e9d0f4579ad,False,False,False,normal,
TXN_3136e1621e31,ACC_9e9d0f4579ad,False,False,False,normal,
TXN_a69d694e6860,ACC_9e9d0f4579ad,False,False,False,normal,
TXN_cfb99680cab0,ACC_9e9d0f4579ad,False,False,False,normal,
TXN_c80948886e64,ACC_3ecb9b2534bf,False,False,False,normal,
TXN_1d343f4fb429,ACC_3ecb9b2534bf,False,False,False,normal,
TXN_02d2a20bdebc,ACC_3ecb9b2534bf,False,False,False,normal,
TXN_ac8eb5396c88,ACC_3ecb9b2534bf,False,False,False,normal,
TXN_e7ef7aa6f9bf,ACC_3ecb9b2534bf,False,False,False,normal,
TXN_ceb668be68ca,ACC_3ecb9b2534bf,False,False,False,normal,
TXN_146e28a2cf41,ACC_3ecb9b2534bf,False,False,False,normal,
TXN_65279838b49d,ACC_3ecb9b2534bf,False,False,False,normal,
TXN_7ffaf4983e7f,ACC_3ecb9b2534bf,False,False,False,normal,
TXN_66fbcd3219c8,ACC_3ecb9b2534bf,False,False,False,normal,
TXN_e418fccd5e89,ACC_66fb9646801f,False,False,False,normal,
TXN_74fbaac526ce,ACC_66fb9646801f,False,False,False,normal,
TXN_afa790c5975f,ACC_66fb9646801f,False,False,False,normal,
TXN_cfc37672655e,ACC_66fb9646801f,False,False,False,normal,
TXN_7ed3566fda18,ACC_66fb9646801f,False,False,False,normal,
TXN_5bb3c30c75c6,ACC_66fb9646801f,False,False,False,normal,
TXN_a58fc3318c06,ACC_66fb9646801f,False,False,False,normal,
TXN_f432fae87110,ACC_66fb9646801f,False,False,False,normal,
TXN_9d31b4c23255,ACC_66fb9646801f,False,False,False,normal,
TXN_b1dbd92ead85,ACC_66fb9646801f,False,False,False,normal,
TXN_60bb08a1f89e,ACC_4ad1ed475b0e,True,False,True,fraud_ring,RING_010
TXN_a754d387c1fe,ACC_4ad1ed475b0e,True,False,True,fraud_ring,RING_010
TXN_68ae8176741e,ACC_4ad1ed475b0e,True,False,True,fraud_ring,RING_010
TXN_fbabade5139b,ACC_4ad1ed475b0e,True,False,True,fraud_ring,RING_010
TXN_32e666e5653c,ACC_4ad1ed475b0e,True,False,True,fraud_ring,RING_010
TXN_93071b67b003,ACC_4ad1ed475b0e,True,False,True,fraud_ring,RING_010
TXN_093c63826462,ACC_4ad1ed475b0e,True,False,True,fraud_ring,RING_010
TXN_9d5f85d4e979,ACC_4ad1ed475b0e,True,False,True,fraud_ring,RING_010
TXN_44b7059ec8a1,ACC_4ad1ed475b0e,True,False,True,fraud_ring,RING_010
TXN_13a43863716a,ACC_4ad1ed475b0e,True,False,True,fraud_ring,RING_010
TXN_df9b94745085,ACC_c748eb7fd2a4,False,False,False,normal,
TXN_4162b5564fb0,ACC_c748eb7fd2a4,False,False,False,normal,
TXN_5eda637bfe53,ACC_c748eb7fd2a4,False,False,False,normal,
TXN_1fa612db148e,ACC_c748eb7fd2a4,False,False,False,normal,
TXN_d1bb91e6f1a7,ACC_c748eb7fd2a4,False,False,False,normal,
TXN_4531fe6f440f,ACC_c748eb7fd2a4,False,False,False,normal,
TXN_f67583cd7766,ACC_c748eb7fd2a4,False,False,False,normal,
TXN_4fcc90ed78aa,ACC_c748eb7fd2a4,False,False,False,normal,
TXN_e03e8bfea504,ACC_c748eb7fd2a4,False,False,False,normal,
TXN_6fafe3be1441,ACC_c748eb7fd2a4,False,False,False,normal,
TXN_e6afc9fc30a0,ACC_6a5e9212697e,True,False,True,fraud_ring,RING_008
TXN_011b421941a1,ACC_6a5e9212697e,True,False,True,fraud_ring,RING_008
TXN_75d0cf855d9e,ACC_6a5e9212697e,True,False,True,fraud_ring,RING_008
TXN_b2c6d001ae38,ACC_6a5e9212697e,True,False,True,fraud_ring,RING_008
TXN_4440f2c1e4ee,ACC_6a5e9212697e,True,False,True,fraud_ring,RING_008
TXN_3625713bc581,ACC_6a5e9212697e,True,False,True,fraud_ring,RING_008
TXN_68d9288b1ad9,ACC_6a5e9212697e,True,False,True,fraud_ring,RING_008
TXN_b26e63ae123b,ACC_6a5e9212697e,True,False,True,fraud_ring,RING_008
TXN_358b6cacecb7,ACC_6a5e9212697e,True,False,True,fraud_ring,RING_008
TXN_6a8e348aeea2,ACC_6a5e9212697e,True,False,True,fraud_ring,RING_008
TXN_9182ea32571b,ACC_0b87abf47016,False,False,False,normal,
TXN_8e25f7732d8e,ACC_0b87abf47016,False,False,False,normal,
TXN_11f477541791,ACC_0b87abf47016,False,False,False,normal,
TXN_62d89133cc71,ACC_0b87abf47016,False,False,False,normal,
TXN_a4ac78a2e5b1,ACC_0b87abf47016,False,False,False,normal,
TXN_228fcc278b7b,ACC_0b87abf47016,False,False,False,normal,
TXN_f6c83b43ee4f,ACC_0b87abf47016,False,False,False,normal,
TXN_6bad717e3808,ACC_0b87abf47016,False,False,False,normal,
TXN_f5a57147133b,ACC_0b87abf47016,False,False,False,normal,
TXN_3389b6854577,ACC_0b87abf47016,False,False,False,normal,
TXN_b4ace2e7c6cc,ACC_d46b80cae322,False,False,False,normal,
TXN_6291b3429ecc,ACC_d46b80cae322,False,False,False,normal,
TXN_1dec703483da,ACC_d46b80cae322,False,False,False,normal,
TXN_4705a2386967,ACC_d46b80cae322,False,False,False,normal,
TXN_0e847d8f4a2f,ACC_d46b80cae322,False,False,False,normal,
TXN_63ec053d40d5,ACC_d46b80cae322,False,False,False,normal,
TXN_1cd97c1c40c7,ACC_d46b80cae322,False,False,False,normal,
TXN_46b5a3c18e8e,ACC_d46b80cae322,False,False,False,normal,
TXN_3f13213f7024,ACC_d46b80cae322,False,False,False,normal,
TXN_06beabe4deb0,ACC_d46b80cae322,False,False,False,normal,
TXN_e909bf326761,ACC_7d48885acc92,False,False,False,normal,
TXN_294c585963f0,ACC_7d48885acc92,False,False,False,normal,
TXN_041950e9bd46,ACC_7d48885acc92,False,False,False,normal,
TXN_6780c7d1690a,ACC_7d48885acc92,False,False,False,normal,
TXN_618cd059ceae,ACC_7d48885acc92,False,False,False,normal,
TXN_b065f8227d4d,ACC_7d48885acc92,False,False,False,normal,
TXN_ef89916c0d08,ACC_7d48885acc92,False,False,False,normal,
TXN_554b82198d7e,ACC_7d48885acc92,False,False,False,normal,
TXN_b1ef7f6ca47f,ACC_7d48885acc92,False,False,False,normal,
TXN_b414e58ea5d5,ACC_7d48885acc92,False,False,False,normal,
TXN_d2813973f7df,ACC_e147d14061f8,False,False,False,normal,
TXN_186391b156f0,ACC_e147d14061f8,False,False,False,normal,
TXN_c57d082abb21,ACC_e147d14061f8,False,False,False,normal,
TXN_9ff7872274bb,ACC_e147d14061f8,False,False,False,normal,
TXN_37b9f6120995,ACC_e147d14061f8,False,False,False,normal,
TXN_bd334147d4b5,ACC_e147d14061f8,False,False,False,normal,
TXN_86542ac06b61,ACC_e147d14061f8,False,False,False,normal,
TXN_86755f454f2c,ACC_e147d14061f8,False,False,False,normal,
TXN_a28a0bc7bc32,ACC_e147d14061f8,False,False,False,normal,
TXN_01cf2bbf6aee,ACC_e147d14061f8,False,False,False,normal,
TXN_7c0057a3d8c2,ACC_edbfeb7c1db4,False,False,False,normal,
TXN_c76a29c10ac0,ACC_edbfeb7c1db4,False,False,False,normal,
TXN_52b97455fe51,ACC_edbfeb7c1db4,False,False,False,normal,
TXN_a7a5d1247597,ACC_edbfeb7c1db4,False,False,False,normal,
TXN_94a851136cf5,ACC_edbfeb7c1db4,False,False,False,normal,
TXN_455025ad6238,ACC_edbfeb7c1db4,False,False,False,normal,
TXN_f516105742fe,ACC_edbfeb7c1db4,False,False,False,normal,
TXN_b456ad0e21a0,ACC_edbfeb7c1db4,False,False,False,normal,
TXN_c91b6fe16ff6,ACC_edbfeb7c1db4,False,False,False,normal,
TXN_88f0b43e41b9,ACC_edbfeb7c1db4,False,False,False,normal,
TXN_e9439b0d8c8b,ACC_54e7e307642c,False,False,False,normal,
TXN_c79b5f7f7bf0,ACC_54e7e307642c,False,False,False,normal,
TXN_a5f48666d6db,ACC_54e7e307642c,False,False,False,normal,
TXN_f0eaf2140f49,ACC_54e7e307642c,False,False,False,normal,
TXN_dedbb5d80dd8,ACC_54e7e307642c,False,False,False,normal,
TXN_4e0504034749,ACC_54e7e307642c,False,False,False,normal,
TXN_a99bf983ca75,ACC_54e7e307642c,False,False,False,normal,
TXN_6ae1fe931ce9,ACC_54e7e307642c,False,False,False,normal,
TXN_8b9c9be1379e,ACC_54e7e307642c,False,False,False,normal,
TXN_29027b7fbc3f,ACC_54e7e307642c,False,False,False,normal,
TXN_2b50a790a630,ACC_737d16ff2200,False,False,False,normal,
TXN_d92f8a1bc82d,ACC_737d16ff2200,False,False,False,normal,
TXN_a3e255f0811a,ACC_737d16ff2200,False,False,False,normal,
TXN_524a6c8a3d00,ACC_737d16ff2200,False,False,False,normal,
TXN_7e6dd3065e38,ACC_737d16ff2200,False,False,False,normal,
TXN_940d65f3e965,ACC_737d16ff2200,False,False,False,normal,
TXN_cbb813ee40ba,ACC_737d16ff2200,False,False,False,normal,
TXN_8eabda17a13c,ACC_737d16ff2200,False,False,False,normal,
TXN_8a5e03a381d3,ACC_737d16ff2200,False,False,False,normal,
TXN_fd6e7ee096b9,ACC_737d16ff2200,False,False,False,normal,
TXN_ecba83e96d68,ACC_65b49b15afaa,False,False,False,normal,
TXN_0b2289581331,ACC_65b49b15afaa,False,False,False,normal,
TXN_66d30c28c8be,ACC_65b49b15afaa,False,False,False,normal,
TXN_3e5b7a34d01e,ACC_65b49b15afaa,False,False,False,normal,
TXN_09823826b378,ACC_65b49b15afaa,False,False,False,normal,
TXN_d0ddfe31b83e,ACC_65b49b15afaa,False,False,False,normal,
TXN_2dfcf0d3168c,ACC_65b49b15afaa,False,False,False,normal,
TXN_ca1fbacc4539,ACC_65b49b15afaa,False,False,False,normal,
TXN_dca1ed9e2689,ACC_65b49b15afaa,False,False,False,normal,
TXN_294106779985,ACC_65b49b15afaa,False,False,False,normal,
TXN_2ce84e0f93dc,ACC_524438700718,False,False,False,normal,
TXN_70828d40bf3a,ACC_524438700718,False,False,False,normal,
TXN_c229edd44d72,ACC_524438700718,False,False,False,normal,
TXN_ccda6be7e230,ACC_524438700718,False,False,False,normal,
TXN_66f634769fda,ACC_524438700718,False,False,False,normal,
TXN_d8c21e13d685,ACC_524438700718,False,False,False,normal,
TXN_bde5e55729c7,ACC_524438700718,False,False,False,normal,
TXN_e51380080e7d,ACC_524438700718,False,False,False,normal,
TXN_f4e01bc3bf08,ACC_524438700718,False,False,False,normal,
TXN_03503a08ef68,ACC_524438700718,False,False,False,normal,
TXN_401f3ba49f9b,ACC_928d255cf016,False,False,False,normal,
TXN_74210668caf8,ACC_928d255cf016,False,False,False,normal,
TXN_cd9c583f0b71,ACC_928d255cf016,False,False,False,normal,
TXN_9e02b47d9862,ACC_928d255cf016,False,False,False,normal,
TXN_464670f8e318,ACC_928d255cf016,False,False,False,normal,
TXN_454a61f44054,ACC_928d255cf016,False,False,False,normal,
TXN_ba9ccf91a426,ACC_928d255cf016,False,False,False,normal,
TXN_1c013d706593,ACC_928d255cf016,False,False,False,normal,
TXN_1e3abc0a0b59,ACC_928d255cf016,False,False,False,normal,
TXN_51ab7a2ef86f,ACC_928d255cf016,False,False,False,normal,
TXN_11a757569014,ACC_39a759f3ee68,False,False,False,normal,
TXN_0c589fbd7b43,ACC_39a759f3ee68,False,False,False,normal,
TXN_9255a4a7114d,ACC_39a759f3ee68,False,False,False,normal,
TXN_a426d3d09062,ACC_39a759f3ee68,False,False,False,normal,
TXN_04a6d494b2d6,ACC_39a759f3ee68,False,False,False,normal,
TXN_d40368ad974d,ACC_39a759f3ee68,False,False,False,normal,
TXN_565b5419edea,ACC_39a759f3ee68,False,False,False,normal,
TXN_dd25bcb6c1bf,ACC_39a759f3ee68,False,False,False,normal,
TXN_11c7ba309067,ACC_39a759f3ee68,False,False,False,normal,
TXN_aa680bd96a8b,ACC_39a759f3ee68,False,False,False,normal,
TXN_92302020f2c9,ACC_c6bd461a6a30,False,False,False,normal,
TXN_819fb4d625c1,ACC_c6bd461a6a30,False,False,False,normal,
TXN_de5d4322e1be,ACC_c6bd461a6a30,False,False,False,normal,
TXN_1657854b0a3c,ACC_c6bd461a6a30,False,False,False,normal,
TXN_f2d9c7eb175c,ACC_c6bd461a6a30,False,False,False,normal,
TXN_3470ce4f4814,ACC_c6bd461a6a30,False,False,False,normal,
TXN_d5fb418893ca,ACC_c6bd461a6a30,False,False,False,normal,
TXN_7a3de8eed720,ACC_c6bd461a6a30,False,False,False,normal,
TXN_9e84ace5bfb8,ACC_c6bd461a6a30,False,False,False,normal,
TXN_69d1a21f86c9,ACC_c6bd461a6a30,False,False,False,normal,
TXN_8cb1dde3109b,ACC_d8ec66b76369,False,False,False,normal,
TXN_3387541bdce6,ACC_d8ec66b76369,False,False,False,normal,
TXN_dead42e07324,ACC_d8ec66b76369,False,False,False,normal,
TXN_3a076dd3d434,ACC_d8ec66b76369,False,False,False,normal,
TXN_47144cfb83c8,ACC_d8ec66b76369,False,False,False,normal,
TXN_e54460f0531f,ACC_d8ec66b76369,False,False,False,normal,
TXN_7a719d0662a4,ACC_d8ec66b76369,False,False,False,normal,
TXN_3f407c193622,ACC_d8ec66b76369,False,False,False,normal,
TXN_d9d94b0128ff,ACC_d8ec66b76369,False,False,False,normal,
TXN_a35550927089,ACC_d8ec66b76369,False,False,False,normal,
TXN_4a012e695bd3,ACC_758aa6bbf1aa,False,False,False,normal,
TXN_091722ebe9e1,ACC_758aa6bbf1aa,False,False,False,normal,
TXN_9982fa1e41c1,ACC_758aa6bbf1aa,False,False,False,normal,
TXN_ca7030a13d7b,ACC_758aa6bbf1aa,False,False,False,normal,
TXN_0769ad374946,ACC_758aa6bbf1aa,False,False,False,normal,
TXN_feb33102ed9c,ACC_758aa6bbf1aa,False,False,False,normal,
TXN_c9244e94ad02,ACC_758aa6bbf1aa,False,False,False,normal,
TXN_3c8bca78108f,ACC_758aa6bbf1aa,False,False,False,normal,
TXN_64f40c0c245e,ACC_758aa6bbf1aa,False,False,False,normal,
TXN_b3ca499e772b,ACC_758aa6bbf1aa,False,False,False,normal,
TXN_baf52d2eee5b,ACC_ae4f8a971a7c,False,False,False,normal,
TXN_de13ba76cf4a,ACC_ae4f8a971a7c,False,False,False,normal,
TXN_9d3fafe5128d,ACC_ae4f8a971a7c,False,False,False,normal,
TXN_93a69f19df85,ACC_ae4f8a971a7c,False,False,False,normal,
TXN_1e71384ec95f,ACC_ae4f8a971a7c,False,False,False,normal,
TXN_9ba75ddcd912,ACC_ae4f8a971a7c,False,False,False,normal,
TXN_c27d4c83edf7,ACC_ae4f8a971a7c,False,False,False,normal,
TXN_f062b3573228,ACC_ae4f8a971a7c,False,False,False,normal,
TXN_f7fb2a2c729f,ACC_ae4f8a971a7c,False,False,False,normal,
TXN_af9c5b30d98a,ACC_ae4f8a971a7c,False,False,False,normal,
TXN_25ebf76fc66d,ACC_643508085bfd,False,False,False,normal,
TXN_8c0dd870fb95,ACC_643508085bfd,False,False,False,normal,
TXN_89fec5a50002,ACC_643508085bfd,False,False,False,normal,
TXN_857852b9f1b6,ACC_643508085bfd,False,False,False,normal,
TXN_6a3230e6f8d5,ACC_643508085bfd,False,False,False,normal,
TXN_159c782cb26d,ACC_643508085bfd,False,False,False,normal,
TXN_43027e72ac41,ACC_643508085bfd,False,False,False,normal,
TXN_0cd89e14d863,ACC_643508085bfd,False,False,False,normal,
TXN_31336d7d277e,ACC_643508085bfd,False,False,False,normal,
TXN_6c3df2d27b9d,ACC_643508085bfd,False,False,False,normal,
TXN_bfa451a8f722,ACC_ebeb06f4f38c,False,False,False,normal,
TXN_b68a16eb2bb4,ACC_ebeb06f4f38c,False,False,False,normal,
TXN_90ca723be0aa,ACC_ebeb06f4f38c,False,False,False,normal,
TXN_b81a1641c3d3,ACC_ebeb06f4f38c,False,False,False,normal,
TXN_f04d1db828a8,ACC_ebeb06f4f38c,False,False,False,normal,
TXN_9b8901f96aef,ACC_ebeb06f4f38c,False,False,False,normal,
TXN_e2a4c0aa7ef8,ACC_ebeb06f4f38c,False,False,False,normal,
TXN_bfdf7b1305bc,ACC_ebeb06f4f38c,False,False,False,normal,
TXN_eadebf1d34a1,ACC_ebeb06f4f38c,False,False,False,normal,
TXN_1672d89cf88a,ACC_ebeb06f4f38c,False,False,False,normal,
TXN_073ed03eea8d,ACC_a21fb1563890,False,False,False,normal,
TXN_6c2135f5fee1,ACC_a21fb1563890,False,False,False,normal,
TXN_3c213b9a8c4a,ACC_a21fb1563890,False,False,False,normal,
TXN_3a264d47f640,ACC_a21fb1563890,False,False,False,normal,
TXN_dce5e7b5c484,ACC_a21fb1563890,False,False,False,normal,
TXN_2c83aa7acf82,ACC_a21fb1563890,False,False,False,normal,
TXN_fa8821380126,ACC_a21fb1563890,False,False,False,normal,
TXN_0bbd0495d4cc,ACC_a21fb1563890,False,False,False,normal,
TXN_b7d37ac33bc5,ACC_a21fb1563890,False,False,False,normal,
TXN_8d2a39968a0f,ACC_a21fb1563890,False,False,False,normal,
TXN_3a3d92d0c9d1,ACC_53251fd9d9c5,False,False,False,normal,
TXN_8ab1fd1304f3,ACC_53251fd9d9c5,False,False,False,normal,
TXN_8e9b7efdfc8c,ACC_53251fd9d9c5,False,False,False,normal,
TXN_751f75e218b8,ACC_53251fd9d9c5,False,False,False,normal,
TXN_2d96e952f5a1,ACC_53251fd9d9c5,False,False,False,normal,
TXN_6780b9972e45,ACC_53251fd9d9c5,False,False,False,normal,
TXN_f281fd043cf3,ACC_53251fd9d9c5,False,False,False,normal,
TXN_63c0dbc474a0,ACC_53251fd9d9c5,False,False,False,normal,
TXN_198171f7f684,ACC_53251fd9d9c5,False,False,False,normal,
TXN_790a307e5e2b,ACC_53251fd9d9c5,False,False,False,normal,
TXN_2d2d6a28200e,ACC_f8d986bc06f2,True,False,True,fraud_ring,RING_004
TXN_fc764a92929c,ACC_f8d986bc06f2,True,False,True,fraud_ring,RING_004
TXN_2a43a2418ee3,ACC_f8d986bc06f2,True,False,True,fraud_ring,RING_004
TXN_56d19f3e1451,ACC_f8d986bc06f2,True,False,True,fraud_ring,RING_004
TXN_8ec180921145,ACC_f8d986bc06f2,True,False,True,fraud_ring,RING_004
TXN_e6a4ced11f94,ACC_f8d986bc06f2,True,False,True,fraud_ring,RING_004
TXN_aa64df780c27,ACC_f8d986bc06f2,True,False,True,fraud_ring,RING_004
TXN_0228b8e25c7a,ACC_f8d986bc06f2,True,False,True,fraud_ring,RING_004
TXN_04ef864fc88b,ACC_f8d986bc06f2,True,False,True,fraud_ring,RING_004
TXN_06b35fc8a5f0,ACC_f8d986bc06f2,True,False,True,fraud_ring,RING_004
TXN_7121273f6c23,ACC_8aff884e3987,False,False,False,normal,
TXN_27d0ccb40733,ACC_8aff884e3987,False,False,False,normal,
TXN_3182cad818c5,ACC_8aff884e3987,False,False,False,normal,
TXN_225c8963ddba,ACC_8aff884e3987,False,False,False,normal,
TXN_028b8390fb7b,ACC_8aff884e3987,False,False,False,normal,
TXN_74680ac89da4,ACC_8aff884e3987,False,False,False,normal,
TXN_6e5332504ba7,ACC_8aff884e3987,False,False,False,normal,
TXN_ce9d17ec38b6,ACC_8aff884e3987,False,False,False,normal,
TXN_6d250e1c9e37,ACC_8aff884e3987,False,False,False,normal,
TXN_08824fc0e904,ACC_8aff884e3987,False,False,False,normal,
TXN_93c535d13bee,ACC_2f4b22ba32b7,False,False,False,normal,
TXN_c70887b36c40,ACC_2f4b22ba32b7,False,False,False,normal,
TXN_47248b2c5f61,ACC_2f4b22ba32b7,False,False,False,normal,
TXN_8e99f3a6f531,ACC_2f4b22ba32b7,False,False,False,normal,
TXN_aa7b297e96f6,ACC_2f4b22ba32b7,False,False,False,normal,
TXN_bddeba50be28,ACC_2f4b22ba32b7,False,False,False,normal,
TXN_e065f5afdb41,ACC_2f4b22ba32b7,False,False,False,normal,
TXN_528ffa54a21e,ACC_2f4b22ba32b7,False,False,False,normal,
TXN_a40e55d1a54d,ACC_2f4b22ba32b7,False,False,False,normal,
TXN_c2d8622b7de0,ACC_2f4b22ba32b7,False,False,False,normal,
TXN_72154638c23a,ACC_420450944e51,False,False,False,normal,
TXN_9cca06bcac31,ACC_420450944e51,False,False,False,normal,
TXN_fad431451b7a,ACC_420450944e51,False,False,False,normal,
TXN_17ba53999cdf,ACC_420450944e51,False,False,False,normal,
TXN_e4c012e0dc23,ACC_420450944e51,False,False,False,normal,
TXN_2b7645441013,ACC_420450944e51,False,False,False,normal,
TXN_c43f22062b9d,ACC_420450944e51,False,False,False,normal,
TXN_592a7333771a,ACC_420450944e51,False,False,False,normal,
TXN_f5831d87081b,ACC_420450944e51,False,False,False,normal,
TXN_f730797064d4,ACC_420450944e51,False,False,False,normal,
TXN_7d4e51ff3737,ACC_b64d53a3c8b4,False,False,False,normal,
TXN_1df93cb4c00e,ACC_b64d53a3c8b4,False,False,False,normal,
TXN_3c0762eb4ed9,ACC_b64d53a3c8b4,False,False,False,normal,
TXN_fce7e62cdcdf,ACC_b64d53a3c8b4,False,False,False,normal,
TXN_c06ddba5f6c9,ACC_b64d53a3c8b4,False,False,False,normal,
TXN_2cc3b4923887,ACC_b64d53a3c8b4,False,False,False,normal,
TXN_412fcd033c84,ACC_b64d53a3c8b4,False,False,False,normal,
TXN_5f716622aa27,ACC_b64d53a3c8b4,False,False,False,normal,
TXN_9b0ccb6575b9,ACC_b64d53a3c8b4,False,False,False,normal,
TXN_5e285a004894,ACC_b64d53a3c8b4,False,False,False,normal,
TXN_14f87ea8c0eb,ACC_93e5f1c85211,False,False,False,normal,
TXN_9e26d59b6dea,ACC_93e5f1c85211,False,False,False,normal,
TXN_f44d167be603,ACC_93e5f1c85211,False,False,False,normal,
TXN_aedcef778b5c,ACC_93e5f1c85211,False,False,False,normal,
TXN_cc6e2d05c12d,ACC_93e5f1c85211,False,False,False,normal,
TXN_7696ff058031,ACC_93e5f1c85211,False,False,False,normal,
TXN_ac5822089c52,ACC_93e5f1c85211,False,False,False,normal,
TXN_32358b94ed5d,ACC_93e5f1c85211,False,False,False,normal,
TXN_b575c7537ce9,ACC_93e5f1c85211,False,False,False,normal,
TXN_4a04471f35d1,ACC_93e5f1c85211,False,False,False,normal,
TXN_d92e7b1b7e03,ACC_6df91f5fbeca,False,False,False,normal,
TXN_0a824d90adda,ACC_6df91f5fbeca,False,False,False,normal,
TXN_e797a8927ddf,ACC_6df91f5fbeca,False,False,False,normal,
TXN_b7bb58a0463d,ACC_6df91f5fbeca,False,False,False,normal,
TXN_7f9f9acf4d98,ACC_6df91f5fbeca,False,False,False,normal,
TXN_6f393c1ac87e,ACC_6df91f5fbeca,False,False,False,normal,
TXN_2d9b46f6eb11,ACC_6df91f5fbeca,False,False,False,normal,
TXN_5b4a19e9e90a,ACC_6df91f5fbeca,False,False,False,normal,
TXN_5e7d6928cf15,ACC_6df91f5fbeca,False,False,False,normal,
TXN_bcb5fa7f5f9d,ACC_6df91f5fbeca,False,False,False,normal,
TXN_70adf8d4f7f7,ACC_9db68aff115f,False,False,False,normal,
TXN_89277209f9ac,ACC_9db68aff115f,False,False,False,normal,
TXN_decd327a5428,ACC_9db68aff115f,False,False,False,normal,
TXN_a53f101f1dd5,ACC_9db68aff115f,False,False,False,normal,
TXN_43032657e172,ACC_9db68aff115f,False,False,False,normal,
TXN_f213e22bc794,ACC_9db68aff115f,False,False,False,normal,
TXN_464078b9083c,ACC_9db68aff115f,False,False,False,normal,
TXN_4ca44af67c40,ACC_9db68aff115f,False,False,False,normal,
TXN_e1bad7c11313,ACC_9db68aff115f,False,False,False,normal,
TXN_7a358c8ceb74,ACC_9db68aff115f,False,False,False,normal,
TXN_017bfb451873,ACC_05935eb86fd4,False,False,False,normal,
TXN_cae6cb4ac521,ACC_05935eb86fd4,False,False,False,normal,
TXN_ed0ef46a45b0,ACC_05935eb86fd4,False,False,False,normal,
TXN_3dc9bebd3d86,ACC_05935eb86fd4,False,False,False,normal,
TXN_90718418072c,ACC_05935eb86fd4,False,False,False,normal,
TXN_750f4124efed,ACC_05935eb86fd4,False,False,False,normal,
TXN_ed0bb1905c04,ACC_05935eb86fd4,False,False,False,normal,
TXN_757b3f627188,ACC_05935eb86fd4,False,False,False,normal,
TXN_81f0da5f3e16,ACC_05935eb86fd4,False,False,False,normal,
TXN_038f429de5ce,ACC_05935eb86fd4,False,False,False,normal,
TXN_761ab100f234,ACC_27d9cf3367df,False,False,False,normal,
TXN_a790eeb1ab99,ACC_27d9cf3367df,False,False,False,normal,
TXN_32d999f36b3b,ACC_27d9cf3367df,False,False,False,normal,
TXN_cccbd9768560,ACC_27d9cf3367df,False,False,False,normal,
TXN_bb4f1d1705df,ACC_27d9cf3367df,False,False,False,normal,
TXN_9535a45b3828,ACC_27d9cf3367df,False,False,False,normal,
TXN_6cb1fec0dd02,ACC_27d9cf3367df,False,False,False,normal,
TXN_97c39b7db9b4,ACC_27d9cf3367df,False,False,False,normal,
TXN_d0d5536d27fb,ACC_27d9cf3367df,False,False,False,normal,
TXN_904123eada63,ACC_27d9cf3367df,False,False,False,normal,
TXN_ac4b0c05bfc3,ACC_91282caf5e4e,False,False,False,normal,
TXN_c41f2dc37f63,ACC_91282caf5e4e,False,False,False,normal,
TXN_0e4ce7ab4501,ACC_91282caf5e4e,False,False,False,normal,
TXN_73804a7634f6,ACC_91282caf5e4e,False,False,False,normal,
TXN_3c3ac3e91b5d,ACC_91282caf5e4e,False,False,False,normal,
TXN_ec8ad49dbccd,ACC_91282caf5e4e,False,False,False,normal,
TXN_316f75f96509,ACC_91282caf5e4e,False,False,False,normal,
TXN_0046887a83bd,ACC_91282caf5e4e,False,False,False,normal,
TXN_656562bfc23e,ACC_91282caf5e4e,False,False,False,normal,
TXN_a9013f8fdcfc,ACC_91282caf5e4e,False,False,False,normal,
TXN_063ce2216275,ACC_899f38d2242a,False,False,False,normal,
TXN_c06c4ef2563b,ACC_899f38d2242a,False,False,False,normal,
TXN_91eebbf70d27,ACC_899f38d2242a,False,False,False,normal,
TXN_8d746e8fd94a,ACC_899f38d2242a,False,False,False,normal,
TXN_67cfe7dd3c36,ACC_899f38d2242a,False,False,False,normal,
TXN_298bf1092f95,ACC_899f38d2242a,False,False,False,normal,
TXN_40060b8afcfa,ACC_899f38d2242a,False,False,False,normal,
TXN_d16b69544396,ACC_899f38d2242a,False,False,False,normal,
TXN_95bf384850e8,ACC_899f38d2242a,False,False,False,normal,
TXN_084176c393e5,ACC_899f38d2242a,False,False,False,normal,
TXN_a3fe11028636,ACC_179889c8e15d,False,False,False,normal,
TXN_67761966330d,ACC_179889c8e15d,False,False,False,normal,
TXN_a1d44fbd755e,ACC_179889c8e15d,False,False,False,normal,
TXN_3bc6997db44a,ACC_179889c8e15d,False,False,False,normal,
TXN_476aa3907c4d,ACC_179889c8e15d,False,False,False,normal,
TXN_fcd909e5d756,ACC_179889c8e15d,False,False,False,normal,
TXN_8cc4311208d4,ACC_179889c8e15d,False,False,False,normal,
TXN_a7e7a184def9,ACC_179889c8e15d,False,False,False,normal,
TXN_c835b6017957,ACC_179889c8e15d,False,False,False,normal,
TXN_cde45da05692,ACC_179889c8e15d,False,False,False,normal,
TXN_afe4044e2141,ACC_2c32af8b39c5,False,False,False,normal,
TXN_cfb2fcae914c,ACC_2c32af8b39c5,False,False,False,normal,
TXN_5438a7782f20,ACC_2c32af8b39c5,False,False,False,normal,
TXN_9e0f068d6a30,ACC_2c32af8b39c5,False,False,False,normal,
TXN_709d076025b6,ACC_2c32af8b39c5,False,False,False,normal,
TXN_095c2870b7a0,ACC_2c32af8b39c5,False,False,False,normal,
TXN_3b2d85577047,ACC_2c32af8b39c5,False,False,False,normal,
TXN_06aa73aba858,ACC_2c32af8b39c5,False,False,False,normal,
TXN_a07c3391b4c8,ACC_2c32af8b39c5,False,False,False,normal,
TXN_00133cb99163,ACC_2c32af8b39c5,False,False,False,normal,
TXN_2cb07be41b35,ACC_bc19ec3bace7,False,False,False,normal,
TXN_b35d99c9a0f3,ACC_bc19ec3bace7,False,False,False,normal,
TXN_52ad1d2494bc,ACC_bc19ec3bace7,False,False,False,normal,
TXN_ce436a37166d,ACC_bc19ec3bace7,False,False,False,normal,
TXN_700c0d25a113,ACC_bc19ec3bace7,False,False,False,normal,
TXN_d107f8f818a3,ACC_bc19ec3bace7,False,False,False,normal,
TXN_226a86c53b39,ACC_bc19ec3bace7,False,False,False,normal,
TXN_abbb123fb7fe,ACC_bc19ec3bace7,False,False,False,normal,
TXN_c932837ae206,ACC_bc19ec3bace7,False,False,False,normal,
TXN_f1982bf4aa45,ACC_bc19ec3bace7,False,False,False,normal,
TXN_4ac4c79949e9,ACC_7cba2dc1d59f,False,False,False,normal,
TXN_552e87218362,ACC_7cba2dc1d59f,False,False,False,normal,
TXN_1ad2d25fe3bf,ACC_7cba2dc1d59f,False,False,False,normal,
TXN_26ffbf75d789,ACC_7cba2dc1d59f,False,False,False,normal,
TXN_31f49eb298bc,ACC_7cba2dc1d59f,False,False,False,normal,
TXN_209f65bb38f6,ACC_7cba2dc1d59f,False,False,False,normal,
TXN_d2341bc28d71,ACC_7cba2dc1d59f,False,False,False,normal,
TXN_f97d774e31ed,ACC_7cba2dc1d59f,False,False,False,normal,
TXN_4537955861bc,ACC_7cba2dc1d59f,False,False,False,normal,
TXN_8d19248b0cc6,ACC_7cba2dc1d59f,False,False,False,normal,
TXN_bec5122948b1,ACC_dbd60e0cf1dd,False,False,False,normal,
TXN_4909bb213808,ACC_dbd60e0cf1dd,False,False,False,normal,
TXN_2e612cb30f15,ACC_dbd60e0cf1dd,False,False,False,normal,
TXN_781ed9ffb531,ACC_dbd60e0cf1dd,False,False,False,normal,
TXN_54b53d18bfa1,ACC_dbd60e0cf1dd,False,False,False,normal,
TXN_6736f890ffb7,ACC_dbd60e0cf1dd,False,False,False,normal,
TXN_dd99d39b1165,ACC_dbd60e0cf1dd,False,False,False,normal,
TXN_808d85af9813,ACC_dbd60e0cf1dd,False,False,False,normal,
TXN_7f8530277f55,ACC_dbd60e0cf1dd,False,False,False,normal,
TXN_175c8db91b6a,ACC_dbd60e0cf1dd,False,False,False,normal,
TXN_238725183773,ACC_217e94f8b871,False,False,False,normal,
TXN_6a38bcc8705b,ACC_217e94f8b871,False,False,False,normal,
TXN_cc69c4790af7,ACC_217e94f8b871,False,False,False,normal,
TXN_0476e0123be5,ACC_217e94f8b871,False,False,False,normal,
TXN_ca8a8a7ef466,ACC_217e94f8b871,False,False,False,normal,
TXN_d5bb6ed5c8ce,ACC_217e94f8b871,False,False,False,normal,
TXN_5af5b80ea207,ACC_217e94f8b871,False,False,False,normal,
TXN_6ea5ef6f8128,ACC_217e94f8b871,False,False,False,normal,
TXN_fb4a8aafcf7a,ACC_217e94f8b871,False,False,False,normal,
TXN_760187af5c87,ACC_217e94f8b871,False,False,False,normal,
TXN_a7b4c78ecb4c,ACC_31050a91fd42,False,False,False,normal,
TXN_b52e9327066e,ACC_31050a91fd42,False,False,False,normal,
TXN_bc2dc765ae57,ACC_31050a91fd42,False,False,False,normal,
TXN_a5a95b865f4d,ACC_31050a91fd42,False,False,False,normal,
TXN_dec8ea6f8543,ACC_31050a91fd42,False,False,False,normal,
TXN_6b5707abb547,ACC_31050a91fd42,False,False,False,normal,
TXN_3cf7976a35f6,ACC_31050a91fd42,False,False,False,normal,
TXN_aab203cea5f8,ACC_31050a91fd42,False,False,False,normal,
TXN_1b657880f3a7,ACC_31050a91fd42,False,False,False,normal,
TXN_b56f10249660,ACC_31050a91fd42,False,False,False,normal,
TXN_e4a150cbe967,ACC_851ed72ce5a0,False,False,False,normal,
TXN_8f52f25421f1,ACC_851ed72ce5a0,False,False,False,normal,
TXN_a1ec1d93d274,ACC_851ed72ce5a0,False,False,False,normal,
TXN_8123a9d70483,ACC_851ed72ce5a0,False,False,False,normal,
TXN_aded0c7a0f25,ACC_851ed72ce5a0,False,False,False,normal,
TXN_bc715c907ba3,ACC_851ed72ce5a0,False,False,False,normal,
TXN_7dca1b1df16c,ACC_851ed72ce5a0,False,False,False,normal,
TXN_d36cb4995dfd,ACC_851ed72ce5a0,False,False,False,normal,
TXN_0187a12bfa9e,ACC_851ed72ce5a0,False,False,False,normal,
TXN_87c670ed2b15,ACC_851ed72ce5a0,False,False,False,normal,
TXN_89c9c8858002,ACC_0f0e7fa88a5d,False,False,False,normal,
TXN_ff79d7532048,ACC_0f0e7fa88a5d,False,False,False,normal,
TXN_1d9c8ebbb676,ACC_0f0e7fa88a5d,False,False,False,normal,
TXN_7f2b975e45cc,ACC_0f0e7fa88a5d,False,False,False,normal,
TXN_8156d4073020,ACC_0f0e7fa88a5d,False,False,False,normal,
TXN_04de17e41161,ACC_0f0e7fa88a5d,False,False,False,normal,
TXN_2ea5b478cc68,ACC_0f0e7fa88a5d,False,False,False,normal,
TXN_2e53c571b8d4,ACC_0f0e7fa88a5d,False,False,False,normal,
TXN_6f1c631b1612,ACC_0f0e7fa88a5d,False,False,False,normal,
TXN_1aa9f7c62f33,ACC_0f0e7fa88a5d,False,False,False,normal,
TXN_f7453c244d45,ACC_e1ec08102cf7,False,True,True,behavioral_anomaly,
TXN_bf61ad1848b6,ACC_e1ec08102cf7,False,True,True,behavioral_anomaly,
TXN_d5f6c5dbe58c,ACC_e1ec08102cf7,False,True,True,behavioral_anomaly,
TXN_65e7178d7d30,ACC_e1ec08102cf7,False,True,True,behavioral_anomaly,
TXN_971f4511f831,ACC_e1ec08102cf7,False,True,True,behavioral_anomaly,
TXN_da22690d12e6,ACC_e1ec08102cf7,False,True,True,behavioral_anomaly,
TXN_c911e903aa23,ACC_e1ec08102cf7,False,True,True,behavioral_anomaly,
TXN_dfbf7195c905,ACC_e1ec08102cf7,False,True,True,behavioral_anomaly,
TXN_9366b85edec9,ACC_e1ec08102cf7,False,True,True,behavioral_anomaly,
TXN_db69c2f3a28f,ACC_e1ec08102cf7,False,True,True,behavioral_anomaly,
TXN_aac0bd55c1b8,ACC_4dc49a6858b3,False,True,True,behavioral_anomaly,
TXN_05cbea691123,ACC_4dc49a6858b3,False,True,True,behavioral_anomaly,
TXN_eb540aec304e,ACC_4dc49a6858b3,False,True,True,behavioral_anomaly,
TXN_77a311396f04,ACC_4dc49a6858b3,False,True,True,behavioral_anomaly,
TXN_3b3bc660d3d6,ACC_4dc49a6858b3,False,True,True,behavioral_anomaly,
TXN_b5d9b1e9f4a9,ACC_4dc49a6858b3,False,True,True,behavioral_anomaly,
TXN_45ca880c43e7,ACC_4dc49a6858b3,False,True,True,behavioral_anomaly,
TXN_568c542dde4d,ACC_4dc49a6858b3,False,True,True,behavioral_anomaly,
TXN_4e2f3cd83bb9,ACC_4dc49a6858b3,False,True,True,behavioral_anomaly,
TXN_8d5e56d6ee48,ACC_4dc49a6858b3,False,True,True,behavioral_anomaly,
TXN_5d3d922ef874,ACC_f1a5c4399297,False,False,False,normal,
TXN_197c9c0663df,ACC_f1a5c4399297,False,False,False,normal,
TXN_78dff69920cb,ACC_f1a5c4399297,False,False,False,normal,
TXN_e41955bb0a7a,ACC_f1a5c4399297,False,False,False,normal,
TXN_a2f5bd96f1d7,ACC_f1a5c4399297,False,False,False,normal,
TXN_cb7c7167ac4d,ACC_f1a5c4399297,False,False,False,normal,
TXN_e5f7b76bdf94,ACC_f1a5c4399297,False,False,False,normal,
TXN_1c167709af9f,ACC_f1a5c4399297,False,False,False,normal,
TXN_ed2c5cddeff6,ACC_f1a5c4399297,False,False,False,normal,
TXN_6856a6228240,ACC_f1a5c4399297,False,False,False,normal,
TXN_dea0ed5edc8e,ACC_437436064d39,False,False,False,normal,
TXN_b9680407cb82,ACC_437436064d39,False,False,False,normal,
TXN_bb51d0f64436,ACC_437436064d39,False,False,False,normal,
TXN_8587a0a233e7,ACC_437436064d39,False,False,False,normal,
TXN_496f5ddeeb28,ACC_437436064d39,False,False,False,normal,
TXN_ae9fb70740e3,ACC_437436064d39,False,False,False,normal,
TXN_a37a5bdda412,ACC_437436064d39,False,False,False,normal,
TXN_f8b061b08c16,ACC_437436064d39,False,False,False,normal,
TXN_e5a29aefc9d7,ACC_437436064d39,False,False,False,normal,
TXN_f8a6f1bd14e6,ACC_437436064d39,False,False,False,normal,
TXN_e25f8ef533af,ACC_6f919c026b4b,True,False,True,fraud_ring,RING_001
TXN_1a2ed594bb5d,ACC_6f919c026b4b,True,False,True,fraud_ring,RING_001
TXN_700c55a6c62f,ACC_6f919c026b4b,True,False,True,fraud_ring,RING_001
TXN_0997fb4a398b,ACC_6f919c026b4b,True,False,True,fraud_ring,RING_001
TXN_084728ddd54b,ACC_6f919c026b4b,True,False,True,fraud_ring,RING_001
TXN_c2065cd4eb5d,ACC_6f919c026b4b,True,False,True,fraud_ring,RING_001
TXN_d59ca566f5c0,ACC_6f919c026b4b,True,False,True,fraud_ring,RING_001
TXN_0b1020b3b678,ACC_6f919c026b4b,True,False,True,fraud_ring,RING_001
TXN_6740e82f2cf6,ACC_6f919c026b4b,True,False,True,fraud_ring,RING_001
TXN_568b0f009189,ACC_6f919c026b4b,True,False,True,fraud_ring,RING_001
TXN_31da9029c2a1,ACC_4a8160f15201,False,False,False,normal,
TXN_130d0dcaf238,ACC_4a8160f15201,False,False,False,normal,
TXN_553aa3dab57b,ACC_4a8160f15201,False,False,False,normal,
TXN_6edbe20cf7ab,ACC_4a8160f15201,False,False,False,normal,
TXN_dedce98ec1e2,ACC_4a8160f15201,False,False,False,normal,
TXN_ddbc587356b2,ACC_4a8160f15201,False,False,False,normal,
TXN_749236ca7b70,ACC_4a8160f15201,False,False,False,normal,
TXN_de8b1e961e57,ACC_4a8160f15201,False,False,False,normal,
TXN_034b44480d53,ACC_4a8160f15201,False,False,False,normal,
TXN_48a444a2df8b,ACC_4a8160f15201,False,False,False,normal,
TXN_c976bc0f23b5,ACC_ff28371a71ce,False,False,False,normal,
TXN_2f92e0dd06d1,ACC_ff28371a71ce,False,False,False,normal,
TXN_9255ad67bc55,ACC_ff28371a71ce,False,False,False,normal,
TXN_01cb82aeeec2,ACC_ff28371a71ce,False,False,False,normal,
TXN_718a7d0a5097,ACC_ff28371a71ce,False,False,False,normal,
TXN_3cda8679949c,ACC_ff28371a71ce,False,False,False,normal,
TXN_cc084d85aae9,ACC_ff28371a71ce,False,False,False,normal,
TXN_f896ff70cd10,ACC_ff28371a71ce,False,False,False,normal,
TXN_64332036694b,ACC_ff28371a71ce,False,False,False,normal,
TXN_86299522e291,ACC_ff28371a71ce,False,False,False,normal,
TXN_227f0f332ee7,ACC_693a55262edc,False,False,False,normal,
TXN_7c06a6ce1673,ACC_693a55262edc,False,False,False,normal,
TXN_0037a42c3de8,ACC_693a55262edc,False,False,False,normal,
TXN_bd2b0a88684f,ACC_693a55262edc,False,False,False,normal,
TXN_02f19c9606e9,ACC_693a55262edc,False,False,False,normal,
TXN_3c7660102d55,ACC_693a55262edc,False,False,False,normal,
TXN_8113faee569a,ACC_693a55262edc,False,False,False,normal,
TXN_628b2904b869,ACC_693a55262edc,False,False,False,normal,
TXN_5e336b6114cb,ACC_693a55262edc,False,False,False,normal,
TXN_a17be8b22607,ACC_693a55262edc,False,False,False,normal,
TXN_0c96960ff27e,ACC_b6363398f1ae,False,False,False,normal,
TXN_a22b52ca1d42,ACC_b6363398f1ae,False,False,False,normal,
TXN_a21d8c9d7033,ACC_b6363398f1ae,False,False,False,normal,
TXN_512ebc783d61,ACC_b6363398f1ae,False,False,False,normal,
TXN_c88ac4d134a1,ACC_b6363398f1ae,False,False,False,normal,
TXN_fc96311f0844,ACC_b6363398f1ae,False,False,False,normal,
TXN_5768c59d9161,ACC_b6363398f1ae,False,False,False,normal,
TXN_7b70e329b550,ACC_b6363398f1ae,False,False,False,normal,
TXN_87da2f1405bd,ACC_b6363398f1ae,False,False,False,normal,
TXN_9a6e310f5508,ACC_b6363398f1ae,False,False,False,normal,
TXN_9175962766b3,ACC_76ff3ace4d2b,False,False,False,normal,
TXN_dccf82e9d7d0,ACC_76ff3ace4d2b,False,False,False,normal,
TXN_dfbe3bdc39e9,ACC_76ff3ace4d2b,False,False,False,normal,
TXN_42e81007e606,ACC_76ff3ace4d2b,False,False,False,normal,
TXN_1f454c168a7c,ACC_76ff3ace4d2b,False,False,False,normal,
TXN_5d93a2102dba,ACC_76ff3ace4d2b,False,False,False,normal,
TXN_6a02a6b086ae,ACC_76ff3ace4d2b,False,False,False,normal,
TXN_be56c1daecc1,ACC_76ff3ace4d2b,False,False,False,normal,
TXN_d2339c9146f2,ACC_76ff3ace4d2b,False,False,False,normal,
TXN_e74d9f93c3d5,ACC_76ff3ace4d2b,False,False,False,normal,
TXN_e5e2ec3b9be9,ACC_9dc7e700d323,False,False,False,normal,
TXN_6a2cdab6eae1,ACC_9dc7e700d323,False,False,False,normal,
TXN_d268761a5fe9,ACC_9dc7e700d323,False,False,False,normal,
TXN_309f3aaad07d,ACC_9dc7e700d323,False,False,False,normal,
TXN_63c22c19203a,ACC_9dc7e700d323,False,False,False,normal,
TXN_0251bf0d78aa,ACC_9dc7e700d323,False,False,False,normal,
TXN_b32966a63dce,ACC_9dc7e700d323,False,False,False,normal,
TXN_7b1411f9dcad,ACC_9dc7e700d323,False,False,False,normal,
TXN_1c5fa53616f4,ACC_9dc7e700d323,False,False,False,normal,
TXN_4353e4604d3f,ACC_9dc7e700d323,False,False,False,normal,
TXN_dbb641b826b1,ACC_f72e3974f82d,False,False,False,normal,
TXN_3d595049f35a,ACC_f72e3974f82d,False,False,False,normal,
TXN_8e1a8f2e924b,ACC_f72e3974f82d,False,False,False,normal,
TXN_d4c9d45ed7cd,ACC_f72e3974f82d,False,False,False,normal,
TXN_19590f78d268,ACC_f72e3974f82d,False,False,False,normal,
TXN_ede5fc508b64,ACC_f72e3974f82d,False,False,False,normal,
TXN_d8d89698cc69,ACC_f72e3974f82d,False,False,False,normal,
TXN_587f79fe3248,ACC_f72e3974f82d,False,False,False,normal,
TXN_4559aa58a609,ACC_f72e3974f82d,False,False,False,normal,
TXN_ebd8a852a4c3,ACC_f72e3974f82d,False,False,False,normal,
TXN_de2109559ed3,ACC_b2d78ea59e52,False,False,False,normal,
TXN_e452d6480743,ACC_b2d78ea59e52,False,False,False,normal,
TXN_c73b6e2bf3ac,ACC_b2d78ea59e52,False,False,False,normal,
TXN_fea2d3b31ae8,ACC_b2d78ea59e52,False,False,False,normal,
TXN_7e753fe66c0e,ACC_b2d78ea59e52,False,False,False,normal,
TXN_fdd838937115,ACC_b2d78ea59e52,False,False,False,normal,
TXN_b7e3f3afc12f,ACC_b2d78ea59e52,False,False,False,normal,
TXN_be6aa8793730,ACC_b2d78ea59e52,False,False,False,normal,
TXN_56feaf8efd34,ACC_b2d78ea59e52,False,False,False,normal,
TXN_6a534892db9e,ACC_b2d78ea59e52,False,False,False,normal,
TXN_effbfb269878,ACC_713d42f48068,True,False,True,fraud_ring,RING_001
TXN_4644819d62d7,ACC_713d42f48068,True,False,True,fraud_ring,RING_001
TXN_fffd3fbfcc37,ACC_713d42f48068,True,False,True,fraud_ring,RING_001
TXN_fd702be757c6,ACC_713d42f48068,True,False,True,fraud_ring,RING_001
TXN_ff65a2379b0a,ACC_713d42f48068,True,False,True,fraud_ring,RING_001
TXN_1b31abad8a18,ACC_713d42f48068,True,False,True,fraud_ring,RING_001
TXN_e9bb876e6690,ACC_713d42f48068,True,False,True,fraud_ring,RING_001
TXN_96c892f44950,ACC_713d42f48068,True,False,True,fraud_ring,RING_001
TXN_dc4c449a535f,ACC_713d42f48068,True,False,True,fraud_ring,RING_001
TXN_bfc42f3c808c,ACC_713d42f48068,True,False,True,fraud_ring,RING_001
TXN_d77945b74141,ACC_5c87b3c8940b,False,False,False,normal,
TXN_bbaf53eb1ea2,ACC_5c87b3c8940b,False,False,False,normal,
TXN_f8607b9b8e3c,ACC_5c87b3c8940b,False,False,False,normal,
TXN_416903177925,ACC_5c87b3c8940b,False,False,False,normal,
TXN_6fb9b3fa36ae,ACC_5c87b3c8940b,False,False,False,normal,
TXN_50531bb15c24,ACC_5c87b3c8940b,False,False,False,normal,
TXN_f78b2a82b5ae,ACC_5c87b3c8940b,False,False,False,normal,
TXN_3fccf6460583,ACC_5c87b3c8940b,False,False,False,normal,
TXN_edc9f7f1f881,ACC_5c87b3c8940b,False,False,False,normal,
TXN_35913c15f2c7,ACC_5c87b3c8940b,False,False,False,normal,
TXN_fec89d457ae9,ACC_39c77170aa61,False,False,False,normal,
TXN_e98c78bbc4fe,ACC_39c77170aa61,False,False,False,normal,
TXN_0f80729cc951,ACC_39c77170aa61,False,False,False,normal,
TXN_e611d21afe78,ACC_39c77170aa61,False,False,False,normal,
TXN_4bae8e3ce808,ACC_39c77170aa61,False,False,False,normal,
TXN_f1876b3932b2,ACC_39c77170aa61,False,False,False,normal,
TXN_fb5b42cc6d04,ACC_39c77170aa61,False,False,False,normal,
TXN_8c8f9bc08341,ACC_39c77170aa61,False,False,False,normal,
TXN_4c50f96ac49f,ACC_39c77170aa61,False,False,False,normal,
TXN_774284dde89b,ACC_39c77170aa61,False,False,False,normal,
TXN_a6bdbda80808,ACC_72de5c765785,False,False,False,normal,
TXN_0a8c85f6606d,ACC_72de5c765785,False,False,False,normal,
TXN_61ffb1af0c46,ACC_72de5c765785,False,False,False,normal,
TXN_d711be292bc8,ACC_72de5c765785,False,False,False,normal,
TXN_8c2ebea592c2,ACC_72de5c765785,False,False,False,normal,
TXN_999e94e85d31,ACC_72de5c765785,False,False,False,normal,
TXN_aeff011d8214,ACC_72de5c765785,False,False,False,normal,
TXN_4e4c5e24175d,ACC_72de5c765785,False,False,False,normal,
TXN_82d03643e867,ACC_72de5c765785,False,False,False,normal,
TXN_2f74a8426d74,ACC_72de5c765785,False,False,False,normal,
TXN_2522ddf4730d,ACC_62bee205c742,False,False,False,normal,
TXN_554ca92de54f,ACC_62bee205c742,False,False,False,normal,
TXN_1865738de0e0,ACC_62bee205c742,False,False,False,normal,
TXN_ed7099124f28,ACC_62bee205c742,False,False,False,normal,
TXN_87b4118a58b4,ACC_62bee205c742,False,False,False,normal,
TXN_b37a3e9516d3,ACC_62bee205c742,False,False,False,normal,
TXN_eee8ff2fcf51,ACC_62bee205c742,False,False,False,normal,
TXN_95372d68bace,ACC_62bee205c742,False,False,False,normal,
TXN_309d4c17ad08,ACC_62bee205c742,False,False,False,normal,
TXN_fa73629ce69c,ACC_62bee205c742,False,False,False,normal,
TXN_92fa3049bb9b,ACC_a75563dc1567,False,False,False,normal,
TXN_8225859c51e8,ACC_a75563dc1567,False,False,False,normal,
TXN_3f33fdc52b7d,ACC_a75563dc1567,False,False,False,normal,
TXN_7d81e967b16e,ACC_a75563dc1567,False,False,False,normal,
TXN_d991facc6b1c,ACC_a75563dc1567,False,False,False,normal,
TXN_f0173ede8d8c,ACC_a75563dc1567,False,False,False,normal,
TXN_984a9712dbdf,ACC_a75563dc1567,False,False,False,normal,
TXN_27e0a50293bb,ACC_a75563dc1567,False,False,False,normal,
TXN_464b5140215d,ACC_a75563dc1567,False,False,False,normal,
TXN_eb676336bc42,ACC_a75563dc1567,False,False,False,normal,
TXN_62dc1c9212bd,ACC_3b7b369dc200,False,False,False,normal,
TXN_a62829a75d98,ACC_3b7b369dc200,False,False,False,normal,
TXN_0466174e9604,ACC_3b7b369dc200,False,False,False,normal,
TXN_903e016da00f,ACC_3b7b369dc200,False,False,False,normal,
TXN_d826ad835703,ACC_3b7b369dc200,False,False,False,normal,
TXN_eee70817ea09,ACC_3b7b369dc200,False,False,False,normal,
TXN_e13d48e01c72,ACC_3b7b369dc200,False,False,False,normal,
TXN_fffcea2db53f,ACC_3b7b369dc200,False,False,False,normal,
TXN_3c4b4f364f59,ACC_3b7b369dc200,False,False,False,normal,
TXN_94e303a06fc9,ACC_3b7b369dc200,False,False,False,normal,
TXN_0332daf674e3,ACC_845baaf3ab30,False,True,True,behavioral_anomaly,
TXN_813f1475b427,ACC_845baaf3ab30,False,True,True,behavioral_anomaly,
TXN_4abc1eb8f3b2,ACC_845baaf3ab30,False,True,True,behavioral_anomaly,
TXN_b09647bba705,ACC_845baaf3ab30,False,True,True,behavioral_anomaly,
TXN_3aa5216fc9f1,ACC_845baaf3ab30,False,True,True,behavioral_anomaly,
TXN_f0d9e3d1c6e4,ACC_845baaf3ab30,False,True,True,behavioral_anomaly,
TXN_383e41c8c2cf,ACC_845baaf3ab30,False,True,True,behavioral_anomaly,
TXN_baaff4f51dd4,ACC_845baaf3ab30,False,True,True,behavioral_anomaly,
TXN_e10af889156d,ACC_845baaf3ab30,False,True,True,behavioral_anomaly,
TXN_4725cafdde08,ACC_845baaf3ab30,False,True,True,behavioral_anomaly,
TXN_0c4bc018c001,ACC_3e8228411a25,True,False,True,fraud_ring,RING_005
TXN_14e7a8a7efa0,ACC_3e8228411a25,True,False,True,fraud_ring,RING_005
TXN_af33bdd9d491,ACC_3e8228411a25,True,False,True,fraud_ring,RING_005
TXN_89ec381a416a,ACC_3e8228411a25,True,False,True,fraud_ring,RING_005
TXN_e069e23dceef,ACC_3e8228411a25,True,False,True,fraud_ring,RING_005
TXN_615a5be54451,ACC_3e8228411a25,True,False,True,fraud_ring,RING_005
TXN_66314066c067,ACC_3e8228411a25,True,False,True,fraud_ring,RING_005
TXN_13b94cfacb4f,ACC_3e8228411a25,True,False,True,fraud_ring,RING_005
TXN_076caa037190,ACC_3e8228411a25,True,False,True,fraud_ring,RING_005
TXN_c7c589c32da2,ACC_3e8228411a25,True,False,True,fraud_ring,RING_005
TXN_5d5dbd5fc43f,ACC_613e73ebb4b1,False,False,False,normal,
TXN_ae23d5dc0bb4,ACC_613e73ebb4b1,False,False,False,normal,
TXN_8a213b4482d9,ACC_613e73ebb4b1,False,False,False,normal,
TXN_e449f5a1d2d6,ACC_613e73ebb4b1,False,False,False,normal,
TXN_d02774742636,ACC_613e73ebb4b1,False,False,False,normal,
TXN_be59b5cbf9e3,ACC_613e73ebb4b1,False,False,False,normal,
TXN_f4aa9b631218,ACC_613e73ebb4b1,False,False,False,normal,
TXN_df101e1006a1,ACC_613e73ebb4b1,False,False,False,normal,
TXN_8e4108155479,ACC_613e73ebb4b1,False,False,False,normal,
TXN_984fb624eb97,ACC_613e73ebb4b1,False,False,False,normal,
TXN_8c4bd67c36a0,ACC_7522942c169c,False,False,False,normal,
TXN_31a4626cb69f,ACC_7522942c169c,False,False,False,normal,
TXN_3f8dd6ed539b,ACC_7522942c169c,False,False,False,normal,
TXN_fb0a1a741934,ACC_7522942c169c,False,False,False,normal,
TXN_6bc627da6679,ACC_7522942c169c,False,False,False,normal,
TXN_29b06a5735e1,ACC_7522942c169c,False,False,False,normal,
TXN_fc6475bf68f6,ACC_7522942c169c,False,False,False,normal,
TXN_29cf418a8c94,ACC_7522942c169c,False,False,False,normal,
TXN_5b486ab8627e,ACC_7522942c169c,False,False,False,normal,
TXN_73b561ebf489,ACC_7522942c169c,False,False,False,normal,
TXN_c1a2ced4410b,ACC_02efbf2bb3d8,False,False,False,normal,
TXN_c1898d760dab,ACC_02efbf2bb3d8,False,False,False,normal,
TXN_927df7e8b2e5,ACC_02efbf2bb3d8,False,False,False,normal,
TXN_79fad025342a,ACC_02efbf2bb3d8,False,False,False,normal,
TXN_0d2e7ff9b95c,ACC_02efbf2bb3d8,False,False,False,normal,
TXN_3dfcf5f35547,ACC_02efbf2bb3d8,False,False,False,normal,
TXN_713c2ef07c50,ACC_02efbf2bb3d8,False,False,False,normal,
TXN_30f84623ee3f,ACC_02efbf2bb3d8,False,False,False,normal,
TXN_1f07a0d56911,ACC_02efbf2bb3d8,False,False,False,normal,
TXN_a86ad90305ff,ACC_02efbf2bb3d8,False,False,False,normal,
TXN_305e56f45c3e,ACC_1ed2d305151f,False,False,False,normal,
TXN_9ebb48d606e9,ACC_1ed2d305151f,False,False,False,normal,
TXN_dc7c45ba6322,ACC_1ed2d305151f,False,False,False,normal,
TXN_e505acb5f86e,ACC_1ed2d305151f,False,False,False,normal,
TXN_61f4719957ae,ACC_1ed2d305151f,False,False,False,normal,
TXN_027f479ab24b,ACC_1ed2d305151f,False,False,False,normal,
TXN_773838e88db3,ACC_1ed2d305151f,False,False,False,normal,
TXN_f97ed8196294,ACC_1ed2d305151f,False,False,False,normal,
TXN_11203e69ca47,ACC_1ed2d305151f,False,False,False,normal,
TXN_9fb5d01b0405,ACC_1ed2d305151f,False,False,False,normal,
TXN_dcec32f8b65e,ACC_bf2ae566d395,False,False,False,normal,
TXN_ae6370ad48da,ACC_bf2ae566d395,False,False,False,normal,
TXN_b42aa8e2e7b9,ACC_bf2ae566d395,False,False,False,normal,
TXN_ecd395fc11de,ACC_bf2ae566d395,False,False,False,normal,
TXN_04fab18e4871,ACC_bf2ae566d395,False,False,False,normal,
TXN_fdf4c1e67e55,ACC_bf2ae566d395,False,False,False,normal,
TXN_de59b407443b,ACC_bf2ae566d395,False,False,False,normal,
TXN_2b9057569428,ACC_bf2ae566d395,False,False,False,normal,
TXN_b35389093eca,ACC_bf2ae566d395,False,False,False,normal,
TXN_95c2e3e5398a,ACC_bf2ae566d395,False,False,False,normal,
TXN_c9848d819166,ACC_716075626b64,True,False,True,fraud_ring,RING_009
TXN_7ad596cce898,ACC_716075626b64,True,False,True,fraud_ring,RING_009
TXN_03bec5ae3298,ACC_716075626b64,True,False,True,fraud_ring,RING_009
TXN_dc93953e700d,ACC_716075626b64,True,False,True,fraud_ring,RING_009
TXN_2defc3971cd3,ACC_716075626b64,True,False,True,fraud_ring,RING_009
TXN_b3e996d00aec,ACC_716075626b64,True,False,True,fraud_ring,RING_009
TXN_c4bb357d325d,ACC_716075626b64,True,False,True,fraud_ring,RING_009
TXN_3fb4629987ab,ACC_716075626b64,True,False,True,fraud_ring,RING_009
TXN_4cbcef97a236,ACC_716075626b64,True,False,True,fraud_ring,RING_009
TXN_83d7cc7efcdb,ACC_716075626b64,True,False,True,fraud_ring,RING_009
TXN_1cfc6b78336b,ACC_8e4ea25f3897,False,False,False,normal,
TXN_db793bf57bd2,ACC_8e4ea25f3897,False,False,False,normal,
TXN_defce95105ba,ACC_8e4ea25f3897,False,False,False,normal,
TXN_baf3b67174ae,ACC_8e4ea25f3897,False,False,False,normal,
TXN_ac4e04f4f923,ACC_8e4ea25f3897,False,False,False,normal,
TXN_527a4ca70dde,ACC_8e4ea25f3897,False,False,False,normal,
TXN_3f791c3f973e,ACC_8e4ea25f3897,False,False,False,normal,
TXN_ffb2b350dd2e,ACC_8e4ea25f3897,False,False,False,normal,
TXN_1b4cff842701,ACC_8e4ea25f3897,False,False,False,normal,
TXN_17487d6fed54,ACC_8e4ea25f3897,False,False,False,normal,
TXN_3292ba21fccf,ACC_8bca859b9cfb,False,False,False,normal,
TXN_fcd88b169279,ACC_8bca859b9cfb,False,False,False,normal,
TXN_4966f1441f77,ACC_8bca859b9cfb,False,False,False,normal,
TXN_b2376fef27d5,ACC_8bca859b9cfb,False,False,False,normal,
TXN_f50339e7748f,ACC_8bca859b9cfb,False,False,False,normal,
TXN_6c1dec4b8d5f,ACC_8bca859b9cfb,False,False,False,normal,
TXN_9fa12dbf83d2,ACC_8bca859b9cfb,False,False,False,normal,
TXN_6ec73b619665,ACC_8bca859b9cfb,False,False,False,normal,
TXN_2e0d5a88e123,ACC_8bca859b9cfb,False,False,False,normal,
TXN_ac1031f234af,ACC_8bca859b9cfb,False,False,False,normal,
TXN_f372c3e71d6f,ACC_202decac8c4a,False,False,False,normal,
TXN_c0f2206e9c0e,ACC_202decac8c4a,False,False,False,normal,
TXN_3582dac201a4,ACC_202decac8c4a,False,False,False,normal,
TXN_404ac7b5d6ac,ACC_202decac8c4a,False,False,False,normal,
TXN_f0dc54f33fe2,ACC_202decac8c4a,False,False,False,normal,
TXN_20d4cb50b227,ACC_202decac8c4a,False,False,False,normal,
TXN_ab8acd5fe3d6,ACC_202decac8c4a,False,False,False,normal,
TXN_72ab17a1c471,ACC_202decac8c4a,False,False,False,normal,
TXN_d604cb9be898,ACC_202decac8c4a,False,False,False,normal,
TXN_69d34296bf20,ACC_202decac8c4a,False,False,False,normal,
TXN_991d4b671375,ACC_c0f43a5f2fa0,False,False,False,normal,
TXN_13a83cee7b3f,ACC_c0f43a5f2fa0,False,False,False,normal,
TXN_b2cc6b07f80f,ACC_c0f43a5f2fa0,False,False,False,normal,
TXN_9468fe9b2211,ACC_c0f43a5f2fa0,False,False,False,normal,
TXN_dbe96e02df7e,ACC_c0f43a5f2fa0,False,False,False,normal,
TXN_95afaa0876ae,ACC_c0f43a5f2fa0,False,False,False,normal,
TXN_7488513887ab,ACC_c0f43a5f2fa0,False,False,False,normal,
TXN_bab798286d43,ACC_c0f43a5f2fa0,False,False,False,normal,
TXN_8d3ff02c269c,ACC_c0f43a5f2fa0,False,False,False,normal,
TXN_376df474de96,ACC_c0f43a5f2fa0,False,False,False,normal,
TXN_61af280c65af,ACC_59d1221330a2,False,False,False,normal,
TXN_c7a3774756d2,ACC_59d1221330a2,False,False,False,normal,
TXN_ba3e6b18ad8e,ACC_59d1221330a2,False,False,False,normal,
TXN_cef80f286da6,ACC_59d1221330a2,False,False,False,normal,
TXN_6e39130c60e5,ACC_59d1221330a2,False,False,False,normal,
TXN_98469e32d971,ACC_59d1221330a2,False,False,False,normal,
TXN_dd89caaa84ed,ACC_59d1221330a2,False,False,False,normal,
TXN_77ef0c31322a,ACC_59d1221330a2,False,False,False,normal,
TXN_fe71d3df47c4,ACC_59d1221330a2,False,False,False,normal,
TXN_1711b29a66c9,ACC_59d1221330a2,False,False,False,normal,
TXN_63b37b1d59d3,ACC_f02943568df1,False,False,False,normal,
TXN_f748e65167fa,ACC_f02943568df1,False,False,False,normal,
TXN_7cb487d3f293,ACC_f02943568df1,False,False,False,normal,
TXN_33f6bfff3219,ACC_f02943568df1,False,False,False,normal,
TXN_b1af0b17029c,ACC_f02943568df1,False,False,False,normal,
TXN_9b1242d1c375,ACC_f02943568df1,False,False,False,normal,
TXN_d7c194a2644e,ACC_f02943568df1,False,False,False,normal,
TXN_05b0fb8c9ae7,ACC_f02943568df1,False,False,False,normal,
TXN_8913ddb9a4d3,ACC_f02943568df1,False,False,False,normal,
TXN_0417f050e645,ACC_f02943568df1,False,False,False,normal,
TXN_a307366c7f52,ACC_a3e5d3ee36f5,False,False,False,normal,
TXN_693c3f1a995a,ACC_a3e5d3ee36f5,False,False,False,normal,
TXN_4e73a0869321,ACC_a3e5d3ee36f5,False,False,False,normal,
TXN_925ca000da5a,ACC_a3e5d3ee36f5,False,False,False,normal,
TXN_d49a7344e785,ACC_a3e5d3ee36f5,False,False,False,normal,
TXN_fb16b006e04e,ACC_a3e5d3ee36f5,False,False,False,normal,
TXN_3c52d2aaf093,ACC_a3e5d3ee36f5,False,False,False,normal,
TXN_c21671a3cfa7,ACC_a3e5d3ee36f5,False,False,False,normal,
TXN_02aa96e81402,ACC_a3e5d3ee36f5,False,False,False,normal,
TXN_92abc6df2145,ACC_a3e5d3ee36f5,False,False,False,normal,
TXN_392adf944767,ACC_20bb048cf4d3,False,False,False,normal,
TXN_cd9efd50e740,ACC_20bb048cf4d3,False,False,False,normal,
TXN_312460d8c436,ACC_20bb048cf4d3,False,False,False,normal,
TXN_a482b0d98563,ACC_20bb048cf4d3,False,False,False,normal,
TXN_eee7fc499999,ACC_20bb048cf4d3,False,False,False,normal,
TXN_ab01370242ec,ACC_20bb048cf4d3,False,False,False,normal,
TXN_4051cb5d0f81,ACC_20bb048cf4d3,False,False,False,normal,
TXN_d5f6478edbb6,ACC_20bb048cf4d3,False,False,False,normal,
TXN_b39b54b986cb,ACC_20bb048cf4d3,False,False,False,normal,
TXN_1975d3bc3845,ACC_20bb048cf4d3,False,False,False,normal,
TXN_b84a4b5c83da,ACC_4f5a4d67eabe,False,False,False,normal,
TXN_72342e1cb7f8,ACC_4f5a4d67eabe,False,False,False,normal,
TXN_152513eb9d4d,ACC_4f5a4d67eabe,False,False,False,normal,
TXN_6784a7c0d619,ACC_4f5a4d67eabe,False,False,False,normal,
TXN_91b781c42d42,ACC_4f5a4d67eabe,False,False,False,normal,
TXN_6118ae90a942,ACC_4f5a4d67eabe,False,False,False,normal,
TXN_9b06e2370f22,ACC_4f5a4d67eabe,False,False,False,normal,
TXN_f539b380e8d5,ACC_4f5a4d67eabe,False,False,False,normal,
TXN_9306633de4df,ACC_4f5a4d67eabe,False,False,False,normal,
TXN_19d368d2cf5e,ACC_4f5a4d67eabe,False,False,False,normal,
TXN_5b3517c1d340,ACC_bbec1d681f02,False,False,False,normal,
TXN_4bc768c94e81,ACC_bbec1d681f02,False,False,False,normal,
TXN_4c298b210221,ACC_bbec1d681f02,False,False,False,normal,
TXN_e9ab8f0d08f2,ACC_bbec1d681f02,False,False,False,normal,
TXN_8492e34f3dcc,ACC_bbec1d681f02,False,False,False,normal,
TXN_56b756514782,ACC_bbec1d681f02,False,False,False,normal,
TXN_1cb6913067e3,ACC_bbec1d681f02,False,False,False,normal,
TXN_4a187f80454e,ACC_bbec1d681f02,False,False,False,normal,
TXN_76f569f6a411,ACC_bbec1d681f02,False,False,False,normal,
TXN_bbf27dd3fb63,ACC_bbec1d681f02,False,False,False,normal,
TXN_cfa9b427a977,ACC_933310ddf129,False,False,False,normal,
TXN_71916adc5471,ACC_933310ddf129,False,False,False,normal,
TXN_b4ad169d7446,ACC_933310ddf129,False,False,False,normal,
TXN_a6b282705b31,ACC_933310ddf129,False,False,False,normal,
TXN_8397744187e9,ACC_933310ddf129,False,False,False,normal,
TXN_58e494c4fbc0,ACC_933310ddf129,False,False,False,normal,
TXN_d83c52a8a9ef,ACC_933310ddf129,False,False,False,normal,
TXN_b343d944b6ee,ACC_933310ddf129,False,False,False,normal,
TXN_cab425a95c2e,ACC_933310ddf129,False,False,False,normal,
TXN_94f328e20ddb,ACC_933310ddf129,False,False,False,normal,
TXN_f154bfe3fdfa,ACC_2b687a10261b,False,False,False,normal,
TXN_b6b4d639f514,ACC_2b687a10261b,False,False,False,normal,
TXN_6031968b5cb1,ACC_2b687a10261b,False,False,False,normal,
TXN_78e5cd5a4e52,ACC_2b687a10261b,False,False,False,normal,
TXN_823bbbf1e9ed,ACC_2b687a10261b,False,False,False,normal,
TXN_02663e634b8d,ACC_2b687a10261b,False,False,False,normal,
TXN_58f87727ae9b,ACC_2b687a10261b,False,False,False,normal,
TXN_a21bf083c068,ACC_2b687a10261b,False,False,False,normal,
TXN_5be6873297fa,ACC_2b687a10261b,False,False,False,normal,
TXN_85ddc4d3e726,ACC_2b687a10261b,False,False,False,normal,
TXN_cbf66e45c325,ACC_1df74aaca630,False,False,False,normal,
TXN_ac9ec5fe62a4,ACC_1df74aaca630,False,False,False,normal,
TXN_44850641a152,ACC_1df74aaca630,False,False,False,normal,
TXN_d4f1b5133c1a,ACC_1df74aaca630,False,False,False,normal,
TXN_a5b42b04d41b,ACC_1df74aaca630,False,False,False,normal,
TXN_8d219782cfa2,ACC_1df74aaca630,False,False,False,normal,
TXN_c186a557bba0,ACC_1df74aaca630,False,False,False,normal,
TXN_c41657c7d0f6,ACC_1df74aaca630,False,False,False,normal,
TXN_a977600dedc1,ACC_1df74aaca630,False,False,False,normal,
TXN_61d20c4d3a04,ACC_1df74aaca630,False,False,False,normal,
TXN_b52e9f02059f,ACC_67905a45171e,False,False,False,normal,
TXN_7560d605996b,ACC_67905a45171e,False,False,False,normal,
TXN_16a63ce734b3,ACC_67905a45171e,False,False,False,normal,
TXN_49ffadb46399,ACC_67905a45171e,False,False,False,normal,
TXN_914ceccda413,ACC_67905a45171e,False,False,False,normal,
TXN_52ff3e4a62e9,ACC_67905a45171e,False,False,False,normal,
TXN_67186cf1fb7f,ACC_67905a45171e,False,False,False,normal,
TXN_d8f47d3b38b6,ACC_67905a45171e,False,False,False,normal,
TXN_70955b291469,ACC_67905a45171e,False,False,False,normal,
TXN_e12140db0ad3,ACC_67905a45171e,False,False,False,normal,
TXN_f8383c305b18,ACC_27433d692b7f,False,False,False,normal,
TXN_691abb775b47,ACC_27433d692b7f,False,False,False,normal,
TXN_98db78877ab2,ACC_27433d692b7f,False,False,False,normal,
TXN_0d983a68c42b,ACC_27433d692b7f,False,False,False,normal,
TXN_85dbe098b9be,ACC_27433d692b7f,False,False,False,normal,
TXN_c08fb6436b10,ACC_27433d692b7f,False,False,False,normal,
TXN_ad22f534016b,ACC_27433d692b7f,False,False,False,normal,
TXN_610a123710eb,ACC_27433d692b7f,False,False,False,normal,
TXN_48aa0775a190,ACC_27433d692b7f,False,False,False,normal,
TXN_af8ea7f7d220,ACC_27433d692b7f,False,False,False,normal,
TXN_f8b9bc305ad8,ACC_9c78cdb7aee3,False,False,False,normal,
TXN_b39c07bb50ed,ACC_9c78cdb7aee3,False,False,False,normal,
TXN_c4667d68aafd,ACC_9c78cdb7aee3,False,False,False,normal,
TXN_c2e101df614c,ACC_9c78cdb7aee3,False,False,False,normal,
TXN_a59442125b44,ACC_9c78cdb7aee3,False,False,False,normal,
TXN_c9a3fefe44f7,ACC_9c78cdb7aee3,False,False,False,normal,
TXN_9b139f4c3ef5,ACC_9c78cdb7aee3,False,False,False,normal,
TXN_969293043c93,ACC_9c78cdb7aee3,False,False,False,normal,
TXN_efb7f45bc57d,ACC_9c78cdb7aee3,False,False,False,normal,
TXN_90a6aa6f42f6,ACC_9c78cdb7aee3,False,False,False,normal,
TXN_022dcc5ebfd3,ACC_e69420caa834,False,False,False,normal,
TXN_e90a035a219c,ACC_e69420caa834,False,False,False,normal,
TXN_4e3a0d6a9ce8,ACC_e69420caa834,False,False,False,normal,
TXN_28a86af6e272,ACC_e69420caa834,False,False,False,normal,
TXN_a257bf41427a,ACC_e69420caa834,False,False,False,normal,
TXN_37a107ff3f20,ACC_e69420caa834,False,False,False,normal,
TXN_a72781422720,ACC_e69420caa834,False,False,False,normal,
TXN_3eb6c96abe97,ACC_e69420caa834,False,False,False,normal,
TXN_3841de68c0b5,ACC_e69420caa834,False,False,False,normal,
TXN_0750f30b8b69,ACC_e69420caa834,False,False,False,normal,
TXN_88e685d1c835,ACC_dd70e3f51632,False,False,False,normal,
TXN_591fe78544be,ACC_dd70e3f51632,False,False,False,normal,
TXN_0cb625cf9c7d,ACC_dd70e3f51632,False,False,False,normal,
TXN_8ddcdca322b6,ACC_dd70e3f51632,False,False,False,normal,
TXN_323275e196e5,ACC_dd70e3f51632,False,False,False,normal,
TXN_88f061edbe59,ACC_dd70e3f51632,False,False,False,normal,
TXN_e2695a7d221a,ACC_dd70e3f51632,False,False,False,normal,
TXN_5494a067e975,ACC_dd70e3f51632,False,False,False,normal,
TXN_901342127664,ACC_dd70e3f51632,False,False,False,normal,
TXN_1b92e8f1814e,ACC_dd70e3f51632,False,False,False,normal,
TXN_f59dfee68fb4,ACC_197feb7f1a79,False,False,False,normal,
TXN_f359cbc42814,ACC_197feb7f1a79,False,False,False,normal,
TXN_2bc021c3f527,ACC_197feb7f1a79,False,False,False,normal,
TXN_6a4d613b9d42,ACC_197feb7f1a79,False,False,False,normal,
TXN_5a720f2b4650,ACC_197feb7f1a79,False,False,False,normal,
TXN_d14602f99c93,ACC_197feb7f1a79,False,False,False,normal,
TXN_2ef23e01f36a,ACC_197feb7f1a79,False,False,False,normal,
TXN_1d26891b5948,ACC_197feb7f1a79,False,False,False,normal,
TXN_0b6f454d2627,ACC_197feb7f1a79,False,False,False,normal,
TXN_4aca888a9125,ACC_197feb7f1a79,False,False,False,normal,
TXN_40e38d943732,ACC_146921935908,False,False,False,normal,
TXN_23a6691e14db,ACC_146921935908,False,False,False,normal,
TXN_8f03f57ccaa2,ACC_146921935908,False,False,False,normal,
TXN_2bcdc1580fbd,ACC_146921935908,False,False,False,normal,
TXN_99d99d96a0b5,ACC_146921935908,False,False,False,normal,
TXN_96ccfecde1aa,ACC_146921935908,False,False,False,normal,
TXN_1c9b4869e191,ACC_146921935908,False,False,False,normal,
TXN_410806b2aa0e,ACC_146921935908,False,False,False,normal,
TXN_71aeb4afae38,ACC_146921935908,False,False,False,normal,
TXN_035514d14f6a,ACC_146921935908,False,False,False,normal,
TXN_573b5b36f82e,ACC_17e4b0550513,False,False,False,normal,
TXN_d4b1e8d0c78c,ACC_17e4b0550513,False,False,False,normal,
TXN_1c697327f309,ACC_17e4b0550513,False,False,False,normal,
TXN_11198067cb37,ACC_17e4b0550513,False,False,False,normal,
TXN_0872940e5bd1,ACC_17e4b0550513,False,False,False,normal,
TXN_06cc8b8772db,ACC_17e4b0550513,False,False,False,normal,
TXN_e73530f99c77,ACC_17e4b0550513,False,False,False,normal,
TXN_342145adc56b,ACC_17e4b0550513,False,False,False,normal,
TXN_6a86ae7c9127,ACC_17e4b0550513,False,False,False,normal,
TXN_b8dc08ee4bbc,ACC_17e4b0550513,False,False,False,normal,
TXN_bb16adaeec0a,ACC_e617026294ed,False,False,False,normal,
TXN_9f0ccdc04b92,ACC_e617026294ed,False,False,False,normal,
TXN_df664bb9f081,ACC_e617026294ed,False,False,False,normal,
TXN_cd5132f35331,ACC_e617026294ed,False,False,False,normal,
TXN_90ab484ae409,ACC_e617026294ed,False,False,False,normal,
TXN_2a9432945a39,ACC_e617026294ed,False,False,False,normal,
TXN_c30e7ea846fc,ACC_e617026294ed,False,False,False,normal,
TXN_de1897a66bbc,ACC_e617026294ed,False,False,False,normal,
TXN_f19da09f533b,ACC_e617026294ed,False,False,False,normal,
TXN_307e0fd45adf,ACC_e617026294ed,False,False,False,normal,
TXN_1d32cd18333a,ACC_96aee2f687bf,False,False,False,normal,
TXN_0c64290c0859,ACC_96aee2f687bf,False,False,False,normal,
TXN_f87351f95f01,ACC_96aee2f687bf,False,False,False,normal,
TXN_92f30965ece9,ACC_96aee2f687bf,False,False,False,normal,
TXN_ab7294a43f45,ACC_96aee2f687bf,False,False,False,normal,
TXN_8174f3599a8a,ACC_96aee2f687bf,False,False,False,normal,
TXN_ee2b938e4411,ACC_96aee2f687bf,False,False,False,normal,
TXN_9ca82a081403,ACC_96aee2f687bf,False,False,False,normal,
TXN_db347f20af86,ACC_96aee2f687bf,False,False,False,normal,
TXN_b07e72801bf4,ACC_96aee2f687bf,False,False,False,normal,
TXN_b29ace109d39,ACC_fab5210e6993,False,False,False,normal,
TXN_c9fc2d28f445,ACC_fab5210e6993,False,False,False,normal,
TXN_29d07082b47b,ACC_fab5210e6993,False,False,False,normal,
TXN_a1b883ab962b,ACC_fab5210e6993,False,False,False,normal,
TXN_e5644e0813b5,ACC_fab5210e6993,False,False,False,normal,
TXN_f5f13b13dabf,ACC_fab5210e6993,False,False,False,normal,
TXN_42b755ab58d1,ACC_fab5210e6993,False,False,False,normal,
TXN_2bd4d7420325,ACC_fab5210e6993,False,False,False,normal,
TXN_a124acccd51a,ACC_fab5210e6993,False,False,False,normal,
TXN_5ae96d8935e5,ACC_fab5210e6993,False,False,False,normal,
TXN_2a188e0ed691,ACC_00a8df69084d,False,False,False,normal,
TXN_b1e7c4f60e16,ACC_00a8df69084d,False,False,False,normal,
TXN_ff24580ce202,ACC_00a8df69084d,False,False,False,normal,
TXN_c4c20564f07d,ACC_00a8df69084d,False,False,False,normal,
TXN_911190a26f5a,ACC_00a8df69084d,False,False,False,normal,
TXN_8b17a1307989,ACC_00a8df69084d,False,False,False,normal,
TXN_562516ac8651,ACC_00a8df69084d,False,False,False,normal,
TXN_b80c161890ce,ACC_00a8df69084d,False,False,False,normal,
TXN_aedb7bcbf5f2,ACC_00a8df69084d,False,False,False,normal,
TXN_a6eca34a86ef,ACC_00a8df69084d,False,False,False,normal,
TXN_4783644d4a37,ACC_04c1aa3bafba,False,False,False,normal,
TXN_c6dca9967d13,ACC_04c1aa3bafba,False,False,False,normal,
TXN_a08f53e0a664,ACC_04c1aa3bafba,False,False,False,normal,
TXN_af84adfaf57a,ACC_04c1aa3bafba,False,False,False,normal,
TXN_16b30c96dad2,ACC_04c1aa3bafba,False,False,False,normal,
TXN_3a7b9ee42b20,ACC_04c1aa3bafba,False,False,False,normal,
TXN_646f780e4bfe,ACC_04c1aa3bafba,False,False,False,normal,
TXN_ec4b98c70e66,ACC_04c1aa3bafba,False,False,False,normal,
TXN_745484e4cafd,ACC_04c1aa3bafba,False,False,False,normal,
TXN_b6a822a20ba4,ACC_04c1aa3bafba,False,False,False,normal,
TXN_16a50b0ed3f5,ACC_61477495b89b,False,False,False,normal,
TXN_9b4f8a29351d,ACC_61477495b89b,False,False,False,normal,
TXN_cfb19bc77807,ACC_61477495b89b,False,False,False,normal,
TXN_85ddfc8c38eb,ACC_61477495b89b,False,False,False,normal,
TXN_d5ac590ae8c8,ACC_61477495b89b,False,False,False,normal,
TXN_0283531b3fe0,ACC_61477495b89b,False,False,False,normal,
TXN_bd3d4d7a278c,ACC_61477495b89b,False,False,False,normal,
TXN_b711615afd9f,ACC_61477495b89b,False,False,False,normal,
TXN_6425181a6de8,ACC_61477495b89b,False,False,False,normal,
TXN_328ccfbeb7c4,ACC_61477495b89b,False,False,False,normal,
TXN_653e73de70d8,ACC_955ad1662877,False,False,False,normal,
TXN_77c6adad0357,ACC_955ad1662877,False,False,False,normal,
TXN_da977686aef0,ACC_955ad1662877,False,False,False,normal,
TXN_c8fbcf7bc843,ACC_955ad1662877,False,False,False,normal,
TXN_a399fabbd591,ACC_955ad1662877,False,False,False,normal,
TXN_758971858517,ACC_955ad1662877,False,False,False,normal,
TXN_6802159eee34,ACC_955ad1662877,False,False,False,normal,
TXN_d234d623a4d0,ACC_955ad1662877,False,False,False,normal,
TXN_ce958fbcee88,ACC_955ad1662877,False,False,False,normal,
TXN_f7fa7ee7d0c7,ACC_955ad1662877,False,False,False,normal,
TXN_b1fa3fa0341b,ACC_738eff8ac881,False,False,False,normal,
TXN_fcb52db88ec4,ACC_738eff8ac881,False,False,False,normal,
TXN_225887a612fa,ACC_738eff8ac881,False,False,False,normal,
TXN_b8a67066d0a1,ACC_738eff8ac881,False,False,False,normal,
TXN_1e18ef42fdea,ACC_738eff8ac881,False,False,False,normal,
TXN_b52fb0492795,ACC_738eff8ac881,False,False,False,normal,
TXN_c67f74ad182a,ACC_738eff8ac881,False,False,False,normal,
TXN_4c391ed6e4ae,ACC_738eff8ac881,False,False,False,normal,
TXN_a77ad89e7dbe,ACC_738eff8ac881,False,False,False,normal,
TXN_cd065df1d154,ACC_738eff8ac881,False,False,False,normal,
TXN_0228bf61e0ee,ACC_6af5e59022e4,False,False,False,normal,
TXN_e42dc7edfc50,ACC_6af5e59022e4,False,False,False,normal,
TXN_ae3e617f4c8c,ACC_6af5e59022e4,False,False,False,normal,
TXN_0d5b7e1308ad,ACC_6af5e59022e4,False,False,False,normal,
TXN_bfcd3e9bdcce,ACC_6af5e59022e4,False,False,False,normal,
TXN_2b6563e05923,ACC_6af5e59022e4,False,False,False,normal,
TXN_899b1b7d861e,ACC_6af5e59022e4,False,False,False,normal,
TXN_992b8ba96cd9,ACC_6af5e59022e4,False,False,False,normal,
TXN_b3d94315397e,ACC_6af5e59022e4,False,False,False,normal,
TXN_0a877794b414,ACC_6af5e59022e4,False,False,False,normal,
TXN_2a99f1ea779f,ACC_784f2b461c60,False,False,False,normal,
TXN_cb01171e9324,ACC_784f2b461c60,False,False,False,normal,
TXN_18758920b98b,ACC_784f2b461c60,False,False,False,normal,
TXN_0b8f9233e30d,ACC_784f2b461c60,False,False,False,normal,
TXN_adafc0ecd5f1,ACC_784f2b461c60,False,False,False,normal,
TXN_524fd2dea451,ACC_784f2b461c60,False,False,False,normal,
TXN_7703d104a5d0,ACC_784f2b461c60,False,False,False,normal,
TXN_10e3af13b152,ACC_784f2b461c60,False,False,False,normal,
TXN_9b2a92c0a3a7,ACC_784f2b461c60,False,False,False,normal,
TXN_2819e0ad9c04,ACC_784f2b461c60,False,False,False,normal,
TXN_24f8f54a61fa,ACC_87d90291de51,False,False,False,normal,
TXN_5eb113f829c6,ACC_87d90291de51,False,False,False,normal,
TXN_69c40081dc77,ACC_87d90291de51,False,False,False,normal,
TXN_937798deced4,ACC_87d90291de51,False,False,False,normal,
TXN_62828362bbb3,ACC_87d90291de51,False,False,False,normal,
TXN_12efea863bba,ACC_87d90291de51,False,False,False,normal,
TXN_b0ad7c7d8ab9,ACC_87d90291de51,False,False,False,normal,
TXN_cf5f440025ef,ACC_87d90291de51,False,False,False,normal,
TXN_5ae1543acd94,ACC_87d90291de51,False,False,False,normal,
TXN_267ef81d6f96,ACC_87d90291de51,False,False,False,normal,
TXN_c52479cc7bab,ACC_43ff29540990,False,True,True,behavioral_anomaly,
TXN_0db7bb93bd7d,ACC_43ff29540990,False,True,True,behavioral_anomaly,
TXN_f2eed39747c4,ACC_43ff29540990,False,True,True,behavioral_anomaly,
TXN_05b990491015,ACC_43ff29540990,False,True,True,behavioral_anomaly,
TXN_2e66e4f6b865,ACC_43ff29540990,False,True,True,behavioral_anomaly,
TXN_d8530c0dacc0,ACC_43ff29540990,False,True,True,behavioral_anomaly,
TXN_23eb779d3391,ACC_43ff29540990,False,True,True,behavioral_anomaly,
TXN_1e2019250fef,ACC_43ff29540990,False,True,True,behavioral_anomaly,
TXN_fbcfeb403f46,ACC_43ff29540990,False,True,True,behavioral_anomaly,
TXN_2a737219ae33,ACC_43ff29540990,False,True,True,behavioral_anomaly,
TXN_a29d5c152b7b,ACC_0997c4be43e6,False,False,False,normal,
TXN_03c3b20c57c3,ACC_0997c4be43e6,False,False,False,normal,
TXN_cab600e30113,ACC_0997c4be43e6,False,False,False,normal,
TXN_0aff9665ce36,ACC_0997c4be43e6,False,False,False,normal,
TXN_066b074be513,ACC_0997c4be43e6,False,False,False,normal,
TXN_89115284259c,ACC_0997c4be43e6,False,False,False,normal,
TXN_e7ab21ae8ca9,ACC_0997c4be43e6,False,False,False,normal,
TXN_1c2fded079d8,ACC_0997c4be43e6,False,False,False,normal,
TXN_6fa61899459c,ACC_0997c4be43e6,False,False,False,normal,
TXN_8bdfff5478e6,ACC_0997c4be43e6,False,False,False,normal,
TXN_37a55f00de06,ACC_a0e4d1079e3c,False,False,False,normal,
TXN_917a588a5663,ACC_a0e4d1079e3c,False,False,False,normal,
TXN_4df4c15159a6,ACC_a0e4d1079e3c,False,False,False,normal,
TXN_704a11430bd8,ACC_a0e4d1079e3c,False,False,False,normal,
TXN_1f4683d76b6d,ACC_a0e4d1079e3c,False,False,False,normal,
TXN_731d51cb23fa,ACC_a0e4d1079e3c,False,False,False,normal,
TXN_534688a5a8af,ACC_a0e4d1079e3c,False,False,False,normal,
TXN_c625740ac979,ACC_a0e4d1079e3c,False,False,False,normal,
TXN_c82c91ddd105,ACC_a0e4d1079e3c,False,False,False,normal,
TXN_2dc01631d8fd,ACC_a0e4d1079e3c,False,False,False,normal,
TXN_92aa7ef06405,ACC_68d890b04ae3,False,False,False,normal,
TXN_9a92d6c657fb,ACC_68d890b04ae3,False,False,False,normal,
TXN_33e553f4efbb,ACC_68d890b04ae3,False,False,False,normal,
TXN_5f33f9cbc144,ACC_68d890b04ae3,False,False,False,normal,
TXN_8b79cf442d32,ACC_68d890b04ae3,False,False,False,normal,
TXN_5f6b19c7ed2a,ACC_68d890b04ae3,False,False,False,normal,
TXN_34e10e0c375b,ACC_68d890b04ae3,False,False,False,normal,
TXN_b58866dea593,ACC_68d890b04ae3,False,False,False,normal,
TXN_b207a0a3b139,ACC_68d890b04ae3,False,False,False,normal,
TXN_e2850af5499a,ACC_68d890b04ae3,False,False,False,normal,
TXN_e6f8ce7af44e,ACC_87478fcb0db5,False,False,False,normal,
TXN_2879058e379c,ACC_87478fcb0db5,False,False,False,normal,
TXN_b5f019ed9690,ACC_87478fcb0db5,False,False,False,normal,
TXN_6eaa3c9929c9,ACC_87478fcb0db5,False,False,False,normal,
TXN_95874620c9f3,ACC_87478fcb0db5,False,False,False,normal,
TXN_b0a8a2b96270,ACC_87478fcb0db5,False,False,False,normal,
TXN_b0c8cdff5d2b,ACC_87478fcb0db5,False,False,False,normal,
TXN_ccd61d768450,ACC_87478fcb0db5,False,False,False,normal,
TXN_828cad0052ce,ACC_87478fcb0db5,False,False,False,normal,
TXN_1787ee25e7c4,ACC_87478fcb0db5,False,False,False,normal,
TXN_0761d79853de,ACC_3c50fb1fb974,False,False,False,normal,
TXN_e25abf11ca80,ACC_3c50fb1fb974,False,False,False,normal,
TXN_3305e29bdb9a,ACC_3c50fb1fb974,False,False,False,normal,
TXN_210167548ccb,ACC_3c50fb1fb974,False,False,False,normal,
TXN_195405ffd4ca,ACC_3c50fb1fb974,False,False,False,normal,
TXN_5141636aa53d,ACC_3c50fb1fb974,False,False,False,normal,
TXN_55cdcf4f5df0,ACC_3c50fb1fb974,False,False,False,normal,
TXN_a31b82132195,ACC_3c50fb1fb974,False,False,False,normal,
TXN_009ea574213d,ACC_3c50fb1fb974,False,False,False,normal,
TXN_00177905e9e8,ACC_3c50fb1fb974,False,False,False,normal,
TXN_6633e6f934c1,ACC_ee78bd905322,False,False,False,normal,
TXN_2a00399ed068,ACC_ee78bd905322,False,False,False,normal,
TXN_0e89d938e371,ACC_ee78bd905322,False,False,False,normal,
TXN_04f4f7b49d06,ACC_ee78bd905322,False,False,False,normal,
TXN_3c82b54b6d9f,ACC_ee78bd905322,False,False,False,normal,
TXN_26afc7596f64,ACC_ee78bd905322,False,False,False,normal,
TXN_c6a3085615cd,ACC_ee78bd905322,False,False,False,normal,
TXN_41b655da4d5f,ACC_ee78bd905322,False,False,False,normal,
TXN_e750d54ce669,ACC_ee78bd905322,False,False,False,normal,
TXN_c9c7b6ec79a1,ACC_ee78bd905322,False,False,False,normal,
TXN_795612db32b3,ACC_055b4c96be03,False,False,False,normal,
TXN_a98ed20215b8,ACC_055b4c96be03,False,False,False,normal,
TXN_e3d20125338b,ACC_055b4c96be03,False,False,False,normal,
TXN_01ebea3023c7,ACC_055b4c96be03,False,False,False,normal,
TXN_0d928c388a9b,ACC_055b4c96be03,False,False,False,normal,
TXN_882c95af679a,ACC_055b4c96be03,False,False,False,normal,
TXN_ca1c908c58db,ACC_055b4c96be03,False,False,False,normal,
TXN_656e3b1eff1f,ACC_055b4c96be03,False,False,False,normal,
TXN_ae973dc11078,ACC_055b4c96be03,False,False,False,normal,
TXN_1b3f3689fad0,ACC_055b4c96be03,False,False,False,normal,
TXN_95757671f340,ACC_b66449242673,False,False,False,normal,
TXN_05bc8fe5df90,ACC_b66449242673,False,False,False,normal,
TXN_1b32b28393d0,ACC_b66449242673,False,False,False,normal,
TXN_ccf5aa66e9e0,ACC_b66449242673,False,False,False,normal,
TXN_123202aeb65d,ACC_b66449242673,False,False,False,normal,
TXN_93cf24d6fdb6,ACC_b66449242673,False,False,False,normal,
TXN_be0b04bc1f94,ACC_b66449242673,False,False,False,normal,
TXN_5577cc41d1ca,ACC_b66449242673,False,False,False,normal,
TXN_8cb980e925b7,ACC_b66449242673,False,False,False,normal,
TXN_8ff2f1a60328,ACC_b66449242673,False,False,False,normal,
TXN_046895603c54,ACC_36c2b9a8b3f1,False,False,False,normal,
TXN_9752d4d47a6f,ACC_36c2b9a8b3f1,False,False,False,normal,
TXN_04237a1893ee,ACC_36c2b9a8b3f1,False,False,False,normal,
TXN_0722e30d1d21,ACC_36c2b9a8b3f1,False,False,False,normal,
TXN_967ac86eb32c,ACC_36c2b9a8b3f1,False,False,False,normal,
TXN_5b8123ee8ab8,ACC_36c2b9a8b3f1,False,False,False,normal,
TXN_dda10602b176,ACC_36c2b9a8b3f1,False,False,False,normal,
TXN_f7d7c50e84a1,ACC_36c2b9a8b3f1,False,False,False,normal,
TXN_ad3513cb5b1f,ACC_36c2b9a8b3f1,False,False,False,normal,
TXN_2af93ee7c3e5,ACC_36c2b9a8b3f1,False,False,False,normal,
TXN_9f4ab141d379,ACC_d786340ec355,False,False,False,normal,
TXN_b09e9f0c5e6d,ACC_d786340ec355,False,False,False,normal,
TXN_81ebdeee2a39,ACC_d786340ec355,False,False,False,normal,
TXN_c47ed20f70b7,ACC_d786340ec355,False,False,False,normal,
TXN_b13bfcd6b456,ACC_d786340ec355,False,False,False,normal,
TXN_1122bae36718,ACC_d786340ec355,False,False,False,normal,
TXN_2a4167647658,ACC_d786340ec355,False,False,False,normal,
TXN_3b5e5dd8ec78,ACC_d786340ec355,False,False,False,normal,
TXN_5fca5f8cc97c,ACC_d786340ec355,False,False,False,normal,
TXN_38068a9e316e,ACC_d786340ec355,False,False,False,normal,
TXN_67c191061bee,ACC_b19c54530c86,False,False,False,normal,
TXN_aca029b60904,ACC_b19c54530c86,False,False,False,normal,
TXN_a2b465256623,ACC_b19c54530c86,False,False,False,normal,
TXN_c85906517ae0,ACC_b19c54530c86,False,False,False,normal,
TXN_8b0f4ade2bf4,ACC_b19c54530c86,False,False,False,normal,
TXN_7d2fe3de609c,ACC_b19c54530c86,False,False,False,normal,
TXN_3428b8e20f12,ACC_b19c54530c86,False,False,False,normal,
TXN_6128d1adc38e,ACC_b19c54530c86,False,False,False,normal,
TXN_e5b0bece2271,ACC_b19c54530c86,False,False,False,normal,
TXN_ece3902c9f9c,ACC_b19c54530c86,False,False,False,normal,
TXN_9775d702cd6b,ACC_b774b4e39cc6,False,False,False,normal,
TXN_30ee7b9cbe24,ACC_b774b4e39cc6,False,False,False,normal,
TXN_f11b5723c43d,ACC_b774b4e39cc6,False,False,False,normal,
TXN_106b4de464a0,ACC_b774b4e39cc6,False,False,False,normal,
TXN_76a014752295,ACC_b774b4e39cc6,False,False,False,normal,
TXN_8ad53754aa81,ACC_b774b4e39cc6,False,False,False,normal,
TXN_1fcc4db418fc,ACC_b774b4e39cc6,False,False,False,normal,
TXN_2f2ab9501356,ACC_b774b4e39cc6,False,False,False,normal,
TXN_b596a093302b,ACC_b774b4e39cc6,False,False,False,normal,
TXN_f8e48e7b53f5,ACC_b774b4e39cc6,False,False,False,normal,
TXN_40dfeb3bc780,ACC_70363f361c84,False,False,False,normal,
TXN_97fccf47d5ed,ACC_70363f361c84,False,False,False,normal,
TXN_a624096350d0,ACC_70363f361c84,False,False,False,normal,
TXN_ed289bb99b42,ACC_70363f361c84,False,False,False,normal,
TXN_2632165fe490,ACC_70363f361c84,False,False,False,normal,
TXN_0957cb2eb28e,ACC_70363f361c84,False,False,False,normal,
TXN_de78c3f9935d,ACC_70363f361c84,False,False,False,normal,
TXN_2dbdec560cc3,ACC_70363f361c84,False,False,False,normal,
TXN_7831d3b02d5f,ACC_70363f361c84,False,False,False,normal,
TXN_805746ac7fd4,ACC_70363f361c84,False,False,False,normal,
TXN_fd46fba6caf7,ACC_5114f69f230d,False,False,False,normal,
TXN_e70d1295302b,ACC_5114f69f230d,False,False,False,normal,
TXN_6ac954e4e23c,ACC_5114f69f230d,False,False,False,normal,
TXN_5a65c400233f,ACC_5114f69f230d,False,False,False,normal,
TXN_f773d9335160,ACC_5114f69f230d,False,False,False,normal,
TXN_58d37b2a690f,ACC_5114f69f230d,False,False,False,normal,
TXN_de457617184c,ACC_5114f69f230d,False,False,False,normal,
TXN_b56c9e77fb13,ACC_5114f69f230d,False,False,False,normal,
TXN_d563d71ce8ba,ACC_5114f69f230d,False,False,False,normal,
TXN_2c3f8d0c2520,ACC_5114f69f230d,False,False,False,normal,
TXN_b1c732e4b148,ACC_912d4c8ed3bd,True,False,True,fraud_ring,RING_002
TXN_be394e5e2363,ACC_912d4c8ed3bd,True,False,True,fraud_ring,RING_002
TXN_0973b1ac58f6,ACC_912d4c8ed3bd,True,False,True,fraud_ring,RING_002
TXN_c216dffd3a54,ACC_912d4c8ed3bd,True,False,True,fraud_ring,RING_002
TXN_9ee3ab25198a,ACC_912d4c8ed3bd,True,False,True,fraud_ring,RING_002
TXN_813c020e4509,ACC_912d4c8ed3bd,True,False,True,fraud_ring,RING_002
TXN_22928a18302a,ACC_912d4c8ed3bd,True,False,True,fraud_ring,RING_002
TXN_19e766dee4c8,ACC_912d4c8ed3bd,True,False,True,fraud_ring,RING_002
TXN_4b88b7704aee,ACC_912d4c8ed3bd,True,False,True,fraud_ring,RING_002
TXN_3dc67bcbabcd,ACC_912d4c8ed3bd,True,False,True,fraud_ring,RING_002
TXN_5d3099fd7952,ACC_c26c81e96784,False,False,False,normal,
TXN_800445d6c9dc,ACC_c26c81e96784,False,False,False,normal,
TXN_636cdb95b0e0,ACC_c26c81e96784,False,False,False,normal,
TXN_c098404a0778,ACC_c26c81e96784,False,False,False,normal,
TXN_bf95f3663fdd,ACC_c26c81e96784,False,False,False,normal,
TXN_2eab2146d446,ACC_c26c81e96784,False,False,False,normal,
TXN_5117f46a4023,ACC_c26c81e96784,False,False,False,normal,
TXN_52c3fb833f71,ACC_c26c81e96784,False,False,False,normal,
TXN_e744ec04eba1,ACC_c26c81e96784,False,False,False,normal,
TXN_4cddfdc4fe9e,ACC_c26c81e96784,False,False,False,normal,
TXN_dc0ad03c8635,ACC_0dd9f0134c5c,False,False,False,normal,
TXN_4bf93485c1f0,ACC_0dd9f0134c5c,False,False,False,normal,
TXN_a1a4ce469fca,ACC_0dd9f0134c5c,False,False,False,normal,
TXN_ecea44ef8fb2,ACC_0dd9f0134c5c,False,False,False,normal,
TXN_f80083e95187,ACC_0dd9f0134c5c,False,False,False,normal,
TXN_078e0a4b8f3c,ACC_0dd9f0134c5c,False,False,False,normal,
TXN_06cc54603b2e,ACC_0dd9f0134c5c,False,False,False,normal,
TXN_e8798f4d8e21,ACC_0dd9f0134c5c,False,False,False,normal,
TXN_c6963547139b,ACC_0dd9f0134c5c,False,False,False,normal,
TXN_de505e655da2,ACC_0dd9f0134c5c,False,False,False,normal,
TXN_23f6c15c59fc,ACC_47a65732fe4d,False,False,False,normal,
TXN_06a47cab9dfb,ACC_47a65732fe4d,False,False,False,normal,
TXN_70edf00c5e46,ACC_47a65732fe4d,False,False,False,normal,
TXN_28103c5312ab,ACC_47a65732fe4d,False,False,False,normal,
TXN_8a6ed4adf735,ACC_47a65732fe4d,False,False,False,normal,
TXN_a24495af0d4c,ACC_47a65732fe4d,False,False,False,normal,
TXN_2c1ad0c6aa90,ACC_47a65732fe4d,False,False,False,normal,
TXN_a402814df206,ACC_47a65732fe4d,False,False,False,normal,
TXN_8986382efe0a,ACC_47a65732fe4d,False,False,False,normal,
TXN_484163927946,ACC_47a65732fe4d,False,False,False,normal,
TXN_e1eb692b2d18,ACC_aa1c075d0baf,False,False,False,normal,
TXN_4a550eca99ed,ACC_aa1c075d0baf,False,False,False,normal,
TXN_5abd6945da67,ACC_aa1c075d0baf,False,False,False,normal,
TXN_a9835a09b28c,ACC_aa1c075d0baf,False,False,False,normal,
TXN_de0d7cb5c0bf,ACC_aa1c075d0baf,False,False,False,normal,
TXN_73ccdaa05955,ACC_aa1c075d0baf,False,False,False,normal,
TXN_a98cc7699687,ACC_aa1c075d0baf,False,False,False,normal,
TXN_4fbfdea498bf,ACC_aa1c075d0baf,False,False,False,normal,
TXN_d419402fd713,ACC_aa1c075d0baf,False,False,False,normal,
TXN_f1f6630ce7ee,ACC_aa1c075d0baf,False,False,False,normal,
TXN_9b1f7623a6ed,ACC_cea767afe1c9,False,False,False,normal,
TXN_5488482a9d94,ACC_cea767afe1c9,False,False,False,normal,
TXN_869c8cc375df,ACC_cea767afe1c9,False,False,False,normal,
TXN_95a2aca25087,ACC_cea767afe1c9,False,False,False,normal,
TXN_47c290a44f0e,ACC_cea767afe1c9,False,False,False,normal,
TXN_fcd46c1bb1f3,ACC_cea767afe1c9,False,False,False,normal,
TXN_d51409448de8,ACC_cea767afe1c9,False,False,False,normal,
TXN_065e44b86c64,ACC_cea767afe1c9,False,False,False,normal,
TXN_0cd7b1423646,ACC_cea767afe1c9,False,False,False,normal,
TXN_20f46361b023,ACC_cea767afe1c9,False,False,False,normal,
TXN_2e393b7c0902,ACC_0ecdfffa1fee,True,False,True,fraud_ring,RING_007
TXN_c140e85182b6,ACC_0ecdfffa1fee,True,False,True,fraud_ring,RING_007
TXN_56538cfe4a72,ACC_0ecdfffa1fee,True,False,True,fraud_ring,RING_007
TXN_e082e3ca17a4,ACC_0ecdfffa1fee,True,False,True,fraud_ring,RING_007
TXN_7849000b118c,ACC_0ecdfffa1fee,True,False,True,fraud_ring,RING_007
TXN_4c66f7366ce6,ACC_0ecdfffa1fee,True,False,True,fraud_ring,RING_007
TXN_8f95b565f9bb,ACC_0ecdfffa1fee,True,False,True,fraud_ring,RING_007
TXN_910bbf4e49ef,ACC_0ecdfffa1fee,True,False,True,fraud_ring,RING_007
TXN_f4d95e481530,ACC_0ecdfffa1fee,True,False,True,fraud_ring,RING_007
TXN_5b8052a31fda,ACC_0ecdfffa1fee,True,False,True,fraud_ring,RING_007
TXN_deb492a6f2de,ACC_a7f7b1ceb60e,False,False,False,normal,
TXN_7854b8c61ffe,ACC_a7f7b1ceb60e,False,False,False,normal,
TXN_1bafd79f10fc,ACC_a7f7b1ceb60e,False,False,False,normal,
TXN_b238d19ece33,ACC_a7f7b1ceb60e,False,False,False,normal,
TXN_eeabd87959db,ACC_a7f7b1ceb60e,False,False,False,normal,
TXN_181adc018a72,ACC_a7f7b1ceb60e,False,False,False,normal,
TXN_61376f63fe2c,ACC_a7f7b1ceb60e,False,False,False,normal,
TXN_ccd5952b766e,ACC_a7f7b1ceb60e,False,False,False,normal,
TXN_a056d0d66a19,ACC_a7f7b1ceb60e,False,False,False,normal,
TXN_01b37e2b7d65,ACC_a7f7b1ceb60e,False,False,False,normal,
TXN_60bf216e3929,ACC_64d792b01fc9,True,False,True,fraud_ring,RING_005
TXN_1d73676b3ecf,ACC_64d792b01fc9,True,False,True,fraud_ring,RING_005
TXN_1e4cf5fa8739,ACC_64d792b01fc9,True,False,True,fraud_ring,RING_005
TXN_3ad1bc30b4d7,ACC_64d792b01fc9,True,False,True,fraud_ring,RING_005
TXN_aabde4f2e3e4,ACC_64d792b01fc9,True,False,True,fraud_ring,RING_005
TXN_b25f57c957bb,ACC_64d792b01fc9,True,False,True,fraud_ring,RING_005
TXN_b3a30d187716,ACC_64d792b01fc9,True,False,True,fraud_ring,RING_005
TXN_6e333f53eff0,ACC_64d792b01fc9,True,False,True,fraud_ring,RING_005
TXN_d0daa7719e3a,ACC_64d792b01fc9,True,False,True,fraud_ring,RING_005
TXN_07030d363ed7,ACC_64d792b01fc9,True,False,True,fraud_ring,RING_005
TXN_b31a47a58ddb,ACC_5d839a6174d2,False,False,False,normal,
TXN_4b1fdb1cac64,ACC_5d839a6174d2,False,False,False,normal,
TXN_596cc478b2f2,ACC_5d839a6174d2,False,False,False,normal,
TXN_d3a5fc80381e,ACC_5d839a6174d2,False,False,False,normal,
TXN_98edcf7387b7,ACC_5d839a6174d2,False,False,False,normal,
TXN_9fea509c1d84,ACC_5d839a6174d2,False,False,False,normal,
TXN_44a4712435ea,ACC_5d839a6174d2,False,False,False,normal,
TXN_ec61ae92b838,ACC_5d839a6174d2,False,False,False,normal,
TXN_998c6ba53944,ACC_5d839a6174d2,False,False,False,normal,
TXN_fecd9c3c7f0c,ACC_5d839a6174d2,False,False,False,normal,
TXN_6b5748847930,ACC_1b10fd609d73,False,False,False,normal,
TXN_769dddd964b9,ACC_1b10fd609d73,False,False,False,normal,
TXN_890cf1200e95,ACC_1b10fd609d73,False,False,False,normal,
TXN_c563ff7f7540,ACC_1b10fd609d73,False,False,False,normal,
TXN_d72d8cf28475,ACC_1b10fd609d73,False,False,False,normal,
TXN_f5e350acb902,ACC_1b10fd609d73,False,False,False,normal,
TXN_84e3f595bddc,ACC_1b10fd609d73,False,False,False,normal,
TXN_59e8816cc770,ACC_1b10fd609d73,False,False,False,normal,
TXN_865fbd77f2cb,ACC_1b10fd609d73,False,False,False,normal,
TXN_7ecf321b7b7c,ACC_1b10fd609d73,False,False,False,normal,
TXN_1f9bde956a3f,ACC_ffb9332e16b8,True,False,True,fraud_ring,RING_001
TXN_44c3a2100331,ACC_ffb9332e16b8,True,False,True,fraud_ring,RING_001
TXN_8b40b1f070f0,ACC_ffb9332e16b8,True,False,True,fraud_ring,RING_001
TXN_bc817550de4c,ACC_ffb9332e16b8,True,False,True,fraud_ring,RING_001
TXN_8dfd73e239c9,ACC_ffb9332e16b8,True,False,True,fraud_ring,RING_001
TXN_0acd828a7a5e,ACC_ffb9332e16b8,True,False,True,fraud_ring,RING_001
TXN_464f5e4facdb,ACC_ffb9332e16b8,True,False,True,fraud_ring,RING_001
TXN_adb1fa539820,ACC_ffb9332e16b8,True,False,True,fraud_ring,RING_001
TXN_fb4279fe2c64,ACC_ffb9332e16b8,True,False,True,fraud_ring,RING_001
TXN_9307db4c665f,ACC_ffb9332e16b8,True,False,True,fraud_ring,RING_001
TXN_50ba260c4ab3,ACC_cf7e7a01a00b,False,False,False,normal,
TXN_49fdf2b20e9a,ACC_cf7e7a01a00b,False,False,False,normal,
TXN_b5485f0dfa10,ACC_cf7e7a01a00b,False,False,False,normal,
TXN_3cc6da9d5934,ACC_cf7e7a01a00b,False,False,False,normal,
TXN_9b2eaddd962b,ACC_cf7e7a01a00b,False,False,False,normal,
TXN_1b87930c9940,ACC_cf7e7a01a00b,False,False,False,normal,
TXN_19867dc603f5,ACC_cf7e7a01a00b,False,False,False,normal,
TXN_927fd5576d17,ACC_cf7e7a01a00b,False,False,False,normal,
TXN_6643735f95de,ACC_cf7e7a01a00b,False,False,False,normal,
TXN_7f5d19672267,ACC_cf7e7a01a00b,False,False,False,normal,
TXN_b61f07c4034f,ACC_00543ce40741,False,False,False,normal,
TXN_1090f246b61e,ACC_00543ce40741,False,False,False,normal,
TXN_c66a07308e76,ACC_00543ce40741,False,False,False,normal,
TXN_c3125a533a6e,ACC_00543ce40741,False,False,False,normal,
TXN_cf63c7f2d61b,ACC_00543ce40741,False,False,False,normal,
TXN_beac2103fcbe,ACC_00543ce40741,False,False,False,normal,
TXN_55ec090dbb7d,ACC_00543ce40741,False,False,False,normal,
TXN_2eca0a126e0e,ACC_00543ce40741,False,False,False,normal,
TXN_41509983780e,ACC_00543ce40741,False,False,False,normal,
TXN_1c11a6e59b13,ACC_00543ce40741,False,False,False,normal,
TXN_a0106db002b5,ACC_6881db3fe296,False,False,False,normal,
TXN_64de4e146e64,ACC_6881db3fe296,False,False,False,normal,
TXN_61c24f00fb7a,ACC_6881db3fe296,False,False,False,normal,
TXN_b2b00c40c5a7,ACC_6881db3fe296,False,False,False,normal,
TXN_7b2a61225d11,ACC_6881db3fe296,False,False,False,normal,
TXN_6c4a30f9b31e,ACC_6881db3fe296,False,False,False,normal,
TXN_4bf4ee4f4441,ACC_6881db3fe296,False,False,False,normal,
TXN_ddb715cfa38c,ACC_6881db3fe296,False,False,False,normal,
TXN_86f400de705e,ACC_6881db3fe296,False,False,False,normal,
TXN_07f621b7e229,ACC_6881db3fe296,False,False,False,normal,
TXN_64523d2582f0,ACC_bcf494bd5c81,False,False,False,normal,
TXN_6995d42df08f,ACC_bcf494bd5c81,False,False,False,normal,
TXN_197d03e2fe14,ACC_bcf494bd5c81,False,False,False,normal,
TXN_9f7a5beae804,ACC_bcf494bd5c81,False,False,False,normal,
TXN_194e92dd5bea,ACC_bcf494bd5c81,False,False,False,normal,
TXN_456a5c7b5d5e,ACC_bcf494bd5c81,False,False,False,normal,
TXN_a9d9aa61c850,ACC_bcf494bd5c81,False,False,False,normal,
TXN_12b6e3708236,ACC_bcf494bd5c81,False,False,False,normal,
TXN_7ca1f9a2d83c,ACC_bcf494bd5c81,False,False,False,normal,
TXN_905ebaad3a3b,ACC_bcf494bd5c81,False,False,False,normal,
TXN_c9073c77193b,ACC_a5464895b628,False,False,False,normal,
TXN_03bdd909d72d,ACC_a5464895b628,False,False,False,normal,
TXN_0cb4ef32cc93,ACC_a5464895b628,False,False,False,normal,
TXN_aaa7837705c3,ACC_a5464895b628,False,False,False,normal,
TXN_93d237ac9011,ACC_a5464895b628,False,False,False,normal,
TXN_739fc125ae34,ACC_a5464895b628,False,False,False,normal,
TXN_4f9b38a195ef,ACC_a5464895b628,False,False,False,normal,
TXN_da61bdc6a8f7,ACC_a5464895b628,False,False,False,normal,
TXN_5c8e0a11d71b,ACC_a5464895b628,False,False,False,normal,
TXN_7c97d4e0b552,ACC_a5464895b628,False,False,False,normal,
TXN_02faf54f9ec5,ACC_b020ef385891,False,False,False,normal,
TXN_c02b2d88f64d,ACC_b020ef385891,False,False,False,normal,
TXN_6cb171477f46,ACC_b020ef385891,False,False,False,normal,
TXN_a57800b721cd,ACC_b020ef385891,False,False,False,normal,
TXN_eb9b177fb7ad,ACC_b020ef385891,False,False,False,normal,
TXN_d598bab2c6e4,ACC_b020ef385891,False,False,False,normal,
TXN_c15a3a3b41ef,ACC_b020ef385891,False,False,False,normal,
TXN_7799e59e4a2a,ACC_b020ef385891,False,False,False,normal,
TXN_df7d3d135369,ACC_b020ef385891,False,False,False,normal,
TXN_a38bc060a474,ACC_b020ef385891,False,False,False,normal,
TXN_22f7f381eef6,ACC_8af374719af8,False,False,False,normal,
TXN_f1eecae3de0b,ACC_8af374719af8,False,False,False,normal,
TXN_a1fd367ba693,ACC_8af374719af8,False,False,False,normal,
TXN_afb160a2d531,ACC_8af374719af8,False,False,False,normal,
TXN_caf0e0ee14c4,ACC_8af374719af8,False,False,False,normal,
TXN_d7a116a93fc3,ACC_8af374719af8,False,False,False,normal,
TXN_04fa75c65ce7,ACC_8af374719af8,False,False,False,normal,
TXN_c8338b472916,ACC_8af374719af8,False,False,False,normal,
TXN_4bac8002b670,ACC_8af374719af8,False,False,False,normal,
TXN_a251628ae243,ACC_8af374719af8,False,False,False,normal,
TXN_c6d293b76a3b,ACC_223345c49785,False,True,True,behavioral_anomaly,
TXN_6e7866987d59,ACC_223345c49785,False,True,True,behavioral_anomaly,
TXN_c46292ec62f9,ACC_223345c49785,False,True,True,behavioral_anomaly,
TXN_66cadd27d2fe,ACC_223345c49785,False,True,True,behavioral_anomaly,
TXN_9c0b86826de4,ACC_223345c49785,False,True,True,behavioral_anomaly,
TXN_539bd48342bc,ACC_223345c49785,False,True,True,behavioral_anomaly,
TXN_5e1a2a2ff67f,ACC_223345c49785,False,True,True,behavioral_anomaly,
TXN_31f5dbd797ef,ACC_223345c49785,False,True,True,behavioral_anomaly,
TXN_5feae47893fc,ACC_223345c49785,False,True,True,behavioral_anomaly,
TXN_ed0f91bf80ca,ACC_223345c49785,False,True,True,behavioral_anomaly,
TXN_bb888959ffcb,ACC_c0e6c9770bb7,False,False,False,normal,
TXN_31c7f59241a2,ACC_c0e6c9770bb7,False,False,False,normal,
TXN_c0fbb66e2a11,ACC_c0e6c9770bb7,False,False,False,normal,
TXN_62c510e7b9b9,ACC_c0e6c9770bb7,False,False,False,normal,
TXN_4f4f5e7b63ea,ACC_c0e6c9770bb7,False,False,False,normal,
TXN_077f78e7502d,ACC_c0e6c9770bb7,False,False,False,normal,
TXN_80a25dcf893c,ACC_c0e6c9770bb7,False,False,False,normal,
TXN_4880160c9cd0,ACC_c0e6c9770bb7,False,False,False,normal,
TXN_d7ce3740b5d9,ACC_c0e6c9770bb7,False,False,False,normal,
TXN_27911eb989e5,ACC_c0e6c9770bb7,False,False,False,normal,
TXN_33babc38995b,ACC_26a25cf2daba,False,False,False,normal,
TXN_744048a30ae4,ACC_26a25cf2daba,False,False,False,normal,
TXN_f59c46dfc5b4,ACC_26a25cf2daba,False,False,False,normal,
TXN_b54fca30a1a8,ACC_26a25cf2daba,False,False,False,normal,
TXN_09ace99e8504,ACC_26a25cf2daba,False,False,False,normal,
TXN_71ba2d6ead35,ACC_26a25cf2daba,False,False,False,normal,
TXN_a154e7bdcb99,ACC_26a25cf2daba,False,False,False,normal,
TXN_0d6c1f1a5be1,ACC_26a25cf2daba,False,False,False,normal,
TXN_87de91442408,ACC_26a25cf2daba,False,False,False,normal,
TXN_99fea03adc56,ACC_26a25cf2daba,False,False,False,normal,
TXN_46f266868dca,ACC_9405fe694edb,False,False,False,normal,
TXN_c00aafaae07e,ACC_9405fe694edb,False,False,False,normal,
TXN_112e5eebac6d,ACC_9405fe694edb,False,False,False,normal,
TXN_31e2d34a03aa,ACC_9405fe694edb,False,False,False,normal,
TXN_c72e3355b972,ACC_9405fe694edb,False,False,False,normal,
TXN_ae666f4eb6df,ACC_9405fe694edb,False,False,False,normal,
TXN_3fc65ee1b1c9,ACC_9405fe694edb,False,False,False,normal,
TXN_4a166f8a59ea,ACC_9405fe694edb,False,False,False,normal,
TXN_2cc1d94078df,ACC_9405fe694edb,False,False,False,normal,
TXN_5b57d640bb15,ACC_9405fe694edb,False,False,False,normal,
TXN_86829e19862d,ACC_8ba2e2ac0c91,False,False,False,normal,
TXN_c96eb979eb14,ACC_8ba2e2ac0c91,False,False,False,normal,
TXN_c0089506399d,ACC_8ba2e2ac0c91,False,False,False,normal,
TXN_2ac0d624f5c0,ACC_8ba2e2ac0c91,False,False,False,normal,
TXN_306b9c36a60b,ACC_8ba2e2ac0c91,False,False,False,normal,
TXN_30dc25df68e2,ACC_8ba2e2ac0c91,False,False,False,normal,
TXN_0593d7120148,ACC_8ba2e2ac0c91,False,False,False,normal,
TXN_cb51e01ed1bd,ACC_8ba2e2ac0c91,False,False,False,normal,
TXN_7485d108a37e,ACC_8ba2e2ac0c91,False,False,False,normal,
TXN_d83d143a43e7,ACC_8ba2e2ac0c91,False,False,False,normal,
TXN_9da3dc7d0fd7,ACC_6495f47cbf1b,False,False,False,normal,
TXN_aab144460d4d,ACC_6495f47cbf1b,False,False,False,normal,
TXN_21e1fd806327,ACC_6495f47cbf1b,False,False,False,normal,
TXN_4cc77a5f0359,ACC_6495f47cbf1b,False,False,False,normal,
TXN_542b0d096151,ACC_6495f47cbf1b,False,False,False,normal,
TXN_6b14a8117a1d,ACC_6495f47cbf1b,False,False,False,normal,
TXN_ac57e365fe71,ACC_6495f47cbf1b,False,False,False,normal,
TXN_228691268802,ACC_6495f47cbf1b,False,False,False,normal,
TXN_13a31fbb0abc,ACC_6495f47cbf1b,False,False,False,normal,
TXN_c57e40a693f4,ACC_6495f47cbf1b,False,False,False,normal,
TXN_6f7f860738b0,ACC_f3f17705144b,False,True,True,behavioral_anomaly,
TXN_cbbcf4b66dd7,ACC_f3f17705144b,False,True,True,behavioral_anomaly,
TXN_ec4d5533dd45,ACC_f3f17705144b,False,True,True,behavioral_anomaly,
TXN_8cd45475dc82,ACC_f3f17705144b,False,True,True,behavioral_anomaly,
TXN_982aa6178519,ACC_f3f17705144b,False,True,True,behavioral_anomaly,
TXN_220661213958,ACC_f3f17705144b,False,True,True,behavioral_anomaly,
TXN_7c103956621a,ACC_f3f17705144b,False,True,True,behavioral_anomaly,
TXN_b13dbb8f0143,ACC_f3f17705144b,False,True,True,behavioral_anomaly,
TXN_027db52199ed,ACC_f3f17705144b,False,True,True,behavioral_anomaly,
TXN_f9cb486ae74a,ACC_f3f17705144b,False,True,True,behavioral_anomaly,
TXN_8bceb586c476,ACC_cb8f719acdf4,False,False,False,normal,
TXN_86fcf7dcec3b,ACC_cb8f719acdf4,False,False,False,normal,
TXN_79b729a5aa21,ACC_cb8f719acdf4,False,False,False,normal,
TXN_a28fd5424329,ACC_cb8f719acdf4,False,False,False,normal,
TXN_351bdda0acc3,ACC_cb8f719acdf4,False,False,False,normal,
TXN_7701100c99a5,ACC_cb8f719acdf4,False,False,False,normal,
TXN_f9093ba3eaf3,ACC_cb8f719acdf4,False,False,False,normal,
TXN_8db7b4406b87,ACC_cb8f719acdf4,False,False,False,normal,
TXN_ac46565ad1c5,ACC_cb8f719acdf4,False,False,False,normal,
TXN_3637368ce024,ACC_cb8f719acdf4,False,False,False,normal,
TXN_ed44a334ce88,ACC_e49ef3167bf1,False,False,False,normal,
TXN_179ba83b0fbc,ACC_e49ef3167bf1,False,False,False,normal,
TXN_331e33bd9693,ACC_e49ef3167bf1,False,False,False,normal,
TXN_aebdab5fb42b,ACC_e49ef3167bf1,False,False,False,normal,
TXN_93f324e4fccf,ACC_e49ef3167bf1,False,False,False,normal,
TXN_da8b01d025ec,ACC_e49ef3167bf1,False,False,False,normal,
TXN_ef6b0b025e1f,ACC_e49ef3167bf1,False,False,False,normal,
TXN_298330455de6,ACC_e49ef3167bf1,False,False,False,normal,
TXN_b3c778348ec8,ACC_e49ef3167bf1,False,False,False,normal,
TXN_7881186b3464,ACC_e49ef3167bf1,False,False,False,normal,
TXN_89938d60ac53,ACC_75c2fd74111f,False,False,False,normal,
TXN_4e6bec14302b,ACC_75c2fd74111f,False,False,False,normal,
TXN_51ff41744c13,ACC_75c2fd74111f,False,False,False,normal,
TXN_957c4cf555ca,ACC_75c2fd74111f,False,False,False,normal,
TXN_4134f22b269b,ACC_75c2fd74111f,False,False,False,normal,
TXN_c06dcb640186,ACC_75c2fd74111f,False,False,False,normal,
TXN_80859e503629,ACC_75c2fd74111f,False,False,False,normal,
TXN_3fd07c054a2f,ACC_75c2fd74111f,False,False,False,normal,
TXN_848ce0f86a89,ACC_75c2fd74111f,False,False,False,normal,
TXN_3e16506a67a3,ACC_75c2fd74111f,False,False,False,normal,
TXN_94b7a1ff7287,ACC_b0acf525b5e7,False,False,False,normal,
TXN_9e052ae4f5c3,ACC_b0acf525b5e7,False,False,False,normal,
TXN_cbc457958df5,ACC_b0acf525b5e7,False,False,False,normal,
TXN_05e57189bf71,ACC_b0acf525b5e7,False,False,False,normal,
TXN_567d79afce30,ACC_b0acf525b5e7,False,False,False,normal,
TXN_faffc69e3ec6,ACC_b0acf525b5e7,False,False,False,normal,
TXN_35314bb906ff,ACC_b0acf525b5e7,False,False,False,normal,
TXN_eaff5f68b2be,ACC_b0acf525b5e7,False,False,False,normal,
TXN_2b7f0cba2ca4,ACC_b0acf525b5e7,False,False,False,normal,
TXN_ba98e30a639a,ACC_b0acf525b5e7,False,False,False,normal,
TXN_e0a83b9018f3,ACC_bd8d97ae6cb2,False,False,False,normal,
TXN_14ed177353fe,ACC_bd8d97ae6cb2,False,False,False,normal,
TXN_89928939cc2f,ACC_bd8d97ae6cb2,False,False,False,normal,
TXN_3078fa44d0c7,ACC_bd8d97ae6cb2,False,False,False,normal,
TXN_6f4de1548e03,ACC_bd8d97ae6cb2,False,False,False,normal,
TXN_a1b288973771,ACC_bd8d97ae6cb2,False,False,False,normal,
TXN_6cd6298fec89,ACC_bd8d97ae6cb2,False,False,False,normal,
TXN_4de92b7164fc,ACC_bd8d97ae6cb2,False,False,False,normal,
TXN_a8475d1a6f6d,ACC_bd8d97ae6cb2,False,False,False,normal,
TXN_63acd46dbc03,ACC_bd8d97ae6cb2,False,False,False,normal,
TXN_673f69b351d0,ACC_ea56551a9b64,False,False,False,normal,
TXN_a86d1d05d8fd,ACC_ea56551a9b64,False,False,False,normal,
TXN_013fff73436b,ACC_ea56551a9b64,False,False,False,normal,
TXN_62e7270c96d3,ACC_ea56551a9b64,False,False,False,normal,
TXN_ffff1b02a1f0,ACC_ea56551a9b64,False,False,False,normal,
TXN_2fbe7b23097f,ACC_ea56551a9b64,False,False,False,normal,
TXN_f3789470285c,ACC_ea56551a9b64,False,False,False,normal,
TXN_f3638a2be736,ACC_ea56551a9b64,False,False,False,normal,
TXN_56193defd064,ACC_ea56551a9b64,False,False,False,normal,
TXN_bfa8c608fb23,ACC_ea56551a9b64,False,False,False,normal,
TXN_f1931c3c1ee8,ACC_eac4f4ab497e,True,False,True,fraud_ring,RING_002
TXN_d34b991f58e8,ACC_eac4f4ab497e,True,False,True,fraud_ring,RING_002
TXN_e3455d060dab,ACC_eac4f4ab497e,True,False,True,fraud_ring,RING_002
TXN_6782316a493f,ACC_eac4f4ab497e,True,False,True,fraud_ring,RING_002
TXN_e1963985af8d,ACC_eac4f4ab497e,True,False,True,fraud_ring,RING_002
TXN_34efb7b5e823,ACC_eac4f4ab497e,True,False,True,fraud_ring,RING_002
TXN_39bbc3240278,ACC_eac4f4ab497e,True,False,True,fraud_ring,RING_002
TXN_2f118f676fe1,ACC_eac4f4ab497e,True,False,True,fraud_ring,RING_002
TXN_64207470af09,ACC_eac4f4ab497e,True,False,True,fraud_ring,RING_002
TXN_11cac7de6381,ACC_eac4f4ab497e,True,False,True,fraud_ring,RING_002
TXN_1e37ecd68ebb,ACC_4fc89233821f,False,False,False,normal,
TXN_70ecf8cc788b,ACC_4fc89233821f,False,False,False,normal,
TXN_6205dede375b,ACC_4fc89233821f,False,False,False,normal,
TXN_143985ca9a9f,ACC_4fc89233821f,False,False,False,normal,
TXN_ca7bc38db4f2,ACC_4fc89233821f,False,False,False,normal,
TXN_269ac44ec073,ACC_4fc89233821f,False,False,False,normal,
TXN_8f017029ddeb,ACC_4fc89233821f,False,False,False,normal,
TXN_7efe50ed39b0,ACC_4fc89233821f,False,False,False,normal,
TXN_6043055d88c7,ACC_4fc89233821f,False,False,False,normal,
TXN_f8f92aa6d4da,ACC_4fc89233821f,False,False,False,normal,
TXN_06c5960498fb,ACC_00b0021ec2cb,False,False,False,normal,
TXN_3d3c9de6d2cd,ACC_00b0021ec2cb,False,False,False,normal,
TXN_f12a80f2a25d,ACC_00b0021ec2cb,False,False,False,normal,
TXN_af23056b71d2,ACC_00b0021ec2cb,False,False,False,normal,
TXN_ece0f38719f8,ACC_00b0021ec2cb,False,False,False,normal,
TXN_127100fac08e,ACC_00b0021ec2cb,False,False,False,normal,
TXN_1dfa5e9e2d19,ACC_00b0021ec2cb,False,False,False,normal,
TXN_e90f8fd150c3,ACC_00b0021ec2cb,False,False,False,normal,
TXN_50cdd199245e,ACC_00b0021ec2cb,False,False,False,normal,
TXN_6dadd5abafe6,ACC_00b0021ec2cb,False,False,False,normal,
TXN_d22dae9efb3b,ACC_7c81b8a8f329,False,False,False,normal,
TXN_63e544850001,ACC_7c81b8a8f329,False,False,False,normal,
TXN_785f2f053e89,ACC_7c81b8a8f329,False,False,False,normal,
TXN_9d2763a5b8ad,ACC_7c81b8a8f329,False,False,False,normal,
TXN_ce31d3ae4ed3,ACC_7c81b8a8f329,False,False,False,normal,
TXN_262d43c39572,ACC_7c81b8a8f329,False,False,False,normal,
TXN_77fdfdd1c6fd,ACC_7c81b8a8f329,False,False,False,normal,
TXN_a3e01d708a96,ACC_7c81b8a8f329,False,False,False,normal,
TXN_4523b01daff1,ACC_7c81b8a8f329,False,False,False,normal,
TXN_5fae7ebe2002,ACC_7c81b8a8f329,False,False,False,normal,
TXN_89e85827bfc9,ACC_9aba197f4663,False,False,False,normal,
TXN_c9b27b81cce9,ACC_9aba197f4663,False,False,False,normal,
TXN_564338de195d,ACC_9aba197f4663,False,False,False,normal,
TXN_5b629c9e9e9a,ACC_9aba197f4663,False,False,False,normal,
TXN_de19f9a74a26,ACC_9aba197f4663,False,False,False,normal,
TXN_e6fa5f89037e,ACC_9aba197f4663,False,False,False,normal,
TXN_41eda6038519,ACC_9aba197f4663,False,False,False,normal,
TXN_e4ba98889509,ACC_9aba197f4663,False,False,False,normal,
TXN_f5bccb63378b,ACC_9aba197f4663,False,False,False,normal,
TXN_6ea1fdda3131,ACC_9aba197f4663,False,False,False,normal,
TXN_7e22a9fa2615,ACC_f4dc883adce1,False,False,False,normal,
TXN_8c61c5e18a9b,ACC_f4dc883adce1,False,False,False,normal,
TXN_c920ac7036b6,ACC_f4dc883adce1,False,False,False,normal,
TXN_60b5a7e19588,ACC_f4dc883adce1,False,False,False,normal,
TXN_993d48cc6f9e,ACC_f4dc883adce1,False,False,False,normal,
TXN_704a61954340,ACC_f4dc883adce1,False,False,False,normal,
TXN_41cb0db2c2c7,ACC_f4dc883adce1,False,False,False,normal,
TXN_1c872999b9da,ACC_f4dc883adce1,False,False,False,normal,
TXN_4a0b22428995,ACC_f4dc883adce1,False,False,False,normal,
TXN_0e9b97fb95e5,ACC_f4dc883adce1,False,False,False,normal,
TXN_7e33f18e95db,ACC_45ff8a6b15c9,True,False,True,fraud_ring,RING_006
TXN_4ef3b992e1da,ACC_45ff8a6b15c9,True,False,True,fraud_ring,RING_006
TXN_10cc935ad612,ACC_45ff8a6b15c9,True,False,True,fraud_ring,RING_006
TXN_fd0aedae4e92,ACC_45ff8a6b15c9,True,False,True,fraud_ring,RING_006
TXN_569ee44006e1,ACC_45ff8a6b15c9,True,False,True,fraud_ring,RING_006
TXN_efc550db0113,ACC_45ff8a6b15c9,True,False,True,fraud_ring,RING_006
TXN_1c00879a6bf6,ACC_45ff8a6b15c9,True,False,True,fraud_ring,RING_006
TXN_dfc7b0e0be7c,ACC_45ff8a6b15c9,True,False,True,fraud_ring,RING_006
TXN_3975a358a0ba,ACC_45ff8a6b15c9,True,False,True,fraud_ring,RING_006
TXN_a32115073373,ACC_45ff8a6b15c9,True,False,True,fraud_ring,RING_006
TXN_2dd9845b17db,ACC_1e80d6de3b6d,False,False,False,normal,
TXN_eebe876c0480,ACC_1e80d6de3b6d,False,False,False,normal,
TXN_6e976f87857a,ACC_1e80d6de3b6d,False,False,False,normal,
TXN_ba4c8204d84d,ACC_1e80d6de3b6d,False,False,False,normal,
TXN_475e339c618c,ACC_1e80d6de3b6d,False,False,False,normal,
TXN_9a5ef0b8f6f9,ACC_1e80d6de3b6d,False,False,False,normal,
TXN_b881cf4da588,ACC_1e80d6de3b6d,False,False,False,normal,
TXN_cad91e5b74ed,ACC_1e80d6de3b6d,False,False,False,normal,
TXN_20ce8f14f82b,ACC_1e80d6de3b6d,False,False,False,normal,
TXN_ca8da6b87cfc,ACC_1e80d6de3b6d,False,False,False,normal,
TXN_077ceb29e48e,ACC_61e504ac2300,False,False,False,normal,
TXN_07a3c9d9d0ec,ACC_61e504ac2300,False,False,False,normal,
TXN_2c74d1823b73,ACC_61e504ac2300,False,False,False,normal,
TXN_52e3dcb510c9,ACC_61e504ac2300,False,False,False,normal,
TXN_ef1fefa11293,ACC_61e504ac2300,False,False,False,normal,
TXN_029a5512ddb9,ACC_61e504ac2300,False,False,False,normal,
TXN_6616152e62f9,ACC_61e504ac2300,False,False,False,normal,
TXN_e77f41d4c51f,ACC_61e504ac2300,False,False,False,normal,
TXN_dc0f09f54a9b,ACC_61e504ac2300,False,False,False,normal,
TXN_f90181601284,ACC_61e504ac2300,False,False,False,normal,
TXN_bfb23500b0a5,ACC_b089c17e089b,True,False,True,fraud_ring,RING_010
TXN_e1f1e641c8dc,ACC_b089c17e089b,True,False,True,fraud_ring,RING_010
TXN_207f0cc760ab,ACC_b089c17e089b,True,False,True,fraud_ring,RING_010
TXN_b58e1be135af,ACC_b089c17e089b,True,False,True,fraud_ring,RING_010
TXN_cc2f670d7881,ACC_b089c17e089b,True,False,True,fraud_ring,RING_010
TXN_2c23890116e3,ACC_b089c17e089b,True,False,True,fraud_ring,RING_010
TXN_0bd1d89d04f5,ACC_b089c17e089b,True,False,True,fraud_ring,RING_010
TXN_18a02a493490,ACC_b089c17e089b,True,False,True,fraud_ring,RING_010
TXN_002576c1c30c,ACC_b089c17e089b,True,False,True,fraud_ring,RING_010
TXN_34e067efcf77,ACC_b089c17e089b,True,False,True,fraud_ring,RING_010
TXN_0d0252484deb,ACC_32f6a3f8f34a,False,False,False,normal,
TXN_321430d8fe3d,ACC_32f6a3f8f34a,False,False,False,normal,
TXN_3ae9816436d9,ACC_32f6a3f8f34a,False,False,False,normal,
TXN_7200e3c465fd,ACC_32f6a3f8f34a,False,False,False,normal,
TXN_5a7919f4244f,ACC_32f6a3f8f34a,False,False,False,normal,
TXN_c964360ecdd9,ACC_32f6a3f8f34a,False,False,False,normal,
TXN_23bce7db59b2,ACC_32f6a3f8f34a,False,False,False,normal,
TXN_36bc15ce1eec,ACC_32f6a3f8f34a,False,False,False,normal,
TXN_6a3f48501dd1,ACC_32f6a3f8f34a,False,False,False,normal,
TXN_2f602dc63bc0,ACC_32f6a3f8f34a,False,False,False,normal,
TXN_ab26b4f33157,ACC_8fb273f563d3,False,False,False,normal,
TXN_bf5fb7d1655d,ACC_8fb273f563d3,False,False,False,normal,
TXN_1d1c8192e997,ACC_8fb273f563d3,False,False,False,normal,
TXN_1519902e9d85,ACC_8fb273f563d3,False,False,False,normal,
TXN_36f1ae5f7def,ACC_8fb273f563d3,False,False,False,normal,
TXN_713cfb91a921,ACC_8fb273f563d3,False,False,False,normal,
TXN_c4c1f4bb2324,ACC_8fb273f563d3,False,False,False,normal,
TXN_1bc4bfde4467,ACC_8fb273f563d3,False,False,False,normal,
TXN_57678796e99a,ACC_8fb273f563d3,False,False,False,normal,
TXN_b35ff28a69d6,ACC_8fb273f563d3,False,False,False,normal,
TXN_1ea87f9ecb1b,ACC_3a8a18b696b8,False,False,False,normal,
TXN_5d63f24b315e,ACC_3a8a18b696b8,False,False,False,normal,
TXN_27192c37a5bc,ACC_3a8a18b696b8,False,False,False,normal,
TXN_73b5243304e1,ACC_3a8a18b696b8,False,False,False,normal,
TXN_eb4f9a0936f3,ACC_3a8a18b696b8,False,False,False,normal,
TXN_c6d9375d4ba8,ACC_3a8a18b696b8,False,False,False,normal,
TXN_24978ca860fd,ACC_3a8a18b696b8,False,False,False,normal,
TXN_ef0062df1391,ACC_3a8a18b696b8,False,False,False,normal,
TXN_eb1093a80c09,ACC_3a8a18b696b8,False,False,False,normal,
TXN_4bfbe4b0ef86,ACC_3a8a18b696b8,False,False,False,normal,
TXN_21c6d48d8b4c,ACC_196ad149ee12,False,False,False,normal,
TXN_f7ef6ff8032b,ACC_196ad149ee12,False,False,False,normal,
TXN_012f09fa25d8,ACC_196ad149ee12,False,False,False,normal,
TXN_913a332ba822,ACC_196ad149ee12,False,False,False,normal,
TXN_2fee1c538b34,ACC_196ad149ee12,False,False,False,normal,
TXN_003f15f5bbde,ACC_196ad149ee12,False,False,False,normal,
TXN_762c3a1b7c2f,ACC_196ad149ee12,False,False,False,normal,
TXN_56700ba71063,ACC_196ad149ee12,False,False,False,normal,
TXN_aefeb50624a2,ACC_196ad149ee12,False,False,False,normal,
TXN_4f9a11479a3c,ACC_196ad149ee12,False,False,False,normal,
TXN_a652852ead33,ACC_349578e18c5c,False,False,False,normal,
TXN_eb5e8f9d7f25,ACC_349578e18c5c,False,False,False,normal,
TXN_5c8bd413078c,ACC_349578e18c5c,False,False,False,normal,
TXN_d50a46c16474,ACC_349578e18c5c,False,False,False,normal,
TXN_18e936f3de0c,ACC_349578e18c5c,False,False,False,normal,
TXN_9ab767c7c2b6,ACC_349578e18c5c,False,False,False,normal,
TXN_e0e920dda9b5,ACC_349578e18c5c,False,False,False,normal,
TXN_bdf0963c37ae,ACC_349578e18c5c,False,False,False,normal,
TXN_c9ef137c2f29,ACC_349578e18c5c,False,False,False,normal,
TXN_b7225419e121,ACC_349578e18c5c,False,False,False,normal,
TXN_4d9abeb1a791,ACC_a2e950ddb288,False,False,False,normal,
TXN_3e1b42f64785,ACC_a2e950ddb288,False,False,False,normal,
TXN_1446748975b8,ACC_a2e950ddb288,False,False,False,normal,
TXN_12f3265f6e7c,ACC_a2e950ddb288,False,False,False,normal,
TXN_f087a3162570,ACC_a2e950ddb288,False,False,False,normal,
TXN_3e8109811fbf,ACC_a2e950ddb288,False,False,False,normal,
TXN_a775c5954f90,ACC_a2e950ddb288,False,False,False,normal,
TXN_ad947ef64f32,ACC_a2e950ddb288,False,False,False,normal,
TXN_aa3a61ff0beb,ACC_a2e950ddb288,False,False,False,normal,
TXN_2bc3d800c0d2,ACC_a2e950ddb288,False,False,False,normal,
TXN_37a382b3d28c,ACC_74f4e47d3aa6,False,False,False,normal,
TXN_7cc8b4441dfe,ACC_74f4e47d3aa6,False,False,False,normal,
TXN_b20205d68c74,ACC_74f4e47d3aa6,False,False,False,normal,
TXN_4bf8445412f7,ACC_74f4e47d3aa6,False,False,False,normal,
TXN_cce413397828,ACC_74f4e47d3aa6,False,False,False,normal,
TXN_566283c03908,ACC_74f4e47d3aa6,False,False,False,normal,
TXN_3e7d60cb25cd,ACC_74f4e47d3aa6,False,False,False,normal,
TXN_58d716cc1788,ACC_74f4e47d3aa6,False,False,False,normal,
TXN_15b1fbc31310,ACC_74f4e47d3aa6,False,False,False,normal,
TXN_e527e894d7b1,ACC_74f4e47d3aa6,False,False,False,normal,
TXN_ce131cf1fa0d,ACC_dc4b895ad8ac,False,False,False,normal,
TXN_43df33286d91,ACC_dc4b895ad8ac,False,False,False,normal,
TXN_ad7e07495e77,ACC_dc4b895ad8ac,False,False,False,normal,
TXN_b80144c6865b,ACC_dc4b895ad8ac,False,False,False,normal,
TXN_6d318441d04d,ACC_dc4b895ad8ac,False,False,False,normal,
TXN_ce46fd029151,ACC_dc4b895ad8ac,False,False,False,normal,
TXN_24dd52e648b1,ACC_dc4b895ad8ac,False,False,False,normal,
TXN_1481006093b0,ACC_dc4b895ad8ac,False,False,False,normal,
TXN_c499989fdd27,ACC_dc4b895ad8ac,False,False,False,normal,
TXN_0b39bd6cd7f4,ACC_dc4b895ad8ac,False,False,False,normal,
TXN_f31474d4078e,ACC_b3dc6d5a0592,False,False,False,normal,
TXN_99dac2357bff,ACC_b3dc6d5a0592,False,False,False,normal,
TXN_8c9421a217d0,ACC_b3dc6d5a0592,False,False,False,normal,
TXN_0a316dcf29f3,ACC_b3dc6d5a0592,False,False,False,normal,
TXN_4b795cb541ef,ACC_b3dc6d5a0592,False,False,False,normal,
TXN_1bb4cc15d435,ACC_b3dc6d5a0592,False,False,False,normal,
TXN_5a245d622df5,ACC_b3dc6d5a0592,False,False,False,normal,
TXN_295ec6d47169,ACC_b3dc6d5a0592,False,False,False,normal,
TXN_15886b0f3af4,ACC_b3dc6d5a0592,False,False,False,normal,
TXN_efc9604404a6,ACC_b3dc6d5a0592,False,False,False,normal,
TXN_ddc6a886ae7f,ACC_df6973cebc4a,False,False,False,normal,
TXN_15d115144fb6,ACC_df6973cebc4a,False,False,False,normal,
TXN_47649d96ffa9,ACC_df6973cebc4a,False,False,False,normal,
TXN_e8eedd43f211,ACC_df6973cebc4a,False,False,False,normal,
TXN_7a6f7e77b269,ACC_df6973cebc4a,False,False,False,normal,
TXN_c650c33e4944,ACC_df6973cebc4a,False,False,False,normal,
TXN_6c6f5145cfb3,ACC_df6973cebc4a,False,False,False,normal,
TXN_4409a82da761,ACC_df6973cebc4a,False,False,False,normal,
TXN_633b17560f73,ACC_df6973cebc4a,False,False,False,normal,
TXN_8049231bb1f9,ACC_df6973cebc4a,False,False,False,normal,
TXN_379edc4a8b97,ACC_48cc2838a351,False,False,False,normal,
TXN_fd1da15f6f81,ACC_48cc2838a351,False,False,False,normal,
TXN_069b886752fd,ACC_48cc2838a351,False,False,False,normal,
TXN_5af657e0a9eb,ACC_48cc2838a351,False,False,False,normal,
TXN_aaaf48b2c07d,ACC_48cc2838a351,False,False,False,normal,
TXN_047b7f58d2d4,ACC_48cc2838a351,False,False,False,normal,
TXN_b7d43828cbc0,ACC_48cc2838a351,False,False,False,normal,
TXN_7d65dfcf36df,ACC_48cc2838a351,False,False,False,normal,
TXN_d6051816ad19,ACC_48cc2838a351,False,False,False,normal,
TXN_3cff51bf2d8d,ACC_48cc2838a351,False,False,False,normal,
TXN_60e4d7e603e4,ACC_87c960214683,False,False,False,normal,
TXN_4b2e38123d47,ACC_87c960214683,False,False,False,normal,
TXN_0184b0918fbc,ACC_87c960214683,False,False,False,normal,
TXN_af7a8699ac52,ACC_87c960214683,False,False,False,normal,
TXN_70d30d1c3567,ACC_87c960214683,False,False,False,normal,
TXN_f0b765bf4259,ACC_87c960214683,False,False,False,normal,
TXN_eba404384501,ACC_87c960214683,False,False,False,normal,
TXN_9296c5251aa8,ACC_87c960214683,False,False,False,normal,
TXN_fba7f2cc33be,ACC_87c960214683,False,False,False,normal,
TXN_fa85aa7d115f,ACC_87c960214683,False,False,False,normal,
TXN_b2d8b8795e8f,ACC_32a166611989,False,False,False,normal,
TXN_00a6fa0b6792,ACC_32a166611989,False,False,False,normal,
TXN_b2f3227ac2c7,ACC_32a166611989,False,False,False,normal,
TXN_45d56184c0cf,ACC_32a166611989,False,False,False,normal,
TXN_373150f9bba8,ACC_32a166611989,False,False,False,normal,
TXN_ff436bf4c4f9,ACC_32a166611989,False,False,False,normal,
TXN_e9b3e362904a,ACC_32a166611989,False,False,False,normal,
TXN_b3725768c380,ACC_32a166611989,False,False,False,normal,
TXN_89c0070d8830,ACC_32a166611989,False,False,False,normal,
TXN_ded36f6b4a04,ACC_32a166611989,False,False,False,normal,
TXN_51abc81e9c53,ACC_4e9c79a80d40,False,False,False,normal,
TXN_18ef7ed90b12,ACC_4e9c79a80d40,False,False,False,normal,
TXN_9c92a236a406,ACC_4e9c79a80d40,False,False,False,normal,
TXN_10df8046de3e,ACC_4e9c79a80d40,False,False,False,normal,
TXN_f7b731e5c5ec,ACC_4e9c79a80d40,False,False,False,normal,
TXN_776b2a59e1a7,ACC_4e9c79a80d40,False,False,False,normal,
TXN_790c28ad700c,ACC_4e9c79a80d40,False,False,False,normal,
TXN_95bc5b1ef0db,ACC_4e9c79a80d40,False,False,False,normal,
TXN_1eb5a5f17835,ACC_4e9c79a80d40,False,False,False,normal,
TXN_e6740ee99fae,ACC_4e9c79a80d40,False,False,False,normal,
TXN_5a3847de0421,ACC_c02b4de94118,False,False,False,normal,
TXN_22c507ead6ee,ACC_c02b4de94118,False,False,False,normal,
TXN_75010935e443,ACC_c02b4de94118,False,False,False,normal,
TXN_fbb9554289d7,ACC_c02b4de94118,False,False,False,normal,
TXN_01f8740b9acb,ACC_c02b4de94118,False,False,False,normal,
TXN_7d0c8159989c,ACC_c02b4de94118,False,False,False,normal,
TXN_24f5cf3becee,ACC_c02b4de94118,False,False,False,normal,
TXN_57b892d4551c,ACC_c02b4de94118,False,False,False,normal,
TXN_e120757018a9,ACC_c02b4de94118,False,False,False,normal,
TXN_d7a840accb76,ACC_c02b4de94118,False,False,False,normal,
TXN_d3a43a704458,ACC_53c5619bc3d9,False,False,False,normal,
TXN_eb9f36feb314,ACC_53c5619bc3d9,False,False,False,normal,
TXN_bb8b632dd953,ACC_53c5619bc3d9,False,False,False,normal,
TXN_0c6fe22cdfe6,ACC_53c5619bc3d9,False,False,False,normal,
TXN_cf96392af44f,ACC_53c5619bc3d9,False,False,False,normal,
TXN_3347022933ba,ACC_53c5619bc3d9,False,False,False,normal,
TXN_fe7817dcd4fb,ACC_53c5619bc3d9,False,False,False,normal,
TXN_0243a686aedb,ACC_53c5619bc3d9,False,False,False,normal,
TXN_8ce038e97df4,ACC_53c5619bc3d9,False,False,False,normal,
TXN_932488cf5500,ACC_53c5619bc3d9,False,False,False,normal,
TXN_032ada27b1ff,ACC_e741ecf7d1b2,False,False,False,normal,
TXN_ad17aaee541c,ACC_e741ecf7d1b2,False,False,False,normal,
TXN_5add37e9127f,ACC_e741ecf7d1b2,False,False,False,normal,
TXN_7f8632d2a399,ACC_e741ecf7d1b2,False,False,False,normal,
TXN_bf6da2b71d93,ACC_e741ecf7d1b2,False,False,False,normal,
TXN_f00494d9ad99,ACC_e741ecf7d1b2,False,False,False,normal,
TXN_c950f143bb61,ACC_e741ecf7d1b2,False,False,False,normal,
TXN_3062d0429f1d,ACC_e741ecf7d1b2,False,False,False,normal,
TXN_6d1c34ae20c6,ACC_e741ecf7d1b2,False,False,False,normal,
TXN_d4e39b0976c0,ACC_e741ecf7d1b2,False,False,False,normal,
TXN_9fb496379bb0,ACC_0b1b35254d74,False,False,False,normal,
TXN_666a04a1bfd7,ACC_0b1b35254d74,False,False,False,normal,
TXN_755a28bba353,ACC_0b1b35254d74,False,False,False,normal,
TXN_04ddbdd8c1e7,ACC_0b1b35254d74,False,False,False,normal,
TXN_5ad703358064,ACC_0b1b35254d74,False,False,False,normal,
TXN_8fe454475c73,ACC_0b1b35254d74,False,False,False,normal,
TXN_593a9d53d883,ACC_0b1b35254d74,False,False,False,normal,
TXN_a34f6234642f,ACC_0b1b35254d74,False,False,False,normal,
TXN_6a7bf5832c0d,ACC_0b1b35254d74,False,False,False,normal,
TXN_58ea4af3a423,ACC_0b1b35254d74,False,False,False,normal,
TXN_d23d462d959b,ACC_99a5afacc1d0,False,False,False,normal,
TXN_69e0a968597e,ACC_99a5afacc1d0,False,False,False,normal,
TXN_ad66415062d3,ACC_99a5afacc1d0,False,False,False,normal,
TXN_f1a3d9dfe430,ACC_99a5afacc1d0,False,False,False,normal,
TXN_34d22b2a4a8a,ACC_99a5afacc1d0,False,False,False,normal,
TXN_4976d5bf3463,ACC_99a5afacc1d0,False,False,False,normal,
TXN_ea4b4c37b3ec,ACC_99a5afacc1d0,False,False,False,normal,
TXN_f9b602637493,ACC_99a5afacc1d0,False,False,False,normal,
TXN_86dc515f65c4,ACC_99a5afacc1d0,False,False,False,normal,
TXN_611caf2aceb0,ACC_99a5afacc1d0,False,False,False,normal,
TXN_8a751d4a991b,ACC_232fad40ddcf,False,False,False,normal,
TXN_60293de32a06,ACC_232fad40ddcf,False,False,False,normal,
TXN_cda982722fea,ACC_232fad40ddcf,False,False,False,normal,
TXN_1efb34f412fc,ACC_232fad40ddcf,False,False,False,normal,
TXN_27bc6920e397,ACC_232fad40ddcf,False,False,False,normal,
TXN_914987832b22,ACC_232fad40ddcf,False,False,False,normal,
TXN_c4edbd6b821a,ACC_232fad40ddcf,False,False,False,normal,
TXN_1d330107616d,ACC_232fad40ddcf,False,False,False,normal,
TXN_8db8f5487507,ACC_232fad40ddcf,False,False,False,normal,
TXN_a3e8c632171e,ACC_232fad40ddcf,False,False,False,normal,
TXN_ccf92bc5139a,ACC_1fb461439436,False,False,False,normal,
TXN_d27e4519b2cd,ACC_1fb461439436,False,False,False,normal,
TXN_e1633ae324fc,ACC_1fb461439436,False,False,False,normal,
TXN_a44d70be3f83,ACC_1fb461439436,False,False,False,normal,
TXN_395e058be38f,ACC_1fb461439436,False,False,False,normal,
TXN_fa2f0df1aa90,ACC_1fb461439436,False,False,False,normal,
TXN_17a98c630ceb,ACC_1fb461439436,False,False,False,normal,
TXN_2b1903004b6e,ACC_1fb461439436,False,False,False,normal,
TXN_0da390dc1645,ACC_1fb461439436,False,False,False,normal,
TXN_33a4282d8cbd,ACC_1fb461439436,False,False,False,normal,
TXN_0d998699eec9,ACC_b0c04d1b9784,False,False,False,normal,
TXN_acabae7ea598,ACC_b0c04d1b9784,False,False,False,normal,
TXN_5a2b2ef358b8,ACC_b0c04d1b9784,False,False,False,normal,
TXN_1792e142ea5a,ACC_b0c04d1b9784,False,False,False,normal,
TXN_a532e96180f1,ACC_b0c04d1b9784,False,False,False,normal,
TXN_6fb6c388edea,ACC_b0c04d1b9784,False,False,False,normal,
TXN_6e959b02958c,ACC_b0c04d1b9784,False,False,False,normal,
TXN_bba9b47922c5,ACC_b0c04d1b9784,False,False,False,normal,
TXN_498b5e293f15,ACC_b0c04d1b9784,False,False,False,normal,
TXN_7236e003a5e9,ACC_b0c04d1b9784,False,False,False,normal,
TXN_e9360b7833c5,ACC_628148f0d0d6,False,False,False,normal,
TXN_ea5fdf183ceb,ACC_628148f0d0d6,False,False,False,normal,
TXN_7b788f46e473,ACC_628148f0d0d6,False,False,False,normal,
TXN_f954aa957b37,ACC_628148f0d0d6,False,False,False,normal,
TXN_53c5ac05bd93,ACC_628148f0d0d6,False,False,False,normal,
TXN_d88e3e07b3e3,ACC_628148f0d0d6,False,False,False,normal,
TXN_6932f31e68b9,ACC_628148f0d0d6,False,False,False,normal,
TXN_b8a32d95e9f5,ACC_628148f0d0d6,False,False,False,normal,
TXN_85f5ab6cca33,ACC_628148f0d0d6,False,False,False,normal,
TXN_9431629cf4c9,ACC_628148f0d0d6,False,False,False,normal,
TXN_b86a02991c7b,ACC_f4aeae4cd0ba,False,False,False,normal,
TXN_2acc9f66d637,ACC_f4aeae4cd0ba,False,False,False,normal,
TXN_6ac866fb81fb,ACC_f4aeae4cd0ba,False,False,False,normal,
TXN_f990b4dcfa32,ACC_f4aeae4cd0ba,False,False,False,normal,
TXN_0f5566c36a78,ACC_f4aeae4cd0ba,False,False,False,normal,
TXN_091940fcd130,ACC_f4aeae4cd0ba,False,False,False,normal,
TXN_a2ea299e516b,ACC_f4aeae4cd0ba,False,False,False,normal,
TXN_60586bbdd1b3,ACC_f4aeae4cd0ba,False,False,False,normal,
TXN_956ad8086a2a,ACC_f4aeae4cd0ba,False,False,False,normal,
TXN_9a0b92fad12b,ACC_f4aeae4cd0ba,False,False,False,normal,
TXN_462c6038f200,ACC_d16e1af551ba,False,False,False,normal,
TXN_95d3a438f181,ACC_d16e1af551ba,False,False,False,normal,
TXN_95aa6557106a,ACC_d16e1af551ba,False,False,False,normal,
TXN_273d7bf8a752,ACC_d16e1af551ba,False,False,False,normal,
TXN_356a894760cd,ACC_d16e1af551ba,False,False,False,normal,
TXN_86337666dab2,ACC_d16e1af551ba,False,False,False,normal,
TXN_8eca48f6c0af,ACC_d16e1af551ba,False,False,False,normal,
TXN_e100c252d29c,ACC_d16e1af551ba,False,False,False,normal,
TXN_70cdc04aa711,ACC_d16e1af551ba,False,False,False,normal,
TXN_a924bcc4f226,ACC_d16e1af551ba,False,False,False,normal,
TXN_5d9be39a0b97,ACC_54d4d513c9d3,True,False,True,fraud_ring,RING_007
TXN_2a1210c22d9d,ACC_54d4d513c9d3,True,False,True,fraud_ring,RING_007
TXN_be165baf525f,ACC_54d4d513c9d3,True,False,True,fraud_ring,RING_007
TXN_0015db345ca3,ACC_54d4d513c9d3,True,False,True,fraud_ring,RING_007
TXN_5eb782e95375,ACC_54d4d513c9d3,True,False,True,fraud_ring,RING_007
TXN_8b3b0698334d,ACC_54d4d513c9d3,True,False,True,fraud_ring,RING_007
TXN_ead117573fb9,ACC_54d4d513c9d3,True,False,True,fraud_ring,RING_007
TXN_b66cd2bf19cd,ACC_54d4d513c9d3,True,False,True,fraud_ring,RING_007
TXN_45c46c0fab00,ACC_54d4d513c9d3,True,False,True,fraud_ring,RING_007
TXN_b65e7f95505f,ACC_54d4d513c9d3,True,False,True,fraud_ring,RING_007
TXN_16b7bd9dc3fb,ACC_87940863c686,False,False,False,normal,
TXN_cd010c9a738d,ACC_87940863c686,False,False,False,normal,
TXN_606d33c8e044,ACC_87940863c686,False,False,False,normal,
TXN_f2d36fe7e7fc,ACC_87940863c686,False,False,False,normal,
TXN_0af2faaaff0c,ACC_87940863c686,False,False,False,normal,
TXN_4bc83c7693e7,ACC_87940863c686,False,False,False,normal,
TXN_f54dbe201b3a,ACC_87940863c686,False,False,False,normal,
TXN_43961d47426a,ACC_87940863c686,False,False,False,normal,
TXN_a5f42b5985f7,ACC_87940863c686,False,False,False,normal,
TXN_a19b840c4476,ACC_87940863c686,False,False,False,normal,
TXN_1ee5384c3fb1,ACC_6ec484c6e101,False,False,False,normal,
TXN_5b570d089a48,ACC_6ec484c6e101,False,False,False,normal,
TXN_ad01336a16aa,ACC_6ec484c6e101,False,False,False,normal,
TXN_be6ab11c64f9,ACC_6ec484c6e101,False,False,False,normal,
TXN_808a6f699f53,ACC_6ec484c6e101,False,False,False,normal,
TXN_70fa4753df6e,ACC_6ec484c6e101,False,False,False,normal,
TXN_0b6af494d4cf,ACC_6ec484c6e101,False,False,False,normal,
TXN_585453414ef9,ACC_6ec484c6e101,False,False,False,normal,
TXN_65eecc29109d,ACC_6ec484c6e101,False,False,False,normal,
TXN_94956c6697ce,ACC_6ec484c6e101,False,False,False,normal,
TXN_5672a8ada507,ACC_c376624d8429,False,False,False,normal,
TXN_74cee9182470,ACC_c376624d8429,False,False,False,normal,
TXN_ad9e9a03a3ab,ACC_c376624d8429,False,False,False,normal,
TXN_c31aecfc1295,ACC_c376624d8429,False,False,False,normal,
TXN_232ad9d520cb,ACC_c376624d8429,False,False,False,normal,
TXN_1190d9e63efe,ACC_c376624d8429,False,False,False,normal,
TXN_f5758043b761,ACC_c376624d8429,False,False,False,normal,
TXN_09d1b0fe3a86,ACC_c376624d8429,False,False,False,normal,
TXN_b9a890505b7d,ACC_c376624d8429,False,False,False,normal,
TXN_dab65d52c8c4,ACC_c376624d8429,False,False,False,normal,
TXN_06808567ce10,ACC_7faca1f1e796,False,False,False,normal,
TXN_e6d611dd4208,ACC_7faca1f1e796,False,False,False,normal,
TXN_9fbb61d1f6d6,ACC_7faca1f1e796,False,False,False,normal,
TXN_7e52416a6d9a,ACC_7faca1f1e796,False,False,False,normal,
TXN_d0d0ff8a1aa0,ACC_7faca1f1e796,False,False,False,normal,
TXN_294b5862b99d,ACC_7faca1f1e796,False,False,False,normal,
TXN_aeab9f4883e4,ACC_7faca1f1e796,False,False,False,normal,
TXN_5fffd7d917cc,ACC_7faca1f1e796,False,False,False,normal,
TXN_4533e27631f8,ACC_7faca1f1e796,False,False,False,normal,
TXN_ad29013f95e7,ACC_7faca1f1e796,False,False,False,normal,
TXN_f1421262281a,ACC_e0d28bb8a7de,False,False,False,normal,
TXN_1d54583a85bb,ACC_e0d28bb8a7de,False,False,False,normal,
TXN_4fc9646f1bea,ACC_e0d28bb8a7de,False,False,False,normal,
TXN_c2d042e97bf5,ACC_e0d28bb8a7de,False,False,False,normal,
TXN_ebedeafe5251,ACC_e0d28bb8a7de,False,False,False,normal,
TXN_c7018d2a3797,ACC_e0d28bb8a7de,False,False,False,normal,
TXN_4b61afbbe85a,ACC_e0d28bb8a7de,False,False,False,normal,
TXN_07478ae7b7c0,ACC_e0d28bb8a7de,False,False,False,normal,
TXN_8d33096750a8,ACC_e0d28bb8a7de,False,False,False,normal,
TXN_4c55245db08a,ACC_e0d28bb8a7de,False,False,False,normal,
TXN_1d5959c10961,ACC_9a06f352118e,False,False,False,normal,
TXN_1849bf04362a,ACC_9a06f352118e,False,False,False,normal,
TXN_ee70cae4d2f6,ACC_9a06f352118e,False,False,False,normal,
TXN_bc4dcbc5e9d0,ACC_9a06f352118e,False,False,False,normal,
TXN_739577255b56,ACC_9a06f352118e,False,False,False,normal,
TXN_f504908d9578,ACC_9a06f352118e,False,False,False,normal,
TXN_3e34991c8ffb,ACC_9a06f352118e,False,False,False,normal,
TXN_7bbcdaf70744,ACC_9a06f352118e,False,False,False,normal,
TXN_bb2e646f9a33,ACC_9a06f352118e,False,False,False,normal,
TXN_7d83991e1398,ACC_9a06f352118e,False,False,False,normal,
TXN_a8e301b46fcd,ACC_18aaa40cd400,False,False,False,normal,
TXN_7560440b9dcf,ACC_18aaa40cd400,False,False,False,normal,
TXN_9985ace822e9,ACC_18aaa40cd400,False,False,False,normal,
TXN_a4274fc8620e,ACC_18aaa40cd400,False,False,False,normal,
TXN_1f182d338969,ACC_18aaa40cd400,False,False,False,normal,
TXN_70632324e5c9,ACC_18aaa40cd400,False,False,False,normal,
TXN_501742e8d491,ACC_18aaa40cd400,False,False,False,normal,
TXN_e77a54fe06f7,ACC_18aaa40cd400,False,False,False,normal,
TXN_6cff801cb212,ACC_18aaa40cd400,False,False,False,normal,
TXN_3df49de712e4,ACC_18aaa40cd400,False,False,False,normal,
TXN_b9987f27744f,ACC_ba9d36732b4c,False,False,False,normal,
TXN_b6a8788f2fc9,ACC_ba9d36732b4c,False,False,False,normal,
TXN_59aacd19a90b,ACC_ba9d36732b4c,False,False,False,normal,
TXN_f9ddf3740d6e,ACC_ba9d36732b4c,False,False,False,normal,
TXN_ea653546e1bd,ACC_ba9d36732b4c,False,False,False,normal,
TXN_9b529ead7809,ACC_ba9d36732b4c,False,False,False,normal,
TXN_4fea85f2caf9,ACC_ba9d36732b4c,False,False,False,normal,
TXN_d0f335257067,ACC_ba9d36732b4c,False,False,False,normal,
TXN_80e30f801848,ACC_ba9d36732b4c,False,False,False,normal,
TXN_68c55cb71a76,ACC_ba9d36732b4c,False,False,False,normal,
TXN_88cb567879c8,ACC_9ceab3738298,False,False,False,normal,
TXN_4413c1a0a56c,ACC_9ceab3738298,False,False,False,normal,
TXN_28eb634366c9,ACC_9ceab3738298,False,False,False,normal,
TXN_cda2fb9842c3,ACC_9ceab3738298,False,False,False,normal,
TXN_931f883bd060,ACC_9ceab3738298,False,False,False,normal,
TXN_a714deb980f2,ACC_9ceab3738298,False,False,False,normal,
TXN_8e5f35247b10,ACC_9ceab3738298,False,False,False,normal,
TXN_36a2bc8cbf2f,ACC_9ceab3738298,False,False,False,normal,
TXN_082bfa8d1502,ACC_9ceab3738298,False,False,False,normal,
TXN_24d71ee7c5cb,ACC_9ceab3738298,False,False,False,normal,
TXN_935225530248,ACC_061e55245d7b,False,False,False,normal,
TXN_97939ac45cc1,ACC_061e55245d7b,False,False,False,normal,
TXN_8e14e6a5820e,ACC_061e55245d7b,False,False,False,normal,
TXN_0fb8e68c0171,ACC_061e55245d7b,False,False,False,normal,
TXN_62dece2ba1bc,ACC_061e55245d7b,False,False,False,normal,
TXN_0726b0138260,ACC_061e55245d7b,False,False,False,normal,
TXN_8184ee813d0e,ACC_061e55245d7b,False,False,False,normal,
TXN_ea92a4fcb7a0,ACC_061e55245d7b,False,False,False,normal,
TXN_86192277737b,ACC_061e55245d7b,False,False,False,normal,
TXN_4c73cd4c7c77,ACC_061e55245d7b,False,False,False,normal,
TXN_8cb168eb4d6c,ACC_9492df436591,False,False,False,normal,
TXN_d6b2698ebe54,ACC_9492df436591,False,False,False,normal,
TXN_2ecbe6c3ef2b,ACC_9492df436591,False,False,False,normal,
TXN_f800c19ffb06,ACC_9492df436591,False,False,False,normal,
TXN_fb3dee5b7aaa,ACC_9492df436591,False,False,False,normal,
TXN_62e7f8cc53f1,ACC_9492df436591,False,False,False,normal,
TXN_fc3bf22200cb,ACC_9492df436591,False,False,False,normal,
TXN_b8deb622ad59,ACC_9492df436591,False,False,False,normal,
TXN_c7ec13c57c00,ACC_9492df436591,False,False,False,normal,
TXN_025d581f4a11,ACC_9492df436591,False,False,False,normal,
TXN_438ad5e360d5,ACC_e7ea40b79103,False,False,False,normal,
TXN_8fccac70e970,ACC_e7ea40b79103,False,False,False,normal,
TXN_a80fa523b086,ACC_e7ea40b79103,False,False,False,normal,
TXN_b136f6465efa,ACC_e7ea40b79103,False,False,False,normal,
TXN_acd27493c0bf,ACC_e7ea40b79103,False,False,False,normal,
TXN_c29e70920212,ACC_e7ea40b79103,False,False,False,normal,
TXN_d01225d3c58a,ACC_e7ea40b79103,False,False,False,normal,
TXN_f317f916bc8a,ACC_e7ea40b79103,False,False,False,normal,
TXN_e1580fa5d90a,ACC_e7ea40b79103,False,False,False,normal,
TXN_d37d54e187d8,ACC_e7ea40b79103,False,False,False,normal,
TXN_f7a8c022a518,ACC_90e06ef1db84,False,False,False,normal,
TXN_c7571b4431f3,ACC_90e06ef1db84,False,False,False,normal,
TXN_3857c632962d,ACC_90e06ef1db84,False,False,False,normal,
TXN_2e5851627107,ACC_90e06ef1db84,False,False,False,normal,
TXN_ba28d28c3ab7,ACC_90e06ef1db84,False,False,False,normal,
TXN_251db2f66e90,ACC_90e06ef1db84,False,False,False,normal,
TXN_fe3adbace471,ACC_90e06ef1db84,False,False,False,normal,
TXN_37a43050a8ee,ACC_90e06ef1db84,False,False,False,normal,
TXN_4d8b22dc406d,ACC_90e06ef1db84,False,False,False,normal,
TXN_38f6e8f8d72d,ACC_90e06ef1db84,False,False,False,normal,
TXN_60558b67cb62,ACC_f4ba0c825d7a,False,False,False,normal,
TXN_a9abe9daed4b,ACC_f4ba0c825d7a,False,False,False,normal,
TXN_67a6bc922029,ACC_f4ba0c825d7a,False,False,False,normal,
TXN_8ca95fb3553f,ACC_f4ba0c825d7a,False,False,False,normal,
TXN_3a735fa5d0f7,ACC_f4ba0c825d7a,False,False,False,normal,
TXN_cf45eab263e9,ACC_f4ba0c825d7a,False,False,False,normal,
TXN_fdd7a98de537,ACC_f4ba0c825d7a,False,False,False,normal,
TXN_6a4bdb9e1d1b,ACC_f4ba0c825d7a,False,False,False,normal,
TXN_1c7d5f52f807,ACC_f4ba0c825d7a,False,False,False,normal,
TXN_14cbfb4b46d2,ACC_f4ba0c825d7a,False,False,False,normal,
TXN_70e8ce461219,ACC_440dac419235,False,False,False,normal,
TXN_253dfe2d1521,ACC_440dac419235,False,False,False,normal,
TXN_79d8b6c95226,ACC_440dac419235,False,False,False,normal,
TXN_dc149cf487a7,ACC_440dac419235,False,False,False,normal,
TXN_b651f680d32a,ACC_440dac419235,False,False,False,normal,
TXN_968101b65110,ACC_440dac419235,False,False,False,normal,
TXN_5ef5d1167949,ACC_440dac419235,False,False,False,normal,
TXN_342c05e6d1b1,ACC_440dac419235,False,False,False,normal,
TXN_0f2f8c8234c5,ACC_440dac419235,False,False,False,normal,
TXN_78512c064c7e,ACC_440dac419235,False,False,False,normal,
TXN_25e6972707b3,ACC_be65b4a38b18,False,False,False,normal,
TXN_a8f786ff7058,ACC_be65b4a38b18,False,False,False,normal,
TXN_d0d890a22c9b,ACC_be65b4a38b18,False,False,False,normal,
TXN_f90bc3f93ccf,ACC_be65b4a38b18,False,False,False,normal,
TXN_ed4fcd50e3b1,ACC_be65b4a38b18,False,False,False,normal,
TXN_3fed0515b519,ACC_be65b4a38b18,False,False,False,normal,
TXN_3d0699a51f0a,ACC_be65b4a38b18,False,False,False,normal,
TXN_74c535c33a78,ACC_be65b4a38b18,False,False,False,normal,
TXN_2f7d348d3772,ACC_be65b4a38b18,False,False,False,normal,
TXN_476f27698d1f,ACC_be65b4a38b18,False,False,False,normal,
TXN_19bcb381f0f6,ACC_edfb8fd3166c,False,False,False,normal,
TXN_77aa1d1af074,ACC_edfb8fd3166c,False,False,False,normal,
TXN_6a8e70589d21,ACC_edfb8fd3166c,False,False,False,normal,
TXN_135d5b2fd57b,ACC_edfb8fd3166c,False,False,False,normal,
TXN_fc33044b4a56,ACC_edfb8fd3166c,False,False,False,normal,
TXN_216c6f8b492b,ACC_edfb8fd3166c,False,False,False,normal,
TXN_05a649df2415,ACC_edfb8fd3166c,False,False,False,normal,
TXN_4064a7ab5706,ACC_edfb8fd3166c,False,False,False,normal,
TXN_31d652e39349,ACC_edfb8fd3166c,False,False,False,normal,
TXN_05e3cd29dcd7,ACC_edfb8fd3166c,False,False,False,normal,
TXN_db15f7a2c696,ACC_af2b39d86359,False,False,False,normal,
TXN_3c6cbbb98d1e,ACC_af2b39d86359,False,False,False,normal,
TXN_123a6bdbb3a3,ACC_af2b39d86359,False,False,False,normal,
TXN_cafeff7a572c,ACC_af2b39d86359,False,False,False,normal,
TXN_27ca6816d430,ACC_af2b39d86359,False,False,False,normal,
TXN_88331a869132,ACC_af2b39d86359,False,False,False,normal,
TXN_982232d76c5b,ACC_af2b39d86359,False,False,False,normal,
TXN_3d6b1eee6779,ACC_af2b39d86359,False,False,False,normal,
TXN_8dcf5a670fab,ACC_af2b39d86359,False,False,False,normal,
TXN_8409d3bdc09f,ACC_af2b39d86359,False,False,False,normal,
TXN_c8bddf9eff5e,ACC_2cac00af3ddf,False,False,False,normal,
TXN_d96ab71319a5,ACC_2cac00af3ddf,False,False,False,normal,
TXN_27b79c08df39,ACC_2cac00af3ddf,False,False,False,normal,
TXN_bcfc37ede547,ACC_2cac00af3ddf,False,False,False,normal,
TXN_5aa7bb8e5904,ACC_2cac00af3ddf,False,False,False,normal,
TXN_0765d55b508b,ACC_2cac00af3ddf,False,False,False,normal,
TXN_f8d7d885ec7d,ACC_2cac00af3ddf,False,False,False,normal,
TXN_aaaa50e0c8dc,ACC_2cac00af3ddf,False,False,False,normal,
TXN_55084ad36320,ACC_2cac00af3ddf,False,False,False,normal,
TXN_05911b1117e3,ACC_2cac00af3ddf,False,False,False,normal,
TXN_912145963c77,ACC_c817941bb08e,False,False,False,normal,
TXN_f0228c561d07,ACC_c817941bb08e,False,False,False,normal,
TXN_e20ea085884d,ACC_c817941bb08e,False,False,False,normal,
TXN_b6f3db7ccb6c,ACC_c817941bb08e,False,False,False,normal,
TXN_272bcde29ccd,ACC_c817941bb08e,False,False,False,normal,
TXN_dde284d9740b,ACC_c817941bb08e,False,False,False,normal,
TXN_0f9cdea16cd2,ACC_c817941bb08e,False,False,False,normal,
TXN_9e6e3f287313,ACC_c817941bb08e,False,False,False,normal,
TXN_2267ca39c66b,ACC_c817941bb08e,False,False,False,normal,
TXN_5b7d268e0dbb,ACC_c817941bb08e,False,False,False,normal,
TXN_68b03a5f379c,ACC_7a800eb796a2,False,False,False,normal,
TXN_370505988b05,ACC_7a800eb796a2,False,False,False,normal,
TXN_e33c9d8e71dc,ACC_7a800eb796a2,False,False,False,normal,
TXN_e8c3d464de2b,ACC_7a800eb796a2,False,False,False,normal,
TXN_2a270ea02a1f,ACC_7a800eb796a2,False,False,False,normal,
TXN_c8483e2ca30b,ACC_7a800eb796a2,False,False,False,normal,
TXN_a0850fcad249,ACC_7a800eb796a2,False,False,False,normal,
TXN_1c83d8b495ab,ACC_7a800eb796a2,False,False,False,normal,
TXN_c95bb7f4942d,ACC_7a800eb796a2,False,False,False,normal,
TXN_43d6ec608048,ACC_7a800eb796a2,False,False,False,normal,
TXN_75d50b07bc3e,ACC_d6b8dd924eda,False,False,False,normal,
TXN_d1a328c48790,ACC_d6b8dd924eda,False,False,False,normal,
TXN_e54fc1c79c67,ACC_d6b8dd924eda,False,False,False,normal,
TXN_e863a189dbfb,ACC_d6b8dd924eda,False,False,False,normal,
TXN_359a58fa4836,ACC_d6b8dd924eda,False,False,False,normal,
TXN_ed0719bd3e6b,ACC_d6b8dd924eda,False,False,False,normal,
TXN_44be1a397918,ACC_d6b8dd924eda,False,False,False,normal,
TXN_80b9c628208b,ACC_d6b8dd924eda,False,False,False,normal,
TXN_4378104e8e33,ACC_d6b8dd924eda,False,False,False,normal,
TXN_bbc5fdfa3868,ACC_d6b8dd924eda,False,False,False,normal,
TXN_1de2c6fb26eb,ACC_63ca6210dd60,False,False,False,normal,
TXN_6e9710123ed2,ACC_63ca6210dd60,False,False,False,normal,
TXN_b42ec9c74cf8,ACC_63ca6210dd60,False,False,False,normal,
TXN_d945f71421ad,ACC_63ca6210dd60,False,False,False,normal,
TXN_3e84e28f463b,ACC_63ca6210dd60,False,False,False,normal,
TXN_a4349608cc3d,ACC_63ca6210dd60,False,False,False,normal,
TXN_8451edc1bd6d,ACC_63ca6210dd60,False,False,False,normal,
TXN_ac2d9382a0c7,ACC_63ca6210dd60,False,False,False,normal,
TXN_fa5dd8771996,ACC_63ca6210dd60,False,False,False,normal,
TXN_b3d3a5969ad0,ACC_63ca6210dd60,False,False,False,normal,
TXN_051d2c4d8c15,ACC_2dd2faf86c8e,False,False,False,normal,
TXN_2c6a45eb4206,ACC_2dd2faf86c8e,False,False,False,normal,
TXN_58c2b0aa2b0c,ACC_2dd2faf86c8e,False,False,False,normal,
TXN_872ff6c60270,ACC_2dd2faf86c8e,False,False,False,normal,
TXN_b29ff34a30c3,ACC_2dd2faf86c8e,False,False,False,normal,
TXN_b5392c296bbb,ACC_2dd2faf86c8e,False,False,False,normal,
TXN_c3577ffc1719,ACC_2dd2faf86c8e,False,False,False,normal,
TXN_2719e97a29d5,ACC_2dd2faf86c8e,False,False,False,normal,
TXN_54a0279afe0f,ACC_2dd2faf86c8e,False,False,False,normal,
TXN_d7da08ce5d83,ACC_2dd2faf86c8e,False,False,False,normal,
TXN_b1535d0ab755,ACC_25947a6e73d9,False,False,False,normal,
TXN_fcf9fe28d9a8,ACC_25947a6e73d9,False,False,False,normal,
TXN_78102458cb4f,ACC_25947a6e73d9,False,False,False,normal,
TXN_284b08f35c66,ACC_25947a6e73d9,False,False,False,normal,
TXN_a35cefd33625,ACC_25947a6e73d9,False,False,False,normal,
TXN_468c53088476,ACC_25947a6e73d9,False,False,False,normal,
TXN_c44dcab94f42,ACC_25947a6e73d9,False,False,False,normal,
TXN_ef9ec5e8430c,ACC_25947a6e73d9,False,False,False,normal,
TXN_b116f2a2eb88,ACC_25947a6e73d9,False,False,False,normal,
TXN_4b33fba77c3e,ACC_25947a6e73d9,False,False,False,normal,
TXN_3e72c84435e8,ACC_b6853ac0adf2,False,False,False,normal,
TXN_365f49146ed7,ACC_b6853ac0adf2,False,False,False,normal,
TXN_180948f6c1da,ACC_b6853ac0adf2,False,False,False,normal,
TXN_17c5d6dea96d,ACC_b6853ac0adf2,False,False,False,normal,
TXN_8427aaa54dda,ACC_b6853ac0adf2,False,False,False,normal,
TXN_ed2fce5eee92,ACC_b6853ac0adf2,False,False,False,normal,
TXN_d523dffa52f5,ACC_b6853ac0adf2,False,False,False,normal,
TXN_4435d9a85e69,ACC_b6853ac0adf2,False,False,False,normal,
TXN_e40e0eb7b733,ACC_b6853ac0adf2,False,False,False,normal,
TXN_b1e4bce61a8d,ACC_b6853ac0adf2,False,False,False,normal,
TXN_1e0fa7a31905,ACC_3997f62746b5,False,False,False,normal,
TXN_d84b39ca61d6,ACC_3997f62746b5,False,False,False,normal,
TXN_191733986f17,ACC_3997f62746b5,False,False,False,normal,
TXN_f1b151999fdc,ACC_3997f62746b5,False,False,False,normal,
TXN_5dd7a13c29c9,ACC_3997f62746b5,False,False,False,normal,
TXN_a68950a7932a,ACC_3997f62746b5,False,False,False,normal,
TXN_009d94bceb75,ACC_3997f62746b5,False,False,False,normal,
TXN_25cab92c6cb3,ACC_3997f62746b5,False,False,False,normal,
TXN_ff5f237de440,ACC_3997f62746b5,False,False,False,normal,
TXN_9a5a43e53db8,ACC_3997f62746b5,False,False,False,normal,
TXN_8c35df996aa8,ACC_85de2aee998f,False,False,False,normal,
TXN_5adf33e5da28,ACC_85de2aee998f,False,False,False,normal,
TXN_15000d679963,ACC_85de2aee998f,False,False,False,normal,
TXN_c1b9755f6712,ACC_85de2aee998f,False,False,False,normal,
TXN_4cc5dd41c889,ACC_85de2aee998f,False,False,False,normal,
TXN_a53af5f48634,ACC_85de2aee998f,False,False,False,normal,
TXN_dbf317943305,ACC_85de2aee998f,False,False,False,normal,
TXN_7930d58a9302,ACC_85de2aee998f,False,False,False,normal,
TXN_a2acfa61b33d,ACC_85de2aee998f,False,False,False,normal,
TXN_fe8f75be6145,ACC_85de2aee998f,False,False,False,normal,
TXN_089f08c6151a,ACC_bb7823aedf6b,False,False,False,normal,
TXN_0bd04a8b7757,ACC_bb7823aedf6b,False,False,False,normal,
TXN_99c30c63143e,ACC_bb7823aedf6b,False,False,False,normal,
TXN_c06456e7cd23,ACC_bb7823aedf6b,False,False,False,normal,
TXN_feb21bf646ec,ACC_bb7823aedf6b,False,False,False,normal,
TXN_e2acf266aa8e,ACC_bb7823aedf6b,False,False,False,normal,
TXN_51636502cc84,ACC_bb7823aedf6b,False,False,False,normal,
TXN_8e1e4956ce4c,ACC_bb7823aedf6b,False,False,False,normal,
TXN_27723c902c97,ACC_bb7823aedf6b,False,False,False,normal,
TXN_2ca31d8082ab,ACC_bb7823aedf6b,False,False,False,normal,
TXN_8fd1864d79f7,ACC_9411dd7b26ed,False,False,False,normal,
TXN_720983eb03cd,ACC_9411dd7b26ed,False,False,False,normal,
TXN_52e618014d64,ACC_9411dd7b26ed,False,False,False,normal,
TXN_7d4e8117f90f,ACC_9411dd7b26ed,False,False,False,normal,
TXN_054d1b0639e4,ACC_9411dd7b26ed,False,False,False,normal,
TXN_31d765a6ee3c,ACC_9411dd7b26ed,False,False,False,normal,
TXN_47f424c8e2f4,ACC_9411dd7b26ed,False,False,False,normal,
TXN_956464daeca8,ACC_9411dd7b26ed,False,False,False,normal,
TXN_8a2530fae2b8,ACC_9411dd7b26ed,False,False,False,normal,
TXN_8c6475cd4865,ACC_9411dd7b26ed,False,False,False,normal,
TXN_308afcade23f,ACC_5b5acf978dfb,False,False,False,normal,
TXN_ea562bec0828,ACC_5b5acf978dfb,False,False,False,normal,
TXN_f9312cfdfbda,ACC_5b5acf978dfb,False,False,False,normal,
TXN_ca2b69b0188b,ACC_5b5acf978dfb,False,False,False,normal,
TXN_0eb2b924b57c,ACC_5b5acf978dfb,False,False,False,normal,
TXN_b6124968ec88,ACC_5b5acf978dfb,False,False,False,normal,
TXN_0ffa32c4f458,ACC_5b5acf978dfb,False,False,False,normal,
TXN_8064872a898b,ACC_5b5acf978dfb,False,False,False,normal,
TXN_dce9263e546c,ACC_5b5acf978dfb,False,False,False,normal,
TXN_3bb428fc93f2,ACC_5b5acf978dfb,False,False,False,normal,
TXN_2e58a9d4fc22,ACC_06c119694c6a,False,True,True,behavioral_anomaly,
TXN_8f75638e581e,ACC_06c119694c6a,False,True,True,behavioral_anomaly,
TXN_605295c12a14,ACC_06c119694c6a,False,True,True,behavioral_anomaly,
TXN_f336716a0a91,ACC_06c119694c6a,False,True,True,behavioral_anomaly,
TXN_0302e9d68c1a,ACC_06c119694c6a,False,True,True,behavioral_anomaly,
TXN_3c2a20fbb30a,ACC_06c119694c6a,False,True,True,behavioral_anomaly,
TXN_e84f3a7afff8,ACC_06c119694c6a,False,True,True,behavioral_anomaly,
TXN_ae42bebb8e79,ACC_06c119694c6a,False,True,True,behavioral_anomaly,
TXN_0fd5e17278e8,ACC_06c119694c6a,False,True,True,behavioral_anomaly,
TXN_fe10517622d6,ACC_06c119694c6a,False,True,True,behavioral_anomaly,
TXN_70f729d11f13,ACC_d751bb4f6dc2,False,False,False,normal,
TXN_e740b846d7ae,ACC_d751bb4f6dc2,False,False,False,normal,
TXN_6e3f2d008384,ACC_d751bb4f6dc2,False,False,False,normal,
TXN_67e264dbc8ba,ACC_d751bb4f6dc2,False,False,False,normal,
TXN_0019afa3ac89,ACC_d751bb4f6dc2,False,False,False,normal,
TXN_95511893872c,ACC_d751bb4f6dc2,False,False,False,normal,
TXN_8efe4c9141df,ACC_d751bb4f6dc2,False,False,False,normal,
TXN_e21db212f161,ACC_d751bb4f6dc2,False,False,False,normal,
TXN_e80f0d044683,ACC_d751bb4f6dc2,False,False,False,normal,
TXN_c7b2faa88951,ACC_d751bb4f6dc2,False,False,False,normal,
TXN_8d4708dae6cd,ACC_a8f46a3a99e3,False,False,False,normal,
TXN_20f8ce8f5e8f,ACC_a8f46a3a99e3,False,False,False,normal,
TXN_2d0680617cb7,ACC_a8f46a3a99e3,False,False,False,normal,
TXN_909a1c49cf19,ACC_a8f46a3a99e3,False,False,False,normal,
TXN_87206081ce6f,ACC_a8f46a3a99e3,False,False,False,normal,
TXN_703e43d0ff82,ACC_a8f46a3a99e3,False,False,False,normal,
TXN_8dd23170a4b7,ACC_a8f46a3a99e3,False,False,False,normal,
TXN_1decab4fa698,ACC_a8f46a3a99e3,False,False,False,normal,
TXN_69a2ef380bd2,ACC_a8f46a3a99e3,False,False,False,normal,
TXN_a0d9cf5ce4c1,ACC_a8f46a3a99e3,False,False,False,normal,
TXN_d03c2dc1c70f,ACC_cd84d1871b54,False,False,False,normal,
TXN_bfe2551095b6,ACC_cd84d1871b54,False,False,False,normal,
TXN_1d312f5f98a0,ACC_cd84d1871b54,False,False,False,normal,
TXN_3c817d652aa7,ACC_cd84d1871b54,False,False,False,normal,
TXN_9c77ab8afce7,ACC_cd84d1871b54,False,False,False,normal,
TXN_5443395e6758,ACC_cd84d1871b54,False,False,False,normal,
TXN_4e5406b91b9e,ACC_cd84d1871b54,False,False,False,normal,
TXN_43a1adf51942,ACC_cd84d1871b54,False,False,False,normal,
TXN_706496b1871b,ACC_cd84d1871b54,False,False,False,normal,
TXN_94a0930e5f59,ACC_cd84d1871b54,False,False,False,normal,
TXN_f96bd840465e,ACC_5cdf6d0ab7c4,False,False,False,normal,
TXN_0fee32b28ff1,ACC_5cdf6d0ab7c4,False,False,False,normal,
TXN_cc2a706f3749,ACC_5cdf6d0ab7c4,False,False,False,normal,
TXN_334247dbc67a,ACC_5cdf6d0ab7c4,False,False,False,normal,
TXN_2f0987a7e626,ACC_5cdf6d0ab7c4,False,False,False,normal,
TXN_1d2a12af1ccf,ACC_5cdf6d0ab7c4,False,False,False,normal,
TXN_460156217ff1,ACC_5cdf6d0ab7c4,False,False,False,normal,
TXN_1ac18e8d6400,ACC_5cdf6d0ab7c4,False,False,False,normal,
TXN_15cd5f66cfef,ACC_5cdf6d0ab7c4,False,False,False,normal,
TXN_46aab317c888,ACC_5cdf6d0ab7c4,False,False,False,normal,
TXN_65f3fd871651,ACC_746f0d46e0fb,False,True,True,behavioral_anomaly,
TXN_c79c1c14f04a,ACC_746f0d46e0fb,False,True,True,behavioral_anomaly,
TXN_5aa8def02801,ACC_746f0d46e0fb,False,True,True,behavioral_anomaly,
TXN_2e87242f1adc,ACC_746f0d46e0fb,False,True,True,behavioral_anomaly,
TXN_0ad866f9735a,ACC_746f0d46e0fb,False,True,True,behavioral_anomaly,
TXN_ebee28971e18,ACC_746f0d46e0fb,False,True,True,behavioral_anomaly,
TXN_5b662a3f08f3,ACC_746f0d46e0fb,False,True,True,behavioral_anomaly,
TXN_439a496afb3e,ACC_746f0d46e0fb,False,True,True,behavioral_anomaly,
TXN_24d1f72c109f,ACC_746f0d46e0fb,False,True,True,behavioral_anomaly,
TXN_2823168fb822,ACC_746f0d46e0fb,False,True,True,behavioral_anomaly,
TXN_f18163285968,ACC_73bcc7d76d7c,False,True,True,behavioral_anomaly,
TXN_6a6a0fa7c05b,ACC_73bcc7d76d7c,False,True,True,behavioral_anomaly,
TXN_99f1e9ade6dc,ACC_73bcc7d76d7c,False,True,True,behavioral_anomaly,
TXN_91fc926b0c5b,ACC_73bcc7d76d7c,False,True,True,behavioral_anomaly,
TXN_ae1a6394554b,ACC_73bcc7d76d7c,False,True,True,behavioral_anomaly,
TXN_9f8eb9f75e19,ACC_73bcc7d76d7c,False,True,True,behavioral_anomaly,
TXN_1e21decdf6e2,ACC_73bcc7d76d7c,False,True,True,behavioral_anomaly,
TXN_3b78140e6f73,ACC_73bcc7d76d7c,False,True,True,behavioral_anomaly,
TXN_8ed101b764ff,ACC_73bcc7d76d7c,False,True,True,behavioral_anomaly,
TXN_bcecf5c7cd42,ACC_73bcc7d76d7c,False,True,True,behavioral_anomaly,
TXN_8d31cefc049d,ACC_5c1f4761e045,False,False,False,normal,
TXN_506a912c185a,ACC_5c1f4761e045,False,False,False,normal,
TXN_989e34471123,ACC_5c1f4761e045,False,False,False,normal,
TXN_d4ebfe0575b3,ACC_5c1f4761e045,False,False,False,normal,
TXN_8a1e1f634c17,ACC_5c1f4761e045,False,False,False,normal,
TXN_8ff110d5e6b1,ACC_5c1f4761e045,False,False,False,normal,
TXN_76a6af8d0b40,ACC_5c1f4761e045,False,False,False,normal,
TXN_be9c1102eb3e,ACC_5c1f4761e045,False,False,False,normal,
TXN_1a6bb50b279c,ACC_5c1f4761e045,False,False,False,normal,
TXN_f33d2066a930,ACC_5c1f4761e045,False,False,False,normal,
TXN_df3a54219cbe,ACC_c4d5c987a2b0,False,False,False,normal,
TXN_9298fb9c3c35,ACC_c4d5c987a2b0,False,False,False,normal,
TXN_57abe8bcec6e,ACC_c4d5c987a2b0,False,False,False,normal,
TXN_df34078335ea,ACC_c4d5c987a2b0,False,False,False,normal,
TXN_90b20701f504,ACC_c4d5c987a2b0,False,False,False,normal,
TXN_4c044f1a8acc,ACC_c4d5c987a2b0,False,False,False,normal,
TXN_99634a2ca346,ACC_c4d5c987a2b0,False,False,False,normal,
TXN_df4c1405a16b,ACC_c4d5c987a2b0,False,False,False,normal,
TXN_4541a533136b,ACC_c4d5c987a2b0,False,False,False,normal,
TXN_9752663b594f,ACC_c4d5c987a2b0,False,False,False,normal,
TXN_71993d99a613,ACC_f1fad0e0bdb8,False,False,False,normal,
TXN_4be05f7377a1,ACC_f1fad0e0bdb8,False,False,False,normal,
TXN_342b4bd2070a,ACC_f1fad0e0bdb8,False,False,False,normal,
TXN_8a4c74aba72c,ACC_f1fad0e0bdb8,False,False,False,normal,
TXN_71ce349bc667,ACC_f1fad0e0bdb8,False,False,False,normal,
TXN_53f36aa68825,ACC_f1fad0e0bdb8,False,False,False,normal,
TXN_d110b89142e1,ACC_f1fad0e0bdb8,False,False,False,normal,
TXN_8f9113ad243f,ACC_f1fad0e0bdb8,False,False,False,normal,
TXN_ef054c4d329e,ACC_f1fad0e0bdb8,False,False,False,normal,
TXN_9cb03a103146,ACC_f1fad0e0bdb8,False,False,False,normal,
TXN_8a92a7f732a6,ACC_2b9d15a08db8,False,False,False,normal,
TXN_e1ff678d279f,ACC_2b9d15a08db8,False,False,False,normal,
TXN_b250bc6d05c0,ACC_2b9d15a08db8,False,False,False,normal,
TXN_417609d9245b,ACC_2b9d15a08db8,False,False,False,normal,
TXN_ceaf8ec0c126,ACC_2b9d15a08db8,False,False,False,normal,
TXN_31ba25d39275,ACC_2b9d15a08db8,False,False,False,normal,
TXN_43a1220f9a52,ACC_2b9d15a08db8,False,False,False,normal,
TXN_8337896333fd,ACC_2b9d15a08db8,False,False,False,normal,
TXN_417dd8e0bffc,ACC_2b9d15a08db8,False,False,False,normal,
TXN_43b9260137f1,ACC_2b9d15a08db8,False,False,False,normal,
TXN_1e2ef454cb40,ACC_24e227aa67ea,False,False,False,normal,
TXN_d83884a3d317,ACC_24e227aa67ea,False,False,False,normal,
TXN_dadd25528c20,ACC_24e227aa67ea,False,False,False,normal,
TXN_3e4ef0c71ead,ACC_24e227aa67ea,False,False,False,normal,
TXN_ad769607d1e4,ACC_24e227aa67ea,False,False,False,normal,
TXN_feb89effc9c9,ACC_24e227aa67ea,False,False,False,normal,
TXN_0dc22e09b06a,ACC_24e227aa67ea,False,False,False,normal,
TXN_c4e6fa12f067,ACC_24e227aa67ea,False,False,False,normal,
TXN_06f440e7c292,ACC_24e227aa67ea,False,False,False,normal,
TXN_42eeffdeb874,ACC_24e227aa67ea,False,False,False,normal,
TXN_e3836b9a0382,ACC_6c33d41538fe,False,False,False,normal,
TXN_f44743c725b9,ACC_6c33d41538fe,False,False,False,normal,
TXN_018c18b8d096,ACC_6c33d41538fe,False,False,False,normal,
TXN_26c6e7baf8c9,ACC_6c33d41538fe,False,False,False,normal,
TXN_f9bcced32c52,ACC_6c33d41538fe,False,False,False,normal,
TXN_6aa84c6457ea,ACC_6c33d41538fe,False,False,False,normal,
TXN_c30bb2251f68,ACC_6c33d41538fe,False,False,False,normal,
TXN_4871d937ba92,ACC_6c33d41538fe,False,False,False,normal,
TXN_d47cf9e8eb74,ACC_6c33d41538fe,False,False,False,normal,
TXN_671d45969583,ACC_6c33d41538fe,False,False,False,normal,
TXN_67f3213d40f5,ACC_f328d5aab7e8,False,False,False,normal,
TXN_dc1446464d0f,ACC_f328d5aab7e8,False,False,False,normal,
TXN_e3a02d8895ef,ACC_f328d5aab7e8,False,False,False,normal,
TXN_ce8aa4780e5f,ACC_f328d5aab7e8,False,False,False,normal,
TXN_ee1a3225d09b,ACC_f328d5aab7e8,False,False,False,normal,
TXN_766089df97dc,ACC_f328d5aab7e8,False,False,False,normal,
TXN_890e37847379,ACC_f328d5aab7e8,False,False,False,normal,
TXN_b7223f29fe47,ACC_f328d5aab7e8,False,False,False,normal,
TXN_cdd8f41c1c31,ACC_f328d5aab7e8,False,False,False,normal,
TXN_080c008e8ec4,ACC_f328d5aab7e8,False,False,False,normal,
TXN_998cfd9859be,ACC_53b6d48eb59b,False,False,False,normal,
TXN_b895d13577eb,ACC_53b6d48eb59b,False,False,False,normal,
TXN_c369d3e94119,ACC_53b6d48eb59b,False,False,False,normal,
TXN_597046b8120e,ACC_53b6d48eb59b,False,False,False,normal,
TXN_7a533fc1b0f6,ACC_53b6d48eb59b,False,False,False,normal,
TXN_c434a5cd9198,ACC_53b6d48eb59b,False,False,False,normal,
TXN_44aaa7123ee7,ACC_53b6d48eb59b,False,False,False,normal,
TXN_2d701ae1a880,ACC_53b6d48eb59b,False,False,False,normal,
TXN_2a54bca75393,ACC_53b6d48eb59b,False,False,False,normal,
TXN_353a12517e4f,ACC_53b6d48eb59b,False,False,False,normal,
TXN_5fecefbe6207,ACC_1a8f6fade4c7,False,False,False,normal,
TXN_72ff3dff1ade,ACC_1a8f6fade4c7,False,False,False,normal,
TXN_b7784312ff10,ACC_1a8f6fade4c7,False,False,False,normal,
TXN_21a5bdcef524,ACC_1a8f6fade4c7,False,False,False,normal,
TXN_ea1cb394ee78,ACC_1a8f6fade4c7,False,False,False,normal,
TXN_328f686fb7fe,ACC_1a8f6fade4c7,False,False,False,normal,
TXN_ca261692a256,ACC_1a8f6fade4c7,False,False,False,normal,
TXN_74d1f3eb5cc0,ACC_1a8f6fade4c7,False,False,False,normal,
TXN_6b02bd99af9a,ACC_1a8f6fade4c7,False,False,False,normal,
TXN_feb091856091,ACC_1a8f6fade4c7,False,False,False,normal,
TXN_e128ff23727a,ACC_c193a6a9f746,False,False,False,normal,
TXN_f71ff8f8e8b2,ACC_c193a6a9f746,False,False,False,normal,
TXN_d0a0bffda805,ACC_c193a6a9f746,False,False,False,normal,
TXN_b8a74dab9c11,ACC_c193a6a9f746,False,False,False,normal,
TXN_3692fcda380e,ACC_c193a6a9f746,False,False,False,normal,
TXN_d739a4d1b5d4,ACC_c193a6a9f746,False,False,False,normal,
TXN_377462013632,ACC_c193a6a9f746,False,False,False,normal,
TXN_5d2404493a5b,ACC_c193a6a9f746,False,False,False,normal,
TXN_690a77ec419c,ACC_c193a6a9f746,False,False,False,normal,
TXN_18299ab51d7d,ACC_c193a6a9f746,False,False,False,normal,
TXN_b9e87e75470d,ACC_8fdb41e6b1e5,False,False,False,normal,
TXN_980cb5a37c7c,ACC_8fdb41e6b1e5,False,False,False,normal,
TXN_e95d1fa24fcf,ACC_8fdb41e6b1e5,False,False,False,normal,
TXN_a6ff18891a57,ACC_8fdb41e6b1e5,False,False,False,normal,
TXN_e8344c43f436,ACC_8fdb41e6b1e5,False,False,False,normal,
TXN_1d7c250fa185,ACC_8fdb41e6b1e5,False,False,False,normal,
TXN_16d0e6f2e574,ACC_8fdb41e6b1e5,False,False,False,normal,
TXN_cc012b84bca0,ACC_8fdb41e6b1e5,False,False,False,normal,
TXN_c1f12100ae93,ACC_8fdb41e6b1e5,False,False,False,normal,
TXN_ad3abe170db0,ACC_8fdb41e6b1e5,False,False,False,normal,
TXN_4eeb221024f0,ACC_421692ef736e,False,False,False,normal,
TXN_9d4dd920297a,ACC_421692ef736e,False,False,False,normal,
TXN_4a03e6122698,ACC_421692ef736e,False,False,False,normal,
TXN_9b53706ecac5,ACC_421692ef736e,False,False,False,normal,
TXN_073c69abea76,ACC_421692ef736e,False,False,False,normal,
TXN_26936d860847,ACC_421692ef736e,False,False,False,normal,
TXN_adef3d4def35,ACC_421692ef736e,False,False,False,normal,
TXN_25dcf5bad7e8,ACC_421692ef736e,False,False,False,normal,
TXN_7cb145e4ed8a,ACC_421692ef736e,False,False,False,normal,
TXN_170923377239,ACC_421692ef736e,False,False,False,normal,
TXN_138337f4be6b,ACC_cb74edf0fa5a,False,False,False,normal,
TXN_20b6326c3061,ACC_cb74edf0fa5a,False,False,False,normal,
TXN_03794000565c,ACC_cb74edf0fa5a,False,False,False,normal,
TXN_03723cbebd51,ACC_cb74edf0fa5a,False,False,False,normal,
TXN_d0b3ccd8143b,ACC_cb74edf0fa5a,False,False,False,normal,
TXN_34183dade995,ACC_cb74edf0fa5a,False,False,False,normal,
TXN_ed1cf469ae8d,ACC_cb74edf0fa5a,False,False,False,normal,
TXN_0b9b75acf3a1,ACC_cb74edf0fa5a,False,False,False,normal,
TXN_8cf4084bba9d,ACC_cb74edf0fa5a,False,False,False,normal,
TXN_a2d1add02831,ACC_cb74edf0fa5a,False,False,False,normal,
TXN_e7c78805e18b,ACC_0341b9070173,False,False,False,normal,
TXN_1b40752d08fb,ACC_0341b9070173,False,False,False,normal,
TXN_a258f487aadd,ACC_0341b9070173,False,False,False,normal,
TXN_f04507d73db1,ACC_0341b9070173,False,False,False,normal,
TXN_d7dcb2dc328b,ACC_0341b9070173,False,False,False,normal,
TXN_7ad1b8980acb,ACC_0341b9070173,False,False,False,normal,
TXN_60bd191e9323,ACC_0341b9070173,False,False,False,normal,
TXN_97bbe2967c69,ACC_0341b9070173,False,False,False,normal,
TXN_47a91b61f84f,ACC_0341b9070173,False,False,False,normal,
TXN_10123c6645f7,ACC_0341b9070173,False,False,False,normal,
TXN_7afe9e6013a4,ACC_1a6ec3c4dda4,False,False,False,normal,
TXN_e34674a945a6,ACC_1a6ec3c4dda4,False,False,False,normal,
TXN_7715782af860,ACC_1a6ec3c4dda4,False,False,False,normal,
TXN_ab3f71617389,ACC_1a6ec3c4dda4,False,False,False,normal,
TXN_d88cefa49e92,ACC_1a6ec3c4dda4,False,False,False,normal,
TXN_18f4c7c86511,ACC_1a6ec3c4dda4,False,False,False,normal,
TXN_e5f44fcf368c,ACC_1a6ec3c4dda4,False,False,False,normal,
TXN_ebe8b95d6b07,ACC_1a6ec3c4dda4,False,False,False,normal,
TXN_71fbc297adb5,ACC_1a6ec3c4dda4,False,False,False,normal,
TXN_249ccb750023,ACC_1a6ec3c4dda4,False,False,False,normal,
TXN_8937e71af2e1,ACC_b04f85e9d77a,False,False,False,normal,
TXN_37f969d1ff0d,ACC_b04f85e9d77a,False,False,False,normal,
TXN_3a7fd71e8617,ACC_b04f85e9d77a,False,False,False,normal,
TXN_248c29a13a04,ACC_b04f85e9d77a,False,False,False,normal,
TXN_f379b50035f7,ACC_b04f85e9d77a,False,False,False,normal,
TXN_5eea858db0df,ACC_b04f85e9d77a,False,False,False,normal,
TXN_b9d4ab7f7fcb,ACC_b04f85e9d77a,False,False,False,normal,
TXN_bebfdc70a61e,ACC_b04f85e9d77a,False,False,False,normal,
TXN_1559ef14ce9f,ACC_b04f85e9d77a,False,False,False,normal,
TXN_2387358ddff2,ACC_b04f85e9d77a,False,False,False,normal,
TXN_9f3b7d9fc231,ACC_d7a0c0d8ea1a,False,False,False,normal,
TXN_1e7f91d2ef1f,ACC_d7a0c0d8ea1a,False,False,False,normal,
TXN_f8d59fc1385f,ACC_d7a0c0d8ea1a,False,False,False,normal,
TXN_8bd11426fee0,ACC_d7a0c0d8ea1a,False,False,False,normal,
TXN_64e9f3ce3d16,ACC_d7a0c0d8ea1a,False,False,False,normal,
TXN_03ffa6df8556,ACC_d7a0c0d8ea1a,False,False,False,normal,
TXN_3b54a76af816,ACC_d7a0c0d8ea1a,False,False,False,normal,
TXN_9483f00e6216,ACC_d7a0c0d8ea1a,False,False,False,normal,
TXN_2e140c096217,ACC_d7a0c0d8ea1a,False,False,False,normal,
TXN_20db6d1d517d,ACC_d7a0c0d8ea1a,False,False,False,normal,
TXN_18a427240b3c,ACC_54df9eac2f44,False,False,False,normal,
TXN_86757e18d210,ACC_54df9eac2f44,False,False,False,normal,
TXN_6d510a0a31de,ACC_54df9eac2f44,False,False,False,normal,
TXN_56f2c0501859,ACC_54df9eac2f44,False,False,False,normal,
TXN_cbb5eb3ab401,ACC_54df9eac2f44,False,False,False,normal,
TXN_5640c67ddd63,ACC_54df9eac2f44,False,False,False,normal,
TXN_c7ba6404cf76,ACC_54df9eac2f44,False,False,False,normal,
TXN_0805250ddb90,ACC_54df9eac2f44,False,False,False,normal,
TXN_3bb35eec7506,ACC_54df9eac2f44,False,False,False,normal,
TXN_f1424606df33,ACC_54df9eac2f44,False,False,False,normal,
TXN_5c4386375eb5,ACC_7aa35e9bafdc,False,False,False,normal,
TXN_9056e6c34686,ACC_7aa35e9bafdc,False,False,False,normal,
TXN_8b06df1a1fe5,ACC_7aa35e9bafdc,False,False,False,normal,
TXN_2b7b5e21be93,ACC_7aa35e9bafdc,False,False,False,normal,
TXN_a710c8578f21,ACC_7aa35e9bafdc,False,False,False,normal,
TXN_8f0dd0dc61e9,ACC_7aa35e9bafdc,False,False,False,normal,
TXN_79e4a3c3230d,ACC_7aa35e9bafdc,False,False,False,normal,
TXN_70a53b87e3e6,ACC_7aa35e9bafdc,False,False,False,normal,
TXN_3e05b962f5af,ACC_7aa35e9bafdc,False,False,False,normal,
TXN_640a6dfd3dec,ACC_7aa35e9bafdc,False,False,False,normal,
TXN_c3664cbfd79f,ACC_f24377929e22,True,False,True,fraud_ring,RING_008
TXN_bb6d6ea96294,ACC_f24377929e22,True,False,True,fraud_ring,RING_008
TXN_972bc2f1cf99,ACC_f24377929e22,True,False,True,fraud_ring,RING_008
TXN_595eae15c915,ACC_f24377929e22,True,False,True,fraud_ring,RING_008
TXN_9c5f1c6ab7ab,ACC_f24377929e22,True,False,True,fraud_ring,RING_008
TXN_8e1a05cf6f70,ACC_f24377929e22,True,False,True,fraud_ring,RING_008
TXN_0353f83a2304,ACC_f24377929e22,True,False,True,fraud_ring,RING_008
TXN_c6a673745c9f,ACC_f24377929e22,True,False,True,fraud_ring,RING_008
TXN_0584e8765733,ACC_f24377929e22,True,False,True,fraud_ring,RING_008
TXN_f902d4088fee,ACC_f24377929e22,True,False,True,fraud_ring,RING_008
TXN_784dfec52233,ACC_7e39114158f6,False,False,False,normal,
TXN_66cdabbf0b68,ACC_7e39114158f6,False,False,False,normal,
TXN_4ba9f375fee9,ACC_7e39114158f6,False,False,False,normal,
TXN_9736f1551705,ACC_7e39114158f6,False,False,False,normal,
TXN_35dfdc4a1c28,ACC_7e39114158f6,False,False,False,normal,
TXN_247a179df02e,ACC_7e39114158f6,False,False,False,normal,
TXN_1483766510a6,ACC_7e39114158f6,False,False,False,normal,
TXN_582c29a2ad19,ACC_7e39114158f6,False,False,False,normal,
TXN_2ab706987c6b,ACC_7e39114158f6,False,False,False,normal,
TXN_334b173b4b09,ACC_7e39114158f6,False,False,False,normal,
TXN_5d40e21bbf24,ACC_9bcd82b46358,False,False,False,normal,
TXN_b0a7da84d1d8,ACC_9bcd82b46358,False,False,False,normal,
TXN_892b9e4ac952,ACC_9bcd82b46358,False,False,False,normal,
TXN_9f6571a8995a,ACC_9bcd82b46358,False,False,False,normal,
TXN_36b45650ac06,ACC_9bcd82b46358,False,False,False,normal,
TXN_136bfc0db100,ACC_9bcd82b46358,False,False,False,normal,
TXN_bfa0621ebb66,ACC_9bcd82b46358,False,False,False,normal,
TXN_e398197d86d9,ACC_9bcd82b46358,False,False,False,normal,
TXN_df2266775609,ACC_9bcd82b46358,False,False,False,normal,
TXN_f3d1ce72a18c,ACC_9bcd82b46358,False,False,False,normal,
TXN_341494fa273b,ACC_66e3bf8abf60,True,False,True,fraud_ring,RING_004
TXN_6362ef284c0c,ACC_66e3bf8abf60,True,False,True,fraud_ring,RING_004
TXN_7368436ee971,ACC_66e3bf8abf60,True,False,True,fraud_ring,RING_004
TXN_3c51ded3aede,ACC_66e3bf8abf60,True,False,True,fraud_ring,RING_004
TXN_c46df16d76d8,ACC_66e3bf8abf60,True,False,True,fraud_ring,RING_004
TXN_7ba8ec9d2891,ACC_66e3bf8abf60,True,False,True,fraud_ring,RING_004
TXN_24ee022fe7d2,ACC_66e3bf8abf60,True,False,True,fraud_ring,RING_004
TXN_99d07c4fd389,ACC_66e3bf8abf60,True,False,True,fraud_ring,RING_004
TXN_b89f57a6c7dd,ACC_66e3bf8abf60,True,False,True,fraud_ring,RING_004
TXN_2e6e01ac8e30,ACC_66e3bf8abf60,True,False,True,fraud_ring,RING_004
TXN_c4711e7d160a,ACC_a2985a017c43,False,False,False,normal,
TXN_ab4f5a91fbe1,ACC_a2985a017c43,False,False,False,normal,
TXN_3e71d6348f09,ACC_a2985a017c43,False,False,False,normal,
TXN_7a57d6d12f99,ACC_a2985a017c43,False,False,False,normal,
TXN_771fdaa56b09,ACC_a2985a017c43,False,False,False,normal,
TXN_0f0de6c5ffb6,ACC_a2985a017c43,False,False,False,normal,
TXN_38683a4b07f7,ACC_a2985a017c43,False,False,False,normal,
TXN_b9b6137f886a,ACC_a2985a017c43,False,False,False,normal,
TXN_20b0fb0d7b85,ACC_a2985a017c43,False,False,False,normal,
TXN_7e384561febd,ACC_a2985a017c43,False,False,False,normal,
TXN_a6a693f8812f,ACC_2079dce9d58e,False,False,False,normal,
TXN_0e9672cab22e,ACC_2079dce9d58e,False,False,False,normal,
TXN_cf5ce94e0cb5,ACC_2079dce9d58e,False,False,False,normal,
TXN_213b4c126395,ACC_2079dce9d58e,False,False,False,normal,
TXN_981fa5850207,ACC_2079dce9d58e,False,False,False,normal,
TXN_e323c5303327,ACC_2079dce9d58e,False,False,False,normal,
TXN_8114f1f7f858,ACC_2079dce9d58e,False,False,False,normal,
TXN_2013fbdb2b0b,ACC_2079dce9d58e,False,False,False,normal,
TXN_f5e004544a4c,ACC_2079dce9d58e,False,False,False,normal,
TXN_4915bc8e65a0,ACC_2079dce9d58e,False,False,False,normal,
TXN_87130847cbcd,ACC_76f0d70b7afb,False,False,False,normal,
TXN_93189fb2276f,ACC_76f0d70b7afb,False,False,False,normal,
TXN_379635deb053,ACC_76f0d70b7afb,False,False,False,normal,
TXN_0911fbb955b2,ACC_76f0d70b7afb,False,False,False,normal,
TXN_17669cb4e4c3,ACC_76f0d70b7afb,False,False,False,normal,
TXN_f86873c44113,ACC_76f0d70b7afb,False,False,False,normal,
TXN_34b9e7b4ec57,ACC_76f0d70b7afb,False,False,False,normal,
TXN_ec00e057bf42,ACC_76f0d70b7afb,False,False,False,normal,
TXN_d0de5de4e333,ACC_76f0d70b7afb,False,False,False,normal,
TXN_dfc59c6b461d,ACC_76f0d70b7afb,False,False,False,normal,
TXN_cccbba99437f,ACC_982de5a6dd20,False,False,False,normal,
TXN_cca006f700bc,ACC_982de5a6dd20,False,False,False,normal,
TXN_9537795c4314,ACC_982de5a6dd20,False,False,False,normal,
TXN_087d3002aa4c,ACC_982de5a6dd20,False,False,False,normal,
TXN_358b62a9ca6d,ACC_982de5a6dd20,False,False,False,normal,
TXN_d652ef1e35e3,ACC_982de5a6dd20,False,False,False,normal,
TXN_989886021366,ACC_982de5a6dd20,False,False,False,normal,
TXN_889d06f8f634,ACC_982de5a6dd20,False,False,False,normal,
TXN_2065f4e09847,ACC_982de5a6dd20,False,False,False,normal,
TXN_6c060a8f846f,ACC_982de5a6dd20,False,False,False,normal,
TXN_5af5426f2619,ACC_50e942a0eee4,False,False,False,normal,
TXN_dc14eecf1b01,ACC_50e942a0eee4,False,False,False,normal,
TXN_c9aaf9342aea,ACC_50e942a0eee4,False,False,False,normal,
TXN_7bc9e3422962,ACC_50e942a0eee4,False,False,False,normal,
TXN_3b4d8e2e3dd8,ACC_50e942a0eee4,False,False,False,normal,
TXN_6cf387e706e1,ACC_50e942a0eee4,False,False,False,normal,
TXN_e1b2ff6f8182,ACC_50e942a0eee4,False,False,False,normal,
TXN_301e14272717,ACC_50e942a0eee4,False,False,False,normal,
TXN_37bdae709bc0,ACC_50e942a0eee4,False,False,False,normal,
TXN_f066aead5e01,ACC_50e942a0eee4,False,False,False,normal,
TXN_4304a7c25d7a,ACC_787fc22898c5,False,False,False,normal,
TXN_7469679ecccc,ACC_787fc22898c5,False,False,False,normal,
TXN_444a92fedd19,ACC_787fc22898c5,False,False,False,normal,
TXN_50c2c0770d1c,ACC_787fc22898c5,False,False,False,normal,
TXN_7769ca13a497,ACC_787fc22898c5,False,False,False,normal,
TXN_4ca0dad11233,ACC_787fc22898c5,False,False,False,normal,
TXN_5946a86379c8,ACC_787fc22898c5,False,False,False,normal,
TXN_bf6384992359,ACC_787fc22898c5,False,False,False,normal,
TXN_b5cf84f8dfd6,ACC_787fc22898c5,False,False,False,normal,
TXN_b873cd9fa6b2,ACC_787fc22898c5,False,False,False,normal,
TXN_e0df4f98a652,ACC_e7b2e68d9f3f,False,False,False,normal,
TXN_f42bd1bca391,ACC_e7b2e68d9f3f,False,False,False,normal,
TXN_4debaa55f57d,ACC_e7b2e68d9f3f,False,False,False,normal,
TXN_9318c964c329,ACC_e7b2e68d9f3f,False,False,False,normal,
TXN_a03df7d23696,ACC_e7b2e68d9f3f,False,False,False,normal,
TXN_f79b95b6957c,ACC_e7b2e68d9f3f,False,False,False,normal,
TXN_324ecd646c62,ACC_e7b2e68d9f3f,False,False,False,normal,
TXN_2be6d56710bc,ACC_e7b2e68d9f3f,False,False,False,normal,
TXN_40194d216ee8,ACC_e7b2e68d9f3f,False,False,False,normal,
TXN_c4ab1e3bcd24,ACC_e7b2e68d9f3f,False,False,False,normal,
TXN_211c9892d59e,ACC_efc34c0195ed,False,False,False,normal,
TXN_4346ef165cd6,ACC_efc34c0195ed,False,False,False,normal,
TXN_ad91d5159d39,ACC_efc34c0195ed,False,False,False,normal,
TXN_9e73add55a86,ACC_efc34c0195ed,False,False,False,normal,
TXN_219055a87aef,ACC_efc34c0195ed,False,False,False,normal,
TXN_ac423bd61d04,ACC_efc34c0195ed,False,False,False,normal,
TXN_27909ca68e8b,ACC_efc34c0195ed,False,False,False,normal,
TXN_7e36410aedb1,ACC_efc34c0195ed,False,False,False,normal,
TXN_1d4e937fccb2,ACC_efc34c0195ed,False,False,False,normal,
TXN_6447b1c020bf,ACC_efc34c0195ed,False,False,False,normal,
TXN_4b4cf939899c,ACC_5aa6a98c481a,True,False,True,fraud_ring,RING_002
TXN_f9171509910d,ACC_5aa6a98c481a,True,False,True,fraud_ring,RING_002
TXN_53b2c0220b27,ACC_5aa6a98c481a,True,False,True,fraud_ring,RING_002
TXN_80937cb06d68,ACC_5aa6a98c481a,True,False,True,fraud_ring,RING_002
TXN_90acc64bfadf,ACC_5aa6a98c481a,True,False,True,fraud_ring,RING_002
TXN_e92fe6845f35,ACC_5aa6a98c481a,True,False,True,fraud_ring,RING_002
TXN_4471fab52218,ACC_5aa6a98c481a,True,False,True,fraud_ring,RING_002
TXN_c1c8c8605fda,ACC_5aa6a98c481a,True,False,True,fraud_ring,RING_002
TXN_b30dc0ec7f03,ACC_5aa6a98c481a,True,False,True,fraud_ring,RING_002
TXN_7cea02c0e19c,ACC_5aa6a98c481a,True,False,True,fraud_ring,RING_002
TXN_de4f0480210f,ACC_88d94210fa59,False,False,False,normal,
TXN_ad3d219adb27,ACC_88d94210fa59,False,False,False,normal,
TXN_d6e259fe0443,ACC_88d94210fa59,False,False,False,normal,
TXN_8c5d67acfd48,ACC_88d94210fa59,False,False,False,normal,
TXN_00bcaad815f5,ACC_88d94210fa59,False,False,False,normal,
TXN_17c1fad74d9f,ACC_88d94210fa59,False,False,False,normal,
TXN_5b21fbf4ddc9,ACC_88d94210fa59,False,False,False,normal,
TXN_b8a63b3739a7,ACC_88d94210fa59,False,False,False,normal,
TXN_2427200d7b91,ACC_88d94210fa59,False,False,False,normal,
TXN_002a22169057,ACC_88d94210fa59,False,False,False,normal,
TXN_1432a4745b58,ACC_cf75fc127e30,False,False,False,normal,
TXN_1c9f723a8828,ACC_cf75fc127e30,False,False,False,normal,
TXN_3538e202d235,ACC_cf75fc127e30,False,False,False,normal,
TXN_4e5cd7355f39,ACC_cf75fc127e30,False,False,False,normal,
TXN_89e99a3ec849,ACC_cf75fc127e30,False,False,False,normal,
TXN_1c73c44e9990,ACC_cf75fc127e30,False,False,False,normal,
TXN_6dc7d931c6fb,ACC_cf75fc127e30,False,False,False,normal,
TXN_69bc544099c3,ACC_cf75fc127e30,False,False,False,normal,
TXN_9117c38c2a25,ACC_cf75fc127e30,False,False,False,normal,
TXN_6bf765cf4a25,ACC_cf75fc127e30,False,False,False,normal,
TXN_f7933c62a9ff,ACC_61def162c39d,False,False,False,normal,
TXN_14ea789590de,ACC_61def162c39d,False,False,False,normal,
TXN_5b0a3d3a527f,ACC_61def162c39d,False,False,False,normal,
TXN_ce1a8ced2c13,ACC_61def162c39d,False,False,False,normal,
TXN_4d5cce9ede16,ACC_61def162c39d,False,False,False,normal,
TXN_b11a97c70aff,ACC_61def162c39d,False,False,False,normal,
TXN_ecf5cbe8ac74,ACC_61def162c39d,False,False,False,normal,
TXN_373b999837c7,ACC_61def162c39d,False,False,False,normal,
TXN_4e8795e49984,ACC_61def162c39d,False,False,False,normal,
TXN_c592f12eef4d,ACC_61def162c39d,False,False,False,normal,
TXN_5e6cfb5e2b30,ACC_b481f7970c13,False,False,False,normal,
TXN_89febd15298e,ACC_b481f7970c13,False,False,False,normal,
TXN_4d01df4b4461,ACC_b481f7970c13,False,False,False,normal,
TXN_ea704a593884,ACC_b481f7970c13,False,False,False,normal,
TXN_25a86b45aa3b,ACC_b481f7970c13,False,False,False,normal,
TXN_68aec1d01fcb,ACC_b481f7970c13,False,False,False,normal,
TXN_16dbfa3a0efe,ACC_b481f7970c13,False,False,False,normal,
TXN_8e129774bc75,ACC_b481f7970c13,False,False,False,normal,
TXN_78023040f95b,ACC_b481f7970c13,False,False,False,normal,
TXN_b4e0cbaf5d89,ACC_b481f7970c13,False,False,False,normal,
TXN_33be2b5fe6f2,ACC_31f7a41520d1,False,False,False,normal,
TXN_a45c22ac8630,ACC_31f7a41520d1,False,False,False,normal,
TXN_ee7c924e610e,ACC_31f7a41520d1,False,False,False,normal,
TXN_3e15f3199a6f,ACC_31f7a41520d1,False,False,False,normal,
TXN_ea5f68babe47,ACC_31f7a41520d1,False,False,False,normal,
TXN_b99653d739a1,ACC_31f7a41520d1,False,False,False,normal,
TXN_4610b76a74f7,ACC_31f7a41520d1,False,False,False,normal,
TXN_b2a80ae358e8,ACC_31f7a41520d1,False,False,False,normal,
TXN_bb749a797b3b,ACC_31f7a41520d1,False,False,False,normal,
TXN_3545db6117c6,ACC_31f7a41520d1,False,False,False,normal,
TXN_5e986e43c64f,ACC_1ef9dcc7d7ba,False,False,False,normal,
TXN_34192256f0d4,ACC_1ef9dcc7d7ba,False,False,False,normal,
TXN_6bdfe393f7be,ACC_1ef9dcc7d7ba,False,False,False,normal,
TXN_811082d408a1,ACC_1ef9dcc7d7ba,False,False,False,normal,
TXN_21a78193f4bf,ACC_1ef9dcc7d7ba,False,False,False,normal,
TXN_7ab3a7cdf226,ACC_1ef9dcc7d7ba,False,False,False,normal,
TXN_c63fd5fbc094,ACC_1ef9dcc7d7ba,False,False,False,normal,
TXN_33a6fbab2be5,ACC_1ef9dcc7d7ba,False,False,False,normal,
TXN_8aa0656767eb,ACC_1ef9dcc7d7ba,False,False,False,normal,
TXN_e2eb07dd161f,ACC_1ef9dcc7d7ba,False,False,False,normal,
TXN_3ed96cc7a686,ACC_a671bed62ca0,True,False,True,fraud_ring,RING_001
TXN_86bc25428752,ACC_a671bed62ca0,True,False,True,fraud_ring,RING_001
TXN_6618ca864ffc,ACC_a671bed62ca0,True,False,True,fraud_ring,RING_001
TXN_144faaba1a64,ACC_a671bed62ca0,True,False,True,fraud_ring,RING_001
TXN_61aa66c47f55,ACC_a671bed62ca0,True,False,True,fraud_ring,RING_001
TXN_cc3805c8fed1,ACC_a671bed62ca0,True,False,True,fraud_ring,RING_001
TXN_3e0f56d1a114,ACC_a671bed62ca0,True,False,True,fraud_ring,RING_001
TXN_4f68cc2dc208,ACC_a671bed62ca0,True,False,True,fraud_ring,RING_001
TXN_93c839cd9a0e,ACC_a671bed62ca0,True,False,True,fraud_ring,RING_001
TXN_f3ac8bb20fdf,ACC_a671bed62ca0,True,False,True,fraud_ring,RING_001
TXN_87aa9340b664,ACC_e7ab196fc9d9,False,False,False,normal,
TXN_357e25f6e1be,ACC_e7ab196fc9d9,False,False,False,normal,
TXN_01d5c225432a,ACC_e7ab196fc9d9,False,False,False,normal,
TXN_0a8e609e40a7,ACC_e7ab196fc9d9,False,False,False,normal,
TXN_3b495d3a3a13,ACC_e7ab196fc9d9,False,False,False,normal,
TXN_678f49089a48,ACC_e7ab196fc9d9,False,False,False,normal,
TXN_7c4ba81cf36c,ACC_e7ab196fc9d9,False,False,False,normal,
TXN_294cff5b97da,ACC_e7ab196fc9d9,False,False,False,normal,
TXN_09c07ced2aad,ACC_e7ab196fc9d9,False,False,False,normal,
TXN_984109c92e9b,ACC_e7ab196fc9d9,False,False,False,normal,
TXN_5d1162576da3,ACC_72624829f55e,False,False,False,normal,
TXN_128ba977ae1b,ACC_72624829f55e,False,False,False,normal,
TXN_469bf2f0c1c7,ACC_72624829f55e,False,False,False,normal,
TXN_77d94c60cd2a,ACC_72624829f55e,False,False,False,normal,
TXN_da66138e5baf,ACC_72624829f55e,False,False,False,normal,
TXN_f130b98b7301,ACC_72624829f55e,False,False,False,normal,
TXN_a23a89f07cfe,ACC_72624829f55e,False,False,False,normal,
TXN_5f71830fb63a,ACC_72624829f55e,False,False,False,normal,
TXN_d3a6171f294b,ACC_72624829f55e,False,False,False,normal,
TXN_3bf91cc7ea21,ACC_72624829f55e,False,False,False,normal,
TXN_80633521bb40,ACC_8f7bce1d7c46,False,False,False,normal,
TXN_784f3491aa48,ACC_8f7bce1d7c46,False,False,False,normal,
TXN_63ef116f3a5f,ACC_8f7bce1d7c46,False,False,False,normal,
TXN_f7a8c472f9a7,ACC_8f7bce1d7c46,False,False,False,normal,
TXN_e9aebecea50b,ACC_8f7bce1d7c46,False,False,False,normal,
TXN_0f9f342d8292,ACC_8f7bce1d7c46,False,False,False,normal,
TXN_6a6329a0765b,ACC_8f7bce1d7c46,False,False,False,normal,
TXN_44c4d1892460,ACC_8f7bce1d7c46,False,False,False,normal,
TXN_d5df38a79c4b,ACC_8f7bce1d7c46,False,False,False,normal,
TXN_9d91d6b26d67,ACC_8f7bce1d7c46,False,False,False,normal,
TXN_806d3fdc38a5,ACC_e46dd0f7e20f,False,False,False,normal,
TXN_d807a5f97231,ACC_e46dd0f7e20f,False,False,False,normal,
TXN_0f6e4df1c800,ACC_e46dd0f7e20f,False,False,False,normal,
TXN_facabc4ac39c,ACC_e46dd0f7e20f,False,False,False,normal,
TXN_05aec4cbd52e,ACC_e46dd0f7e20f,False,False,False,normal,
TXN_8c5c4839c975,ACC_e46dd0f7e20f,False,False,False,normal,
TXN_f1e60f48b98a,ACC_e46dd0f7e20f,False,False,False,normal,
TXN_a4fab9c59dda,ACC_e46dd0f7e20f,False,False,False,normal,
TXN_147050c34627,ACC_e46dd0f7e20f,False,False,False,normal,
TXN_49c7471f40b6,ACC_e46dd0f7e20f,False,False,False,normal,
TXN_c306fdaf9830,ACC_1673de95c0ef,False,False,False,normal,
TXN_5979103ba5b6,ACC_1673de95c0ef,False,False,False,normal,
TXN_28bfbe453e43,ACC_1673de95c0ef,False,False,False,normal,
TXN_b5e52c5ace56,ACC_1673de95c0ef,False,False,False,normal,
TXN_4b819cb5ee27,ACC_1673de95c0ef,False,False,False,normal,
TXN_ae9cc89989bd,ACC_1673de95c0ef,False,False,False,normal,
TXN_a3fe879c5f9d,ACC_1673de95c0ef,False,False,False,normal,
TXN_91dac2661347,ACC_1673de95c0ef,False,False,False,normal,
TXN_8bcb96f14b1f,ACC_1673de95c0ef,False,False,False,normal,
TXN_2f8b68072e2e,ACC_1673de95c0ef,False,False,False,normal,
TXN_568473efd45e,ACC_3eadd341ae19,False,False,False,normal,
TXN_7fe15906bcb8,ACC_3eadd341ae19,False,False,False,normal,
TXN_faa72ff44258,ACC_3eadd341ae19,False,False,False,normal,
TXN_df1e29850541,ACC_3eadd341ae19,False,False,False,normal,
TXN_732146d64bf1,ACC_3eadd341ae19,False,False,False,normal,
TXN_f7587a87c0c9,ACC_3eadd341ae19,False,False,False,normal,
TXN_f5f554c9a26f,ACC_3eadd341ae19,False,False,False,normal,
TXN_b3ad6f0e5dfb,ACC_3eadd341ae19,False,False,False,normal,
TXN_e2ea8fcb5e30,ACC_3eadd341ae19,False,False,False,normal,
TXN_27452efd4199,ACC_3eadd341ae19,False,False,False,normal,
TXN_d16c4c262e6d,ACC_37e2c1278db0,True,False,True,fraud_ring,RING_010
TXN_6cde794adaf1,ACC_37e2c1278db0,True,False,True,fraud_ring,RING_010
TXN_bbe8c5527e61,ACC_37e2c1278db0,True,False,True,fraud_ring,RING_010
TXN_1bf850bdbcf6,ACC_37e2c1278db0,True,False,True,fraud_ring,RING_010
TXN_76908bfd9198,ACC_37e2c1278db0,True,False,True,fraud_ring,RING_010
TXN_99b56fe2aa58,ACC_37e2c1278db0,True,False,True,fraud_ring,RING_010
TXN_17fc2dadbb6e,ACC_37e2c1278db0,True,False,True,fraud_ring,RING_010
TXN_d76e82bf5676,ACC_37e2c1278db0,True,False,True,fraud_ring,RING_010
TXN_3ef13d37f083,ACC_37e2c1278db0,True,False,True,fraud_ring,RING_010
TXN_bf4d67a0b1f2,ACC_37e2c1278db0,True,False,True,fraud_ring,RING_010
TXN_0ceefff3768b,ACC_b28fe76a1e63,False,False,False,normal,
TXN_9748a5f8ca75,ACC_b28fe76a1e63,False,False,False,normal,
TXN_8ab4688be5c3,ACC_b28fe76a1e63,False,False,False,normal,
TXN_2005b5c57cbb,ACC_b28fe76a1e63,False,False,False,normal,
TXN_b76eb527db0b,ACC_b28fe76a1e63,False,False,False,normal,
TXN_e01edba82da7,ACC_b28fe76a1e63,False,False,False,normal,
TXN_7033cf74a404,ACC_b28fe76a1e63,False,False,False,normal,
TXN_7bcc664b83b2,ACC_b28fe76a1e63,False,False,False,normal,
TXN_8f1cff1f952d,ACC_b28fe76a1e63,False,False,False,normal,
TXN_01bd81b7cc44,ACC_b28fe76a1e63,False,False,False,normal,
TXN_0514319852dc,ACC_81bfa82ba73c,False,False,False,normal,
TXN_0452a83f3028,ACC_81bfa82ba73c,False,False,False,normal,
TXN_aee0e07a1eaf,ACC_81bfa82ba73c,False,False,False,normal,
TXN_9d3fbd0ae041,ACC_81bfa82ba73c,False,False,False,normal,
TXN_ab340a93cf1c,ACC_81bfa82ba73c,False,False,False,normal,
TXN_b25986fc3ec6,ACC_81bfa82ba73c,False,False,False,normal,
TXN_d7ca33acfd14,ACC_81bfa82ba73c,False,False,False,normal,
TXN_b81d2e39a9e4,ACC_81bfa82ba73c,False,False,False,normal,
TXN_a38e659b061a,ACC_81bfa82ba73c,False,False,False,normal,
TXN_005c79e43ce3,ACC_81bfa82ba73c,False,False,False,normal,
TXN_826b9a4821d4,ACC_0b341d2ec660,False,False,False,normal,
TXN_8481f68865f8,ACC_0b341d2ec660,False,False,False,normal,
TXN_b0a27f6fb918,ACC_0b341d2ec660,False,False,False,normal,
TXN_eb631f4b2a9f,ACC_0b341d2ec660,False,False,False,normal,
TXN_58337c4b1d5d,ACC_0b341d2ec660,False,False,False,normal,
TXN_326d86e515c7,ACC_0b341d2ec660,False,False,False,normal,
TXN_a55a03066085,ACC_0b341d2ec660,False,False,False,normal,
TXN_a27b928b836d,ACC_0b341d2ec660,False,False,False,normal,
TXN_ca169a7cd0dc,ACC_0b341d2ec660,False,False,False,normal,
TXN_48e9dab15540,ACC_0b341d2ec660,False,False,False,normal,
TXN_a50874c04c9b,ACC_4954ad3e55e9,True,False,True,fraud_ring,RING_007
TXN_7b4de03e3d88,ACC_4954ad3e55e9,True,False,True,fraud_ring,RING_007
TXN_7e0bb268cefe,ACC_4954ad3e55e9,True,False,True,fraud_ring,RING_007
TXN_dc9fbbf966d1,ACC_4954ad3e55e9,True,False,True,fraud_ring,RING_007
TXN_c4b7994f0143,ACC_4954ad3e55e9,True,False,True,fraud_ring,RING_007
TXN_d7b9d93583de,ACC_4954ad3e55e9,True,False,True,fraud_ring,RING_007
TXN_581e7133c500,ACC_4954ad3e55e9,True,False,True,fraud_ring,RING_007
TXN_4bb7a27125fd,ACC_4954ad3e55e9,True,False,True,fraud_ring,RING_007
TXN_d0c120191b87,ACC_4954ad3e55e9,True,False,True,fraud_ring,RING_007
TXN_52cd01667031,ACC_4954ad3e55e9,True,False,True,fraud_ring,RING_007
TXN_72f55bc67b63,ACC_5c8c289a313e,False,False,False,normal,
TXN_03497d8d09ef,ACC_5c8c289a313e,False,False,False,normal,
TXN_63bac222277e,ACC_5c8c289a313e,False,False,False,normal,
TXN_be0356df8781,ACC_5c8c289a313e,False,False,False,normal,
TXN_c96cce68e36d,ACC_5c8c289a313e,False,False,False,normal,
TXN_cb25f14c0b7d,ACC_5c8c289a313e,False,False,False,normal,
TXN_e9b626385b93,ACC_5c8c289a313e,False,False,False,normal,
TXN_8e4f05dcf4c8,ACC_5c8c289a313e,False,False,False,normal,
TXN_cf03b130b813,ACC_5c8c289a313e,False,False,False,normal,
TXN_1a2a9c18e1f7,ACC_5c8c289a313e,False,False,False,normal,
TXN_1bfd696a1823,ACC_d880e68b54f0,False,False,False,normal,
TXN_6d0420db2eab,ACC_d880e68b54f0,False,False,False,normal,
TXN_aaa94ace2628,ACC_d880e68b54f0,False,False,False,normal,
TXN_7c4418efd50e,ACC_d880e68b54f0,False,False,False,normal,
TXN_ce30c28b9f15,ACC_d880e68b54f0,False,False,False,normal,
TXN_9c7c2740a294,ACC_d880e68b54f0,False,False,False,normal,
TXN_05ed4b3fe7b9,ACC_d880e68b54f0,False,False,False,normal,
TXN_5498cecd6e4d,ACC_d880e68b54f0,False,False,False,normal,
TXN_90a3b6fbc290,ACC_d880e68b54f0,False,False,False,normal,
TXN_dcf9a1be49af,ACC_d880e68b54f0,False,False,False,normal,
TXN_2ad4ffb5361b,ACC_67f6488e4612,False,False,False,normal,
TXN_d98bd7c422ee,ACC_67f6488e4612,False,False,False,normal,
TXN_79e10c1bfa24,ACC_67f6488e4612,False,False,False,normal,
TXN_4d6edc602e2c,ACC_67f6488e4612,False,False,False,normal,
TXN_9cba9061a6a2,ACC_67f6488e4612,False,False,False,normal,
TXN_194e9c62971e,ACC_67f6488e4612,False,False,False,normal,
TXN_d05cda59eab6,ACC_67f6488e4612,False,False,False,normal,
TXN_4ecbb3c7c414,ACC_67f6488e4612,False,False,False,normal,
TXN_8f9cdf550e85,ACC_67f6488e4612,False,False,False,normal,
TXN_faa7dde4a1d1,ACC_67f6488e4612,False,False,False,normal,
TXN_7618375ed28b,ACC_2f55afa0efb0,True,False,True,fraud_ring,RING_001
TXN_182e9902c337,ACC_2f55afa0efb0,True,False,True,fraud_ring,RING_001
TXN_23cf693edbe6,ACC_2f55afa0efb0,True,False,True,fraud_ring,RING_001
TXN_0e59a6f6e5c2,ACC_2f55afa0efb0,True,False,True,fraud_ring,RING_001
TXN_54c09ab8847c,ACC_2f55afa0efb0,True,False,True,fraud_ring,RING_001
TXN_fa56fed50772,ACC_2f55afa0efb0,True,False,True,fraud_ring,RING_001
TXN_ea2bb1c9bdee,ACC_2f55afa0efb0,True,False,True,fraud_ring,RING_001
TXN_e980935b628e,ACC_2f55afa0efb0,True,False,True,fraud_ring,RING_001
TXN_390faef5038d,ACC_2f55afa0efb0,True,False,True,fraud_ring,RING_001
TXN_99d9bed48431,ACC_2f55afa0efb0,True,False,True,fraud_ring,RING_001
TXN_3be611324e8a,ACC_8403cddf06e3,False,False,False,normal,
TXN_c2e433effae5,ACC_8403cddf06e3,False,False,False,normal,
TXN_c42b75f0e82e,ACC_8403cddf06e3,False,False,False,normal,
TXN_4aeaf1b72544,ACC_8403cddf06e3,False,False,False,normal,
TXN_34a723ff10ef,ACC_8403cddf06e3,False,False,False,normal,
TXN_cb08935980b0,ACC_8403cddf06e3,False,False,False,normal,
TXN_757826ffeaf7,ACC_8403cddf06e3,False,False,False,normal,
TXN_61e223678aad,ACC_8403cddf06e3,False,False,False,normal,
TXN_bf5467a214fe,ACC_8403cddf06e3,False,False,False,normal,
TXN_9f6fe40fc54b,ACC_8403cddf06e3,False,False,False,normal,
TXN_93abcb2f3d60,ACC_f77ceeb3abe0,False,False,False,normal,
TXN_917b21ad7213,ACC_f77ceeb3abe0,False,False,False,normal,
TXN_105fe7521017,ACC_f77ceeb3abe0,False,False,False,normal,
TXN_d193cbfaf7ae,ACC_f77ceeb3abe0,False,False,False,normal,
TXN_9e15055e46dc,ACC_f77ceeb3abe0,False,False,False,normal,
TXN_3c78606ffb80,ACC_f77ceeb3abe0,False,False,False,normal,
TXN_0e0d4fbf427f,ACC_f77ceeb3abe0,False,False,False,normal,
TXN_eddd6096e448,ACC_f77ceeb3abe0,False,False,False,normal,
TXN_a038242cc71c,ACC_f77ceeb3abe0,False,False,False,normal,
TXN_12c2f8f80948,ACC_f77ceeb3abe0,False,False,False,normal,
TXN_849db3c871d8,ACC_50ee8b51f7d5,False,False,False,normal,
TXN_b765a2278a6c,ACC_50ee8b51f7d5,False,False,False,normal,
TXN_4ae78832f5f4,ACC_50ee8b51f7d5,False,False,False,normal,
TXN_5586a25f97aa,ACC_50ee8b51f7d5,False,False,False,normal,
TXN_cba8f35985d6,ACC_50ee8b51f7d5,False,False,False,normal,
TXN_f766346ad9c0,ACC_50ee8b51f7d5,False,False,False,normal,
TXN_0c07fb7b4726,ACC_50ee8b51f7d5,False,False,False,normal,
TXN_87162fd2360d,ACC_50ee8b51f7d5,False,False,False,normal,
TXN_806a65717ce2,ACC_50ee8b51f7d5,False,False,False,normal,
TXN_90116a1279b7,ACC_50ee8b51f7d5,False,False,False,normal,
TXN_9b4b5edcb05a,ACC_95272de50c34,False,False,False,normal,
TXN_d847ce872e59,ACC_95272de50c34,False,False,False,normal,
TXN_8f3b0f036691,ACC_95272de50c34,False,False,False,normal,
TXN_5ad2a8d4fc50,ACC_95272de50c34,False,False,False,normal,
TXN_7a499c75723c,ACC_95272de50c34,False,False,False,normal,
TXN_b8b589d48bfa,ACC_95272de50c34,False,False,False,normal,
TXN_04488373d0b0,ACC_95272de50c34,False,False,False,normal,
TXN_2dc9cf8eaa56,ACC_95272de50c34,False,False,False,normal,
TXN_2d36f78c2433,ACC_95272de50c34,False,False,False,normal,
TXN_7f5d8ba479dd,ACC_95272de50c34,False,False,False,normal,
TXN_eedbe3d83356,ACC_1ddc6fe649dd,False,False,False,normal,
TXN_b7cf59f5b3a6,ACC_1ddc6fe649dd,False,False,False,normal,
TXN_b67ea9745ca4,ACC_1ddc6fe649dd,False,False,False,normal,
TXN_e1a40ea07e64,ACC_1ddc6fe649dd,False,False,False,normal,
TXN_130525b8d15c,ACC_1ddc6fe649dd,False,False,False,normal,
TXN_fff2758c3da5,ACC_1ddc6fe649dd,False,False,False,normal,
TXN_7fd4f8d70578,ACC_1ddc6fe649dd,False,False,False,normal,
TXN_83f530ee07c9,ACC_1ddc6fe649dd,False,False,False,normal,
TXN_317a695f23e5,ACC_1ddc6fe649dd,False,False,False,normal,
TXN_cd858338fb8d,ACC_1ddc6fe649dd,False,False,False,normal,
TXN_9b61fefe9dbd,ACC_b06366566dfb,False,False,False,normal,
TXN_279eb0db8573,ACC_b06366566dfb,False,False,False,normal,
TXN_d4b2a2282d3e,ACC_b06366566dfb,False,False,False,normal,
TXN_7a2be8a52056,ACC_b06366566dfb,False,False,False,normal,
TXN_8be8d988bea3,ACC_b06366566dfb,False,False,False,normal,
TXN_4731cc14ea12,ACC_b06366566dfb,False,False,False,normal,
TXN_8517a22f6c2d,ACC_b06366566dfb,False,False,False,normal,
TXN_454bdc1dc9b1,ACC_b06366566dfb,False,False,False,normal,
TXN_bc174251177e,ACC_b06366566dfb,False,False,False,normal,
TXN_5742581de179,ACC_b06366566dfb,False,False,False,normal,
TXN_42ef062daa27,ACC_6137d15afa4c,False,False,False,normal,
TXN_86781d512761,ACC_6137d15afa4c,False,False,False,normal,
TXN_0fe8707cab5e,ACC_6137d15afa4c,False,False,False,normal,
TXN_7f68928af072,ACC_6137d15afa4c,False,False,False,normal,
TXN_ee5e3b181921,ACC_6137d15afa4c,False,False,False,normal,
TXN_65c2dfbc3088,ACC_6137d15afa4c,False,False,False,normal,
TXN_06e50ea16fc1,ACC_6137d15afa4c,False,False,False,normal,
TXN_d5089f10fbce,ACC_6137d15afa4c,False,False,False,normal,
TXN_2e3f0b16b863,ACC_6137d15afa4c,False,False,False,normal,
TXN_6c261f372845,ACC_6137d15afa4c,False,False,False,normal,
TXN_b2a68c5b08b0,ACC_81e140cbd441,False,False,False,normal,
TXN_66b0a2bd0906,ACC_81e140cbd441,False,False,False,normal,
TXN_32c81f538715,ACC_81e140cbd441,False,False,False,normal,
TXN_b6ed87b8b6c8,ACC_81e140cbd441,False,False,False,normal,
TXN_e8c4eece4f42,ACC_81e140cbd441,False,False,False,normal,
TXN_d469abbe63be,ACC_81e140cbd441,False,False,False,normal,
TXN_fdc4d473f15e,ACC_81e140cbd441,False,False,False,normal,
TXN_76805f0b476a,ACC_81e140cbd441,False,False,False,normal,
TXN_b25a91f386e6,ACC_81e140cbd441,False,False,False,normal,
TXN_b2d0ca2222ec,ACC_81e140cbd441,False,False,False,normal,
TXN_79d76bd0c5d3,ACC_3c116eec6bef,False,False,False,normal,
TXN_ed839f328849,ACC_3c116eec6bef,False,False,False,normal,
TXN_709a4b038afb,ACC_3c116eec6bef,False,False,False,normal,
TXN_d59c571a8596,ACC_3c116eec6bef,False,False,False,normal,
TXN_59c0facd429e,ACC_3c116eec6bef,False,False,False,normal,
TXN_6d439b7cfe1d,ACC_3c116eec6bef,False,False,False,normal,
TXN_0443f3cc22cd,ACC_3c116eec6bef,False,False,False,normal,
TXN_c05a4af26b93,ACC_3c116eec6bef,False,False,False,normal,
TXN_c3ca397a37de,ACC_3c116eec6bef,False,False,False,normal,
TXN_4a777853283c,ACC_3c116eec6bef,False,False,False,normal,
TXN_83ca7b74ff13,ACC_edb28b2c535b,False,False,False,normal,
TXN_e677ff2d0038,ACC_edb28b2c535b,False,False,False,normal,
TXN_b1f7b66c5d9e,ACC_edb28b2c535b,False,False,False,normal,
TXN_e8094ecaa39e,ACC_edb28b2c535b,False,False,False,normal,
TXN_1cab09d562d3,ACC_edb28b2c535b,False,False,False,normal,
TXN_3c11f8a04b35,ACC_edb28b2c535b,False,False,False,normal,
TXN_010a432317c1,ACC_edb28b2c535b,False,False,False,normal,
TXN_90083b30bc09,ACC_edb28b2c535b,False,False,False,normal,
TXN_a8154e3e62ca,ACC_edb28b2c535b,False,False,False,normal,
TXN_b22d77df6754,ACC_edb28b2c535b,False,False,False,normal,
TXN_ffb442728dbf,ACC_9a5f4b910dc1,False,False,False,normal,
TXN_b29978546ea6,ACC_9a5f4b910dc1,False,False,False,normal,
TXN_d33b3d837359,ACC_9a5f4b910dc1,False,False,False,normal,
TXN_dbf19306186c,ACC_9a5f4b910dc1,False,False,False,normal,
TXN_52250f9fb655,ACC_9a5f4b910dc1,False,False,False,normal,
TXN_be91a2cb96cb,ACC_9a5f4b910dc1,False,False,False,normal,
TXN_879a3669cd87,ACC_9a5f4b910dc1,False,False,False,normal,
TXN_eab93e6efb32,ACC_9a5f4b910dc1,False,False,False,normal,
TXN_f33183d83234,ACC_9a5f4b910dc1,False,False,False,normal,
TXN_891279a177a8,ACC_9a5f4b910dc1,False,False,False,normal,
TXN_fcd0c447d29d,ACC_6fa9ef294fcf,False,False,False,normal,
TXN_a7998f5a66fd,ACC_6fa9ef294fcf,False,False,False,normal,
TXN_c19124480822,ACC_6fa9ef294fcf,False,False,False,normal,
TXN_9bffe579d195,ACC_6fa9ef294fcf,False,False,False,normal,
TXN_d61de7c60386,ACC_6fa9ef294fcf,False,False,False,normal,
TXN_2b0817fdef69,ACC_6fa9ef294fcf,False,False,False,normal,
TXN_3a18c990582e,ACC_6fa9ef294fcf,False,False,False,normal,
TXN_9a71ed7e4d8c,ACC_6fa9ef294fcf,False,False,False,normal,
TXN_3cd21a56c5f4,ACC_6fa9ef294fcf,False,False,False,normal,
TXN_946790083aaa,ACC_6fa9ef294fcf,False,False,False,normal,
TXN_871fc92c1c51,ACC_9367674d840f,False,False,False,normal,
TXN_c70f065c0bf4,ACC_9367674d840f,False,False,False,normal,
TXN_38188180c3da,ACC_9367674d840f,False,False,False,normal,
TXN_120f583700da,ACC_9367674d840f,False,False,False,normal,
TXN_c254a5a9f512,ACC_9367674d840f,False,False,False,normal,
TXN_f5ed14be5a7d,ACC_9367674d840f,False,False,False,normal,
TXN_2a3d99a2ce58,ACC_9367674d840f,False,False,False,normal,
TXN_7ea34f7a8bd1,ACC_9367674d840f,False,False,False,normal,
TXN_d7bad08a35f3,ACC_9367674d840f,False,False,False,normal,
TXN_c134849f2f95,ACC_9367674d840f,False,False,False,normal,
TXN_95ce8c550b2a,ACC_1e89dabde6f5,False,False,False,normal,
TXN_d4cff47b389d,ACC_1e89dabde6f5,False,False,False,normal,
TXN_d31cb1e460da,ACC_1e89dabde6f5,False,False,False,normal,
TXN_de752f006b38,ACC_1e89dabde6f5,False,False,False,normal,
TXN_567cf72acedb,ACC_1e89dabde6f5,False,False,False,normal,
TXN_8889edd706f7,ACC_1e89dabde6f5,False,False,False,normal,
TXN_e144602039b8,ACC_1e89dabde6f5,False,False,False,normal,
TXN_9cbe113eff35,ACC_1e89dabde6f5,False,False,False,normal,
TXN_065d18807e22,ACC_1e89dabde6f5,False,False,False,normal,
TXN_26270ab85da6,ACC_1e89dabde6f5,False,False,False,normal,
TXN_4b8612747f02,ACC_77e2c8321382,False,False,False,normal,
TXN_a22c7fdafab2,ACC_77e2c8321382,False,False,False,normal,
TXN_380e6e80ecd0,ACC_77e2c8321382,False,False,False,normal,
TXN_2a575368a3d7,ACC_77e2c8321382,False,False,False,normal,
TXN_ed1f58ca1e0e,ACC_77e2c8321382,False,False,False,normal,
TXN_1496248474b7,ACC_77e2c8321382,False,False,False,normal,
TXN_8786a6375415,ACC_77e2c8321382,False,False,False,normal,
TXN_75b737b4f5ae,ACC_77e2c8321382,False,False,False,normal,
TXN_c5c951d9df52,ACC_77e2c8321382,False,False,False,normal,
TXN_2b48c2794193,ACC_77e2c8321382,False,False,False,normal,
TXN_d627d4f73678,ACC_34ceef157050,False,False,False,normal,
TXN_ca41ac270c0c,ACC_34ceef157050,False,False,False,normal,
TXN_10fc218d2ec8,ACC_34ceef157050,False,False,False,normal,
TXN_abfbaeed4501,ACC_34ceef157050,False,False,False,normal,
TXN_1a3dd0f5ae1a,ACC_34ceef157050,False,False,False,normal,
TXN_032191d6f4d4,ACC_34ceef157050,False,False,False,normal,
TXN_dbfb3af05cea,ACC_34ceef157050,False,False,False,normal,
TXN_c8a67a9e1281,ACC_34ceef157050,False,False,False,normal,
TXN_976a7be26a02,ACC_34ceef157050,False,False,False,normal,
TXN_3655fa8928ab,ACC_34ceef157050,False,False,False,normal,
TXN_7fedfbb7aad8,ACC_ee47dba87177,False,False,False,normal,
TXN_73452217b4c7,ACC_ee47dba87177,False,False,False,normal,
TXN_516e8faab526,ACC_ee47dba87177,False,False,False,normal,
TXN_8e88165b1956,ACC_ee47dba87177,False,False,False,normal,
TXN_c24e7df284d8,ACC_ee47dba87177,False,False,False,normal,
TXN_e445d72be7ba,ACC_ee47dba87177,False,False,False,normal,
TXN_a83cf5f14ec5,ACC_ee47dba87177,False,False,False,normal,
TXN_df2507c83ebd,ACC_ee47dba87177,False,False,False,normal,
TXN_8a8752cd4e93,ACC_ee47dba87177,False,False,False,normal,
TXN_19e0e255ece5,ACC_ee47dba87177,False,False,False,normal,
TXN_bb3bd16afc3b,ACC_16e1e8e8062a,False,False,False,normal,
TXN_a530065ca34d,ACC_16e1e8e8062a,False,False,False,normal,
TXN_d3d52896ebaa,ACC_16e1e8e8062a,False,False,False,normal,
TXN_e408300f6ae0,ACC_16e1e8e8062a,False,False,False,normal,
TXN_5c74fc5fb6cb,ACC_16e1e8e8062a,False,False,False,normal,
TXN_479b0fb39c8f,ACC_16e1e8e8062a,False,False,False,normal,
TXN_4a151784102f,ACC_16e1e8e8062a,False,False,False,normal,
TXN_b094cd68ff74,ACC_16e1e8e8062a,False,False,False,normal,
TXN_4cc78574b5a1,ACC_16e1e8e8062a,False,False,False,normal,
TXN_6e69ee830a3f,ACC_16e1e8e8062a,False,False,False,normal,
TXN_3cb498352cb3,ACC_fc344ea155bd,False,True,True,behavioral_anomaly,
TXN_f4fb130d4b1c,ACC_fc344ea155bd,False,True,True,behavioral_anomaly,
TXN_3b27d650ec00,ACC_fc344ea155bd,False,True,True,behavioral_anomaly,
TXN_f0726f1de64d,ACC_fc344ea155bd,False,True,True,behavioral_anomaly,
TXN_506043195c40,ACC_fc344ea155bd,False,True,True,behavioral_anomaly,
TXN_54ac615aab08,ACC_fc344ea155bd,False,True,True,behavioral_anomaly,
TXN_f9f2710f79c0,ACC_fc344ea155bd,False,True,True,behavioral_anomaly,
TXN_b9e80c85cf50,ACC_fc344ea155bd,False,True,True,behavioral_anomaly,
TXN_f460a8dfcf01,ACC_fc344ea155bd,False,True,True,behavioral_anomaly,
TXN_1f0f14f5e5c3,ACC_fc344ea155bd,False,True,True,behavioral_anomaly,
TXN_7a6a6249da69,ACC_0cfc018fda69,True,False,True,fraud_ring,RING_006
TXN_dd79ccd8ffc2,ACC_0cfc018fda69,True,False,True,fraud_ring,RING_006
TXN_fb776f238dc5,ACC_0cfc018fda69,True,False,True,fraud_ring,RING_006
TXN_d997df5aa39e,ACC_0cfc018fda69,True,False,True,fraud_ring,RING_006
TXN_584c955047e4,ACC_0cfc018fda69,True,False,True,fraud_ring,RING_006
TXN_e41153b8f040,ACC_0cfc018fda69,True,False,True,fraud_ring,RING_006
TXN_400e4bf690ba,ACC_0cfc018fda69,True,False,True,fraud_ring,RING_006
TXN_9d4e82bf7d50,ACC_0cfc018fda69,True,False,True,fraud_ring,RING_006
TXN_e61f1ede22df,ACC_0cfc018fda69,True,False,True,fraud_ring,RING_006
TXN_ec6181e1969b,ACC_0cfc018fda69,True,False,True,fraud_ring,RING_006
TXN_e57a167806d0,ACC_dceb04133aa6,True,False,True,fraud_ring,RING_009
TXN_cec41e0a98f6,ACC_dceb04133aa6,True,False,True,fraud_ring,RING_009
TXN_6a546e8bdfb3,ACC_dceb04133aa6,True,False,True,fraud_ring,RING_009
TXN_93fb74e9f50f,ACC_dceb04133aa6,True,False,True,fraud_ring,RING_009
TXN_8cb9624cf83a,ACC_dceb04133aa6,True,False,True,fraud_ring,RING_009
TXN_452e9c8a3877,ACC_dceb04133aa6,True,False,True,fraud_ring,RING_009
TXN_c8e18b93d426,ACC_dceb04133aa6,True,False,True,fraud_ring,RING_009
TXN_7fd87bb9a459,ACC_dceb04133aa6,True,False,True,fraud_ring,RING_009
TXN_0724edd658bc,ACC_dceb04133aa6,True,False,True,fraud_ring,RING_009
TXN_3e580ba3a363,ACC_dceb04133aa6,True,False,True,fraud_ring,RING_009
TXN_83d3e6b39038,ACC_f43d430a2265,False,False,False,normal,
TXN_3631ed27a770,ACC_f43d430a2265,False,False,False,normal,
TXN_87ea181cbb65,ACC_f43d430a2265,False,False,False,normal,
TXN_6ecf64469980,ACC_f43d430a2265,False,False,False,normal,
TXN_9db7eca24261,ACC_f43d430a2265,False,False,False,normal,
TXN_9c5f750c5004,ACC_f43d430a2265,False,False,False,normal,
TXN_749bdb5585f6,ACC_f43d430a2265,False,False,False,normal,
TXN_5d301762ca2e,ACC_f43d430a2265,False,False,False,normal,
TXN_d4217149a27d,ACC_f43d430a2265,False,False,False,normal,
TXN_a7b20ca84ede,ACC_f43d430a2265,False,False,False,normal,
TXN_0e024177584d,ACC_ca164b3967bb,False,False,False,normal,
TXN_074a382a6ae6,ACC_ca164b3967bb,False,False,False,normal,
TXN_a464ba700e9e,ACC_ca164b3967bb,False,False,False,normal,
TXN_af1cafa3509a,ACC_ca164b3967bb,False,False,False,normal,
TXN_7d2091714819,ACC_ca164b3967bb,False,False,False,normal,
TXN_eded0c2ebd0e,ACC_ca164b3967bb,False,False,False,normal,
TXN_08432b563575,ACC_ca164b3967bb,False,False,False,normal,
TXN_07ca6b2e25e8,ACC_ca164b3967bb,False,False,False,normal,
TXN_0114a37bd8df,ACC_ca164b3967bb,False,False,False,normal,
TXN_237a6418d977,ACC_ca164b3967bb,False,False,False,normal,
TXN_937ca1224ec9,ACC_4e3f743caded,False,False,False,normal,
TXN_82b692f08790,ACC_4e3f743caded,False,False,False,normal,
TXN_c72a8bd8e517,ACC_4e3f743caded,False,False,False,normal,
TXN_f1768d65d39d,ACC_4e3f743caded,False,False,False,normal,
TXN_a69f6eafcc22,ACC_4e3f743caded,False,False,False,normal,
TXN_4be6e21da180,ACC_4e3f743caded,False,False,False,normal,
TXN_944e87edea67,ACC_4e3f743caded,False,False,False,normal,
TXN_b3bf66083fe7,ACC_4e3f743caded,False,False,False,normal,
TXN_1ba57b5b79b3,ACC_4e3f743caded,False,False,False,normal,
TXN_356775d76686,ACC_4e3f743caded,False,False,False,normal,
TXN_0294df2a619d,ACC_8dd369d073d0,False,False,False,normal,
TXN_cf08bf1f53d2,ACC_8dd369d073d0,False,False,False,normal,
TXN_63bdaa20130e,ACC_8dd369d073d0,False,False,False,normal,
TXN_7d7c46908dd8,ACC_8dd369d073d0,False,False,False,normal,
TXN_385535c403bd,ACC_8dd369d073d0,False,False,False,normal,
TXN_d249ed5d8dae,ACC_8dd369d073d0,False,False,False,normal,
TXN_af812ce0c087,ACC_8dd369d073d0,False,False,False,normal,
TXN_3655154ac5b8,ACC_8dd369d073d0,False,False,False,normal,
TXN_db4a0bc974db,ACC_8dd369d073d0,False,False,False,normal,
TXN_002ebdbed4b0,ACC_8dd369d073d0,False,False,False,normal,
TXN_05cddb88425c,ACC_7df8e26cabad,True,False,True,fraud_ring,RING_002
TXN_27ea70fc4845,ACC_7df8e26cabad,True,False,True,fraud_ring,RING_002
TXN_0fd54e397ae1,ACC_7df8e26cabad,True,False,True,fraud_ring,RING_002
TXN_c5a10d16baf5,ACC_7df8e26cabad,True,False,True,fraud_ring,RING_002
TXN_8857d937e981,ACC_7df8e26cabad,True,False,True,fraud_ring,RING_002
TXN_0df45746ab34,ACC_7df8e26cabad,True,False,True,fraud_ring,RING_002
TXN_8152040b6b96,ACC_7df8e26cabad,True,False,True,fraud_ring,RING_002
TXN_ec0996f70cef,ACC_7df8e26cabad,True,False,True,fraud_ring,RING_002
TXN_784c2b81e89e,ACC_7df8e26cabad,True,False,True,fraud_ring,RING_002
TXN_687045bda981,ACC_7df8e26cabad,True,False,True,fraud_ring,RING_002
TXN_63cc0104442d,ACC_0620b570317c,False,False,False,normal,
TXN_5ce3d2d7e309,ACC_0620b570317c,False,False,False,normal,
TXN_67cc5cd5c438,ACC_0620b570317c,False,False,False,normal,
TXN_feae91e9abf0,ACC_0620b570317c,False,False,False,normal,
TXN_b25b43ca5d32,ACC_0620b570317c,False,False,False,normal,
TXN_f6dedaf43a30,ACC_0620b570317c,False,False,False,normal,
TXN_32fa05882263,ACC_0620b570317c,False,False,False,normal,
TXN_e817de3f5f8b,ACC_0620b570317c,False,False,False,normal,
TXN_8ae86ee8fef6,ACC_0620b570317c,False,False,False,normal,
TXN_ba289e101b6a,ACC_0620b570317c,False,False,False,normal,
TXN_c58b16823326,ACC_9a7eb07cc607,True,False,True,fraud_ring,RING_003
TXN_06491184de64,ACC_9a7eb07cc607,True,False,True,fraud_ring,RING_003
TXN_f17ab20ca8ec,ACC_9a7eb07cc607,True,False,True,fraud_ring,RING_003
TXN_f26b18425097,ACC_9a7eb07cc607,True,False,True,fraud_ring,RING_003
TXN_d575db2cca66,ACC_9a7eb07cc607,True,False,True,fraud_ring,RING_003
TXN_e7ae4a849582,ACC_9a7eb07cc607,True,False,True,fraud_ring,RING_003
TXN_86436ef33172,ACC_9a7eb07cc607,True,False,True,fraud_ring,RING_003
TXN_2c67c8b5cbe8,ACC_9a7eb07cc607,True,False,True,fraud_ring,RING_003
TXN_532cebaf77c6,ACC_9a7eb07cc607,True,False,True,fraud_ring,RING_003
TXN_83f54efc3a37,ACC_9a7eb07cc607,True,False,True,fraud_ring,RING_003
TXN_5fddaefa6d5a,ACC_bc61cdfd64f9,False,False,False,normal,
TXN_2d316178b113,ACC_bc61cdfd64f9,False,False,False,normal,
TXN_55bebb948fdc,ACC_bc61cdfd64f9,False,False,False,normal,
TXN_c47ae9ec1c31,ACC_bc61cdfd64f9,False,False,False,normal,
TXN_9be471c60e6f,ACC_bc61cdfd64f9,False,False,False,normal,
TXN_9ba2e66785d0,ACC_bc61cdfd64f9,False,False,False,normal,
TXN_55f827ca46e8,ACC_bc61cdfd64f9,False,False,False,normal,
TXN_2520348ed8b8,ACC_bc61cdfd64f9,False,False,False,normal,
TXN_d090e94c5d45,ACC_bc61cdfd64f9,False,False,False,normal,
TXN_6fa0b07b799e,ACC_bc61cdfd64f9,False,False,False,normal,
TXN_6df301174fc0,ACC_d95116d43838,False,False,False,normal,
TXN_2081d2f7f094,ACC_d95116d43838,False,False,False,normal,
TXN_d24809851714,ACC_d95116d43838,False,False,False,normal,
TXN_504dce15f9ff,ACC_d95116d43838,False,False,False,normal,
TXN_b83c11e7e781,ACC_d95116d43838,False,False,False,normal,
TXN_382103b3b754,ACC_d95116d43838,False,False,False,normal,
TXN_b6cbc32cb1e1,ACC_d95116d43838,False,False,False,normal,
TXN_66201685bb99,ACC_d95116d43838,False,False,False,normal,
TXN_cbdc88c1c6b4,ACC_d95116d43838,False,False,False,normal,
TXN_bd839fb382b4,ACC_d95116d43838,False,False,False,normal,
TXN_cac65b7309ca,ACC_27c2f306c511,False,False,False,normal,
TXN_ae47530d4e6a,ACC_27c2f306c511,False,False,False,normal,
TXN_17ae44b2982b,ACC_27c2f306c511,False,False,False,normal,
TXN_d3b9d548a8f0,ACC_27c2f306c511,False,False,False,normal,
TXN_4cd6b50d40c4,ACC_27c2f306c511,False,False,False,normal,
TXN_bace5700f16e,ACC_27c2f306c511,False,False,False,normal,
TXN_6cc6264049df,ACC_27c2f306c511,False,False,False,normal,
TXN_16a44ef00278,ACC_27c2f306c511,False,False,False,normal,
TXN_a30c52af2508,ACC_27c2f306c511,False,False,False,normal,
TXN_f1727dd953ad,ACC_27c2f306c511,False,False,False,normal,
TXN_711e4a95b3fa,ACC_7d0660918a04,False,False,False,normal,
TXN_69a64432c2cc,ACC_7d0660918a04,False,False,False,normal,
TXN_cce781bedfc2,ACC_7d0660918a04,False,False,False,normal,
TXN_1604d862607c,ACC_7d0660918a04,False,False,False,normal,
TXN_03b7f01612bb,ACC_7d0660918a04,False,False,False,normal,
TXN_688a2d359be2,ACC_7d0660918a04,False,False,False,normal,
TXN_eb0979d4ae7a,ACC_7d0660918a04,False,False,False,normal,
TXN_8312fa99187f,ACC_7d0660918a04,False,False,False,normal,
TXN_6873b480f89b,ACC_7d0660918a04,False,False,False,normal,
TXN_005d09f65eb5,ACC_7d0660918a04,False,False,False,normal,
TXN_6dfbd28c7689,ACC_006e8f7668ab,False,False,False,normal,
TXN_6c1cc5d5d6a7,ACC_006e8f7668ab,False,False,False,normal,
TXN_e25bd8142e33,ACC_006e8f7668ab,False,False,False,normal,
TXN_ef465ef8864e,ACC_006e8f7668ab,False,False,False,normal,
TXN_1efae1ce6ec7,ACC_006e8f7668ab,False,False,False,normal,
TXN_912ca28d2199,ACC_006e8f7668ab,False,False,False,normal,
TXN_1fec055065b7,ACC_006e8f7668ab,False,False,False,normal,
TXN_afb584165815,ACC_006e8f7668ab,False,False,False,normal,
TXN_89c75d88d2f8,ACC_006e8f7668ab,False,False,False,normal,
TXN_b2c13dfe63c6,ACC_006e8f7668ab,False,False,False,normal,
TXN_3ba73819f444,ACC_31c884cfc684,False,False,False,normal,
TXN_aacbae27f8d0,ACC_31c884cfc684,False,False,False,normal,
TXN_e9aad25c3d94,ACC_31c884cfc684,False,False,False,normal,
TXN_caebf3f10b3e,ACC_31c884cfc684,False,False,False,normal,
TXN_691149a4bb09,ACC_31c884cfc684,False,False,False,normal,
TXN_f660a69426ed,ACC_31c884cfc684,False,False,False,normal,
TXN_5fddf839d02d,ACC_31c884cfc684,False,False,False,normal,
TXN_1c5b1e453c3e,ACC_31c884cfc684,False,False,False,normal,
TXN_4d24bfa94cdc,ACC_31c884cfc684,False,False,False,normal,
TXN_0c34b10d7289,ACC_31c884cfc684,False,False,False,normal,
TXN_d0fbd20fd741,ACC_aaa94f076ff0,False,True,True,behavioral_anomaly,
TXN_8680c2bce278,ACC_aaa94f076ff0,False,True,True,behavioral_anomaly,
TXN_7b65c16c813e,ACC_aaa94f076ff0,False,True,True,behavioral_anomaly,
TXN_57422f7a006d,ACC_aaa94f076ff0,False,True,True,behavioral_anomaly,
TXN_107dec611414,ACC_aaa94f076ff0,False,True,True,behavioral_anomaly,
TXN_17d7f7db51a2,ACC_aaa94f076ff0,False,True,True,behavioral_anomaly,
TXN_ad95659c813a,ACC_aaa94f076ff0,False,True,True,behavioral_anomaly,
TXN_f013adffec64,ACC_aaa94f076ff0,False,True,True,behavioral_anomaly,
TXN_fc1ff58da696,ACC_aaa94f076ff0,False,True,True,behavioral_anomaly,
TXN_190b82358b2d,ACC_aaa94f076ff0,False,True,True,behavioral_anomaly,
TXN_25f45db57a35,ACC_0bc6160e5578,False,False,False,normal,
TXN_9a557c3141a9,ACC_0bc6160e5578,False,False,False,normal,
TXN_e05d92fe3c47,ACC_0bc6160e5578,False,False,False,normal,
TXN_3058d290a660,ACC_0bc6160e5578,False,False,False,normal,
TXN_f50f343c6e0b,ACC_0bc6160e5578,False,False,False,normal,
TXN_6d844c70820c,ACC_0bc6160e5578,False,False,False,normal,
TXN_de74a6ea65ed,ACC_0bc6160e5578,False,False,False,normal,
TXN_21a8ffdd307e,ACC_0bc6160e5578,False,False,False,normal,
TXN_7eb520613882,ACC_0bc6160e5578,False,False,False,normal,
TXN_a022755e768a,ACC_0bc6160e5578,False,False,False,normal,
TXN_0dc02b4bb6aa,ACC_d36819ce77a0,False,False,False,normal,
TXN_54a69413078d,ACC_d36819ce77a0,False,False,False,normal,
TXN_9e4d3ad75410,ACC_d36819ce77a0,False,False,False,normal,
TXN_4105ed547f3d,ACC_d36819ce77a0,False,False,False,normal,
TXN_a4ff52408c8a,ACC_d36819ce77a0,False,False,False,normal,
TXN_f338db420094,ACC_d36819ce77a0,False,False,False,normal,
TXN_55e56528a101,ACC_d36819ce77a0,False,False,False,normal,
TXN_7985b993b509,ACC_d36819ce77a0,False,False,False,normal,
TXN_984cce36942e,ACC_d36819ce77a0,False,False,False,normal,
TXN_e289cf2999ff,ACC_d36819ce77a0,False,False,False,normal,
TXN_27837896802a,ACC_fb956173653b,False,False,False,normal,
TXN_6990e82ed1cd,ACC_fb956173653b,False,False,False,normal,
TXN_f17188869323,ACC_fb956173653b,False,False,False,normal,
TXN_d5a2c6db5d0d,ACC_fb956173653b,False,False,False,normal,
TXN_6d9769badafd,ACC_fb956173653b,False,False,False,normal,
TXN_ca51e4472672,ACC_fb956173653b,False,False,False,normal,
TXN_be5a92dac7bc,ACC_fb956173653b,False,False,False,normal,
TXN_e13edabc0dd4,ACC_fb956173653b,False,False,False,normal,
TXN_36ea76a9ea74,ACC_fb956173653b,False,False,False,normal,
TXN_5088ef9dea4b,ACC_fb956173653b,False,False,False,normal,
TXN_20efaf6fee7f,ACC_76d1afd8a48b,False,False,False,normal,
TXN_d1ea503ac6d0,ACC_76d1afd8a48b,False,False,False,normal,
TXN_f57581b9548e,ACC_76d1afd8a48b,False,False,False,normal,
TXN_bcd2b0c4634a,ACC_76d1afd8a48b,False,False,False,normal,
TXN_94bb3aa48771,ACC_76d1afd8a48b,False,False,False,normal,
TXN_ba47d0639101,ACC_76d1afd8a48b,False,False,False,normal,
TXN_5e6954f3f7d3,ACC_76d1afd8a48b,False,False,False,normal,
TXN_0833f2754d52,ACC_76d1afd8a48b,False,False,False,normal,
TXN_32079f4ff063,ACC_76d1afd8a48b,False,False,False,normal,
TXN_54a243378071,ACC_76d1afd8a48b,False,False,False,normal,
TXN_5242cc2abd27,ACC_dbf46f3d431f,False,False,False,normal,
TXN_042242166b98,ACC_dbf46f3d431f,False,False,False,normal,
TXN_dfce0edcebef,ACC_dbf46f3d431f,False,False,False,normal,
TXN_2b79a2a01fd7,ACC_dbf46f3d431f,False,False,False,normal,
TXN_a34b65368191,ACC_dbf46f3d431f,False,False,False,normal,
TXN_69191e02ddd2,ACC_dbf46f3d431f,False,False,False,normal,
TXN_cc6239153941,ACC_dbf46f3d431f,False,False,False,normal,
TXN_cb01aa7b3db2,ACC_dbf46f3d431f,False,False,False,normal,
TXN_d1c3a6846b88,ACC_dbf46f3d431f,False,False,False,normal,
TXN_6b8441b431e3,ACC_dbf46f3d431f,False,False,False,normal,
TXN_5ba04fa7cbf2,ACC_f9f2eeeb8420,False,False,False,normal,
TXN_a5a7a1a7e51a,ACC_f9f2eeeb8420,False,False,False,normal,
TXN_72dd2d3a2667,ACC_f9f2eeeb8420,False,False,False,normal,
TXN_1a14d56f2c66,ACC_f9f2eeeb8420,False,False,False,normal,
TXN_fc014629f1bb,ACC_f9f2eeeb8420,False,False,False,normal,
TXN_f3c4f674d64e,ACC_f9f2eeeb8420,False,False,False,normal,
TXN_7f0512304d68,ACC_f9f2eeeb8420,False,False,False,normal,
TXN_8eb28d24599e,ACC_f9f2eeeb8420,False,False,False,normal,
TXN_c3001e774211,ACC_f9f2eeeb8420,False,False,False,normal,
TXN_1c6bb6ad4784,ACC_f9f2eeeb8420,False,False,False,normal,
TXN_c7822786f36b,ACC_2757c20f6e04,False,False,False,normal,
TXN_7debc6b2a3e4,ACC_2757c20f6e04,False,False,False,normal,
TXN_6720173557d8,ACC_2757c20f6e04,False,False,False,normal,
TXN_d29ad7432e5b,ACC_2757c20f6e04,False,False,False,normal,
TXN_f57a0c7bdadb,ACC_2757c20f6e04,False,False,False,normal,
TXN_2b95e235ec13,ACC_2757c20f6e04,False,False,False,normal,
TXN_b4d060edaaa8,ACC_2757c20f6e04,False,False,False,normal,
TXN_297c3dd0ef55,ACC_2757c20f6e04,False,False,False,normal,
TXN_9a41b35c3db4,ACC_2757c20f6e04,False,False,False,normal,
TXN_f03a77b644f3,ACC_2757c20f6e04,False,False,False,normal,
TXN_d0356a985f76,ACC_baccf96e09b0,False,False,False,normal,
TXN_f69a0d69ee0a,ACC_baccf96e09b0,False,False,False,normal,
TXN_63dfc458b4f1,ACC_baccf96e09b0,False,False,False,normal,
TXN_73e1ac10ef62,ACC_baccf96e09b0,False,False,False,normal,
TXN_5527667c7b14,ACC_baccf96e09b0,False,False,False,normal,
TXN_59ae597911c2,ACC_baccf96e09b0,False,False,False,normal,
TXN_11758b295496,ACC_baccf96e09b0,False,False,False,normal,
TXN_ef1f542134e8,ACC_baccf96e09b0,False,False,False,normal,
TXN_8d5354a78468,ACC_baccf96e09b0,False,False,False,normal,
TXN_0eb4fe576279,ACC_baccf96e09b0,False,False,False,normal,
TXN_0c382cc24414,ACC_018f2bd514e1,False,False,False,normal,
TXN_3add611b0539,ACC_018f2bd514e1,False,False,False,normal,
TXN_6fbeb2171e9e,ACC_018f2bd514e1,False,False,False,normal,
TXN_3036d931e457,ACC_018f2bd514e1,False,False,False,normal,
TXN_76db737d8baa,ACC_018f2bd514e1,False,False,False,normal,
TXN_413854056653,ACC_018f2bd514e1,False,False,False,normal,
TXN_8609793a9663,ACC_018f2bd514e1,False,False,False,normal,
TXN_eeddb9288015,ACC_018f2bd514e1,False,False,False,normal,
TXN_6a9891e5be18,ACC_018f2bd514e1,False,False,False,normal,
TXN_ccff1b11c345,ACC_018f2bd514e1,False,False,False,normal,
TXN_b630f7e08b0c,ACC_77d677dd76b5,False,True,True,behavioral_anomaly,
TXN_67076d3ce6c0,ACC_77d677dd76b5,False,True,True,behavioral_anomaly,
TXN_48dc3713c647,ACC_77d677dd76b5,False,True,True,behavioral_anomaly,
TXN_01c8b858cf4f,ACC_77d677dd76b5,False,True,True,behavioral_anomaly,
TXN_86ae6c2454ee,ACC_77d677dd76b5,False,True,True,behavioral_anomaly,
TXN_83f7c60c7aea,ACC_77d677dd76b5,False,True,True,behavioral_anomaly,
TXN_fd0a755ed22a,ACC_77d677dd76b5,False,True,True,behavioral_anomaly,
TXN_66a936bd6cff,ACC_77d677dd76b5,False,True,True,behavioral_anomaly,
TXN_dbb38f418eaa,ACC_77d677dd76b5,False,True,True,behavioral_anomaly,
TXN_17d5e6ae2d7a,ACC_77d677dd76b5,False,True,True,behavioral_anomaly,
TXN_b4d998e9112c,ACC_46c5a0403f16,False,False,False,normal,
TXN_853a74afad4e,ACC_46c5a0403f16,False,False,False,normal,
TXN_8aa8cce4c61a,ACC_46c5a0403f16,False,False,False,normal,
TXN_e94127050f0f,ACC_46c5a0403f16,False,False,False,normal,
TXN_907b48f2f4d1,ACC_46c5a0403f16,False,False,False,normal,
TXN_9a785db8b300,ACC_46c5a0403f16,False,False,False,normal,
TXN_5d166d920425,ACC_46c5a0403f16,False,False,False,normal,
TXN_48c154503ccd,ACC_46c5a0403f16,False,False,False,normal,
TXN_b0ad93e671bd,ACC_46c5a0403f16,False,False,False,normal,
TXN_4f9dc1608311,ACC_46c5a0403f16,False,False,False,normal,
TXN_37aff722d4c8,ACC_adb2a1eebe6d,False,False,False,normal,
TXN_cd52347d3f53,ACC_adb2a1eebe6d,False,False,False,normal,
TXN_cce47fd99ae2,ACC_adb2a1eebe6d,False,False,False,normal,
TXN_bde08aea11a2,ACC_adb2a1eebe6d,False,False,False,normal,
TXN_b373e70249ef,ACC_adb2a1eebe6d,False,False,False,normal,
TXN_eb24cdcd7fc8,ACC_adb2a1eebe6d,False,False,False,normal,
TXN_ce73cc7f5e58,ACC_adb2a1eebe6d,False,False,False,normal,
TXN_521548d2bd54,ACC_adb2a1eebe6d,False,False,False,normal,
TXN_b91d29f19e0f,ACC_adb2a1eebe6d,False,False,False,normal,
TXN_44b794bba3a5,ACC_adb2a1eebe6d,False,False,False,normal,
TXN_45e113d442a6,ACC_f5c638c27b0f,False,False,False,normal,
TXN_5c5fa2fc7111,ACC_f5c638c27b0f,False,False,False,normal,
TXN_c8129efd0947,ACC_f5c638c27b0f,False,False,False,normal,
TXN_382c99980e46,ACC_f5c638c27b0f,False,False,False,normal,
TXN_cf2f85614f4c,ACC_f5c638c27b0f,False,False,False,normal,
TXN_556254c6e50e,ACC_f5c638c27b0f,False,False,False,normal,
TXN_dc0ec7e4619f,ACC_f5c638c27b0f,False,False,False,normal,
TXN_19b4784a455a,ACC_f5c638c27b0f,False,False,False,normal,
TXN_43c75803fe9e,ACC_f5c638c27b0f,False,False,False,normal,
TXN_8bad635df784,ACC_f5c638c27b0f,False,False,False,normal,
TXN_df436f652c50,ACC_1282b7c44e27,False,False,False,normal,
TXN_371d6fe941ff,ACC_1282b7c44e27,False,False,False,normal,
TXN_a5cc0693260e,ACC_1282b7c44e27,False,False,False,normal,
TXN_5cabe6d556dc,ACC_1282b7c44e27,False,False,False,normal,
TXN_23beefba21dc,ACC_1282b7c44e27,False,False,False,normal,
TXN_091cbe997a49,ACC_1282b7c44e27,False,False,False,normal,
TXN_f12d2f1a3e7b,ACC_1282b7c44e27,False,False,False,normal,
TXN_5e79baab8f00,ACC_1282b7c44e27,False,False,False,normal,
TXN_2daeef4dce0f,ACC_1282b7c44e27,False,False,False,normal,
TXN_98ccc07a9d66,ACC_1282b7c44e27,False,False,False,normal,
TXN_c4dac1c110c2,ACC_7ba677b277d5,False,False,False,normal,
TXN_1a43d1bf21b2,ACC_7ba677b277d5,False,False,False,normal,
TXN_143ccda1309c,ACC_7ba677b277d5,False,False,False,normal,
TXN_d7b7a62d67e1,ACC_7ba677b277d5,False,False,False,normal,
TXN_d76ddf5825b3,ACC_7ba677b277d5,False,False,False,normal,
TXN_7b2572642148,ACC_7ba677b277d5,False,False,False,normal,
TXN_2fa2f6c3684b,ACC_7ba677b277d5,False,False,False,normal,
TXN_ec3af20d4bc9,ACC_7ba677b277d5,False,False,False,normal,
TXN_609f09257206,ACC_7ba677b277d5,False,False,False,normal,
TXN_fcaf098c6490,ACC_7ba677b277d5,False,False,False,normal,
TXN_77096eb36a1c,ACC_35b2eda8749f,False,False,False,normal,
TXN_0b2ad503b6f3,ACC_35b2eda8749f,False,False,False,normal,
TXN_010731c5f5e7,ACC_35b2eda8749f,False,False,False,normal,
TXN_9c3e8fb229d6,ACC_35b2eda8749f,False,False,False,normal,
TXN_892e3e129264,ACC_35b2eda8749f,False,False,False,normal,
TXN_6451a320e15b,ACC_35b2eda8749f,False,False,False,normal,
TXN_ef0698148c10,ACC_35b2eda8749f,False,False,False,normal,
TXN_1116193250ed,ACC_35b2eda8749f,False,False,False,normal,
TXN_3addfff0da0a,ACC_35b2eda8749f,False,False,False,normal,
TXN_cbd781f9b0fc,ACC_35b2eda8749f,False,False,False,normal,
TXN_9ab127182b4b,ACC_46517ee9e61e,False,False,False,normal,
TXN_2bbd4b4b6840,ACC_46517ee9e61e,False,False,False,normal,
TXN_ec0a0875a5d1,ACC_46517ee9e61e,False,False,False,normal,
TXN_072edf7d93d5,ACC_46517ee9e61e,False,False,False,normal,
TXN_9fb3edab590f,ACC_46517ee9e61e,False,False,False,normal,
TXN_4509f2b6b65d,ACC_46517ee9e61e,False,False,False,normal,
TXN_f4ab63be9fee,ACC_46517ee9e61e,False,False,False,normal,
TXN_63951fd2e51b,ACC_46517ee9e61e,False,False,False,normal,
TXN_5a6465fb743e,ACC_46517ee9e61e,False,False,False,normal,
TXN_8483190c0499,ACC_46517ee9e61e,False,False,False,normal,
TXN_f2b5b0c84fec,ACC_7866705eb84d,False,True,True,behavioral_anomaly,
TXN_eade6ba2eb66,ACC_7866705eb84d,False,True,True,behavioral_anomaly,
TXN_928d05b25fe5,ACC_7866705eb84d,False,True,True,behavioral_anomaly,
TXN_8bdee8a4ec5e,ACC_7866705eb84d,False,True,True,behavioral_anomaly,
TXN_218a11a24588,ACC_7866705eb84d,False,True,True,behavioral_anomaly,
TXN_58af1b597032,ACC_7866705eb84d,False,True,True,behavioral_anomaly,
TXN_e7d64c1c71db,ACC_7866705eb84d,False,True,True,behavioral_anomaly,
TXN_5f5b2064be94,ACC_7866705eb84d,False,True,True,behavioral_anomaly,
TXN_1745ac342628,ACC_7866705eb84d,False,True,True,behavioral_anomaly,
TXN_2894b8d86545,ACC_7866705eb84d,False,True,True,behavioral_anomaly,
TXN_b86f11afc550,ACC_ec2b64f5f997,False,False,False,normal,
TXN_9c4b900b5155,ACC_ec2b64f5f997,False,False,False,normal,
TXN_4b4a9d4790e6,ACC_ec2b64f5f997,False,False,False,normal,
TXN_f9ee6b02d161,ACC_ec2b64f5f997,False,False,False,normal,
TXN_2ee966450744,ACC_ec2b64f5f997,False,False,False,normal,
TXN_5baded8b88f2,ACC_ec2b64f5f997,False,False,False,normal,
TXN_f7adb5b3e326,ACC_ec2b64f5f997,False,False,False,normal,
TXN_0cb3681b9cd4,ACC_ec2b64f5f997,False,False,False,normal,
TXN_d6dc557b444a,ACC_ec2b64f5f997,False,False,False,normal,
TXN_1d98e959238d,ACC_ec2b64f5f997,False,False,False,normal,
TXN_7ff97198644b,ACC_c0e16fbf4bf7,False,False,False,normal,
TXN_f760fbc6073a,ACC_c0e16fbf4bf7,False,False,False,normal,
TXN_b3be2022c29e,ACC_c0e16fbf4bf7,False,False,False,normal,
TXN_0edd7fa8fcb7,ACC_c0e16fbf4bf7,False,False,False,normal,
TXN_2c24f02123a5,ACC_c0e16fbf4bf7,False,False,False,normal,
TXN_28614f9eea4e,ACC_c0e16fbf4bf7,False,False,False,normal,
TXN_28c3cf734918,ACC_c0e16fbf4bf7,False,False,False,normal,
TXN_39e0ce55c0fb,ACC_c0e16fbf4bf7,False,False,False,normal,
TXN_7d760bb6c4ca,ACC_c0e16fbf4bf7,False,False,False,normal,
TXN_1cd8157c05eb,ACC_c0e16fbf4bf7,False,False,False,normal,
TXN_562fbd6129a3,ACC_1133a7f57108,False,False,False,normal,
TXN_c981e562f35c,ACC_1133a7f57108,False,False,False,normal,
TXN_4d1add19c23a,ACC_1133a7f57108,False,False,False,normal,
TXN_e4533d93f6f5,ACC_1133a7f57108,False,False,False,normal,
TXN_8b918a3c1aab,ACC_1133a7f57108,False,False,False,normal,
TXN_653da010406a,ACC_1133a7f57108,False,False,False,normal,
TXN_db0f9bce470f,ACC_1133a7f57108,False,False,False,normal,
TXN_4cfb8c872ae0,ACC_1133a7f57108,False,False,False,normal,
TXN_0640ed372387,ACC_1133a7f57108,False,False,False,normal,
TXN_d746eab2129a,ACC_1133a7f57108,False,False,False,normal,
TXN_292d5c5b790c,ACC_31ccaff32c4b,False,False,False,normal,
TXN_0e06f0ef216d,ACC_31ccaff32c4b,False,False,False,normal,
TXN_7202e96b0c7a,ACC_31ccaff32c4b,False,False,False,normal,
TXN_9c096c5a865a,ACC_31ccaff32c4b,False,False,False,normal,
TXN_db9124e88617,ACC_31ccaff32c4b,False,False,False,normal,
TXN_2380b48c46d3,ACC_31ccaff32c4b,False,False,False,normal,
TXN_06c7092a0613,ACC_31ccaff32c4b,False,False,False,normal,
TXN_ac4b4811f41d,ACC_31ccaff32c4b,False,False,False,normal,
TXN_9a82a40f9f76,ACC_31ccaff32c4b,False,False,False,normal,
TXN_0ed10657797a,ACC_31ccaff32c4b,False,False,False,normal,
TXN_10189521933c,ACC_2aa8904f56ae,False,False,False,normal,
TXN_4cc2a3e1f7c7,ACC_2aa8904f56ae,False,False,False,normal,
TXN_4ea23b486028,ACC_2aa8904f56ae,False,False,False,normal,
TXN_5546458b51e4,ACC_2aa8904f56ae,False,False,False,normal,
TXN_edea49998a0c,ACC_2aa8904f56ae,False,False,False,normal,
TXN_f6b13a1bb416,ACC_2aa8904f56ae,False,False,False,normal,
TXN_7ac6fdcda8b6,ACC_2aa8904f56ae,False,False,False,normal,
TXN_1cf4ecfc1ed5,ACC_2aa8904f56ae,False,False,False,normal,
TXN_41f278b38cc3,ACC_2aa8904f56ae,False,False,False,normal,
TXN_5102016c8fd3,ACC_2aa8904f56ae,False,False,False,normal,
TXN_52dc97c40593,ACC_9931585d7641,False,False,False,normal,
TXN_74e03133c846,ACC_9931585d7641,False,False,False,normal,
TXN_2c8e8313f053,ACC_9931585d7641,False,False,False,normal,
TXN_3cef93c33a88,ACC_9931585d7641,False,False,False,normal,
TXN_fe605d146ed7,ACC_9931585d7641,False,False,False,normal,
TXN_d33171dbb1a1,ACC_9931585d7641,False,False,False,normal,
TXN_cb0eb6d927bb,ACC_9931585d7641,False,False,False,normal,
TXN_1e62d6921e8a,ACC_9931585d7641,False,False,False,normal,
TXN_65ecbf4b01ed,ACC_9931585d7641,False,False,False,normal,
TXN_fc716e1b1b8c,ACC_9931585d7641,False,False,False,normal,
TXN_1127f26eed44,ACC_907c83b4853f,True,False,True,fraud_ring,RING_009
TXN_9082398c32da,ACC_907c83b4853f,True,False,True,fraud_ring,RING_009
TXN_7ad7eac30167,ACC_907c83b4853f,True,False,True,fraud_ring,RING_009
TXN_786f37c89b7b,ACC_907c83b4853f,True,False,True,fraud_ring,RING_009
TXN_4a8c200cab41,ACC_907c83b4853f,True,False,True,fraud_ring,RING_009
TXN_c0687b4e11b8,ACC_907c83b4853f,True,False,True,fraud_ring,RING_009
TXN_25f8f5278112,ACC_907c83b4853f,True,False,True,fraud_ring,RING_009
TXN_78cfa7b787c9,ACC_907c83b4853f,True,False,True,fraud_ring,RING_009
TXN_e7287579594a,ACC_907c83b4853f,True,False,True,fraud_ring,RING_009
TXN_0db7085f0012,ACC_907c83b4853f,True,False,True,fraud_ring,RING_009
TXN_2bad7a388057,ACC_235df608aa59,False,False,False,normal,
TXN_77fbb5aae454,ACC_235df608aa59,False,False,False,normal,
TXN_b9c3e2dd0a1d,ACC_235df608aa59,False,False,False,normal,
TXN_013e34236a6e,ACC_235df608aa59,False,False,False,normal,
TXN_698e72f08de9,ACC_235df608aa59,False,False,False,normal,
TXN_49f5417b99f3,ACC_235df608aa59,False,False,False,normal,
TXN_b416668867bb,ACC_235df608aa59,False,False,False,normal,
TXN_39ddefdf4b95,ACC_235df608aa59,False,False,False,normal,
TXN_605a45866fc4,ACC_235df608aa59,False,False,False,normal,
TXN_ab2555809bfa,ACC_235df608aa59,False,False,False,normal,
TXN_e6f956908746,ACC_2a10c2e900e9,False,False,False,normal,
TXN_20df05043baf,ACC_2a10c2e900e9,False,False,False,normal,
TXN_55fd6ed1ba96,ACC_2a10c2e900e9,False,False,False,normal,
TXN_29af1cd76a40,ACC_2a10c2e900e9,False,False,False,normal,
TXN_b9a605af124d,ACC_2a10c2e900e9,False,False,False,normal,
TXN_403d8d3cd3ac,ACC_2a10c2e900e9,False,False,False,normal,
TXN_bba46c6b6c88,ACC_2a10c2e900e9,False,False,False,normal,
TXN_3a1d41070810,ACC_2a10c2e900e9,False,False,False,normal,
TXN_f73e9aa895b1,ACC_2a10c2e900e9,False,False,False,normal,
TXN_18128733bfd3,ACC_2a10c2e900e9,False,False,False,normal,
TXN_7a8847b73f63,ACC_eb64d426b2bc,False,False,False,normal,
TXN_70f416782f82,ACC_eb64d426b2bc,False,False,False,normal,
TXN_ea18b4d8dc34,ACC_eb64d426b2bc,False,False,False,normal,
TXN_19a0ad77f2d7,ACC_eb64d426b2bc,False,False,False,normal,
TXN_81a376dc5721,ACC_eb64d426b2bc,False,False,False,normal,
TXN_b0b431adf7df,ACC_eb64d426b2bc,False,False,False,normal,
TXN_b7f4dd189563,ACC_eb64d426b2bc,False,False,False,normal,
TXN_19e695c3ef10,ACC_eb64d426b2bc,False,False,False,normal,
TXN_0fbee264effa,ACC_eb64d426b2bc,False,False,False,normal,
TXN_7a5653eda1e2,ACC_eb64d426b2bc,False,False,False,normal,
TXN_7449e2827922,ACC_cb7e776e682c,False,False,False,normal,
TXN_32943509d0c4,ACC_cb7e776e682c,False,False,False,normal,
TXN_87e47c49bd14,ACC_cb7e776e682c,False,False,False,normal,
TXN_09f68841d256,ACC_cb7e776e682c,False,False,False,normal,
TXN_f82de15417be,ACC_cb7e776e682c,False,False,False,normal,
TXN_8e9b35c95f3f,ACC_cb7e776e682c,False,False,False,normal,
TXN_7ac1c2786b78,ACC_cb7e776e682c,False,False,False,normal,
TXN_12f578842bfe,ACC_cb7e776e682c,False,False,False,normal,
TXN_b3c70c4a70f8,ACC_cb7e776e682c,False,False,False,normal,
TXN_18646061c0ca,ACC_cb7e776e682c,False,False,False,normal,
TXN_78cbcfed838b,ACC_44da3700f3c7,False,False,False,normal,
TXN_1501d9b77079,ACC_44da3700f3c7,False,False,False,normal,
TXN_420198f94f0f,ACC_44da3700f3c7,False,False,False,normal,
TXN_ed0c3f642818,ACC_44da3700f3c7,False,False,False,normal,
TXN_7ff925f57e08,ACC_44da3700f3c7,False,False,False,normal,
TXN_8f8f06a6d4c1,ACC_44da3700f3c7,False,False,False,normal,
TXN_04a434662335,ACC_44da3700f3c7,False,False,False,normal,
TXN_2219553ecf54,ACC_44da3700f3c7,False,False,False,normal,
TXN_adbe88edf22b,ACC_44da3700f3c7,False,False,False,normal,
TXN_caabd19489bf,ACC_44da3700f3c7,False,False,False,normal,
TXN_c2b3e4e4cc16,ACC_55533b1ce9db,False,True,True,behavioral_anomaly,
TXN_9989c92c80ec,ACC_55533b1ce9db,False,True,True,behavioral_anomaly,
TXN_7bf4f0c34c3e,ACC_55533b1ce9db,False,True,True,behavioral_anomaly,
TXN_79464bb1cdd5,ACC_55533b1ce9db,False,True,True,behavioral_anomaly,
TXN_d038b13862eb,ACC_55533b1ce9db,False,True,True,behavioral_anomaly,
TXN_0b03639e39c5,ACC_55533b1ce9db,False,True,True,behavioral_anomaly,
TXN_a5231e0bf878,ACC_55533b1ce9db,False,True,True,behavioral_anomaly,
TXN_d2aeaec817da,ACC_55533b1ce9db,False,True,True,behavioral_anomaly,
TXN_b8f6f90983a7,ACC_55533b1ce9db,False,True,True,behavioral_anomaly,
TXN_e86cd8bbffcf,ACC_55533b1ce9db,False,True,True,behavioral_anomaly,
TXN_d5038a2ca2e0,ACC_128b8c1c8dc6,False,False,False,normal,
TXN_cb12db62afe4,ACC_128b8c1c8dc6,False,False,False,normal,
TXN_a18c08a4d432,ACC_128b8c1c8dc6,False,False,False,normal,
TXN_d80a0bc0c000,ACC_128b8c1c8dc6,False,False,False,normal,
TXN_5999bcab015d,ACC_128b8c1c8dc6,False,False,False,normal,
TXN_10006a981190,ACC_128b8c1c8dc6,False,False,False,normal,
TXN_f716b50f952d,ACC_128b8c1c8dc6,False,False,False,normal,
TXN_8daa9366c115,ACC_128b8c1c8dc6,False,False,False,normal,
TXN_a3e08f2f471a,ACC_128b8c1c8dc6,False,False,False,normal,
TXN_0b46d19dd06f,ACC_128b8c1c8dc6,False,False,False,normal,
TXN_597c831b2d99,ACC_542f4fe9d785,False,False,False,normal,
TXN_f162c2b8274c,ACC_542f4fe9d785,False,False,False,normal,
TXN_aff95419128b,ACC_542f4fe9d785,False,False,False,normal,
TXN_21787704fe8c,ACC_542f4fe9d785,False,False,False,normal,
TXN_b1af844c278b,ACC_542f4fe9d785,False,False,False,normal,
TXN_162a3ffdce0e,ACC_542f4fe9d785,False,False,False,normal,
TXN_478850d8aa59,ACC_542f4fe9d785,False,False,False,normal,
TXN_4dd3a2ddd545,ACC_542f4fe9d785,False,False,False,normal,
TXN_905875932afd,ACC_542f4fe9d785,False,False,False,normal,
TXN_cde7adcc01d8,ACC_542f4fe9d785,False,False,False,normal,
TXN_753b1901aa56,ACC_d4b57973dd83,False,False,False,normal,
TXN_a81ca5dd3259,ACC_d4b57973dd83,False,False,False,normal,
TXN_c5eba3be1c36,ACC_d4b57973dd83,False,False,False,normal,
TXN_b8b77b9de8bf,ACC_d4b57973dd83,False,False,False,normal,
TXN_b0d3b780d1b1,ACC_d4b57973dd83,False,False,False,normal,
TXN_debc1044db3e,ACC_d4b57973dd83,False,False,False,normal,
TXN_641c16f88906,ACC_d4b57973dd83,False,False,False,normal,
TXN_7206325a2c77,ACC_d4b57973dd83,False,False,False,normal,
TXN_405b0886b0c3,ACC_d4b57973dd83,False,False,False,normal,
TXN_0c1f85be69f1,ACC_d4b57973dd83,False,False,False,normal,
TXN_485337c19273,ACC_ce5a9632f6c2,False,False,False,normal,
TXN_e4aab372a0ae,ACC_ce5a9632f6c2,False,False,False,normal,
TXN_0613dbc8fd98,ACC_ce5a9632f6c2,False,False,False,normal,
TXN_1ba26d3a6b8d,ACC_ce5a9632f6c2,False,False,False,normal,
TXN_6bfa8d741016,ACC_ce5a9632f6c2,False,False,False,normal,
TXN_9e0a8159e6ca,ACC_ce5a9632f6c2,False,False,False,normal,
TXN_67fa8e9d60e6,ACC_ce5a9632f6c2,False,False,False,normal,
TXN_dc41dd73a0af,ACC_ce5a9632f6c2,False,False,False,normal,
TXN_86357af5ad91,ACC_ce5a9632f6c2,False,False,False,normal,
TXN_077d4bd14822,ACC_ce5a9632f6c2,False,False,False,normal,
TXN_c5b09d599c4c,ACC_dbbb3431f5ef,True,False,True,fraud_ring,RING_005
TXN_88eb3a5136b1,ACC_dbbb3431f5ef,True,False,True,fraud_ring,RING_005
TXN_d11e055c5010,ACC_dbbb3431f5ef,True,False,True,fraud_ring,RING_005
TXN_d709ac6d38ea,ACC_dbbb3431f5ef,True,False,True,fraud_ring,RING_005
TXN_e3cdc0e75255,ACC_dbbb3431f5ef,True,False,True,fraud_ring,RING_005
TXN_e9e473177704,ACC_dbbb3431f5ef,True,False,True,fraud_ring,RING_005
TXN_55f03d493792,ACC_dbbb3431f5ef,True,False,True,fraud_ring,RING_005
TXN_1c311e75ddd2,ACC_dbbb3431f5ef,True,False,True,fraud_ring,RING_005
TXN_bc0dfa95cc96,ACC_dbbb3431f5ef,True,False,True,fraud_ring,RING_005
TXN_18ee83b0b93d,ACC_dbbb3431f5ef,True,False,True,fraud_ring,RING_005
TXN_137cab942f54,ACC_a64658d5a365,False,False,False,normal,
TXN_8f95eb166207,ACC_a64658d5a365,False,False,False,normal,
TXN_caeb703b5331,ACC_a64658d5a365,False,False,False,normal,
TXN_fe8730eef1c0,ACC_a64658d5a365,False,False,False,normal,
TXN_ee6d9b74f5a0,ACC_a64658d5a365,False,False,False,normal,
TXN_2b2fd058aca9,ACC_a64658d5a365,False,False,False,normal,
TXN_1d34722b6652,ACC_a64658d5a365,False,False,False,normal,
TXN_86cee7725385,ACC_a64658d5a365,False,False,False,normal,
TXN_5f8b2b1b78e1,ACC_a64658d5a365,False,False,False,normal,
TXN_fe1c6977815b,ACC_a64658d5a365,False,False,False,normal,
TXN_e16dc00f3ab7,ACC_c367db71c6ba,False,False,False,normal,
TXN_7a019afefb39,ACC_c367db71c6ba,False,False,False,normal,
TXN_82252cb6d0ab,ACC_c367db71c6ba,False,False,False,normal,
TXN_b75db280d1cc,ACC_c367db71c6ba,False,False,False,normal,
TXN_7c3e27e958b2,ACC_c367db71c6ba,False,False,False,normal,
TXN_7851f03bff57,ACC_c367db71c6ba,False,False,False,normal,
TXN_1cd622c98e16,ACC_c367db71c6ba,False,False,False,normal,
TXN_0f39dbbfe712,ACC_c367db71c6ba,False,False,False,normal,
TXN_d34d7fe9c3a1,ACC_c367db71c6ba,False,False,False,normal,
TXN_1a28217a2694,ACC_c367db71c6ba,False,False,False,normal,
TXN_157d7decff02,ACC_547f03e21d9c,True,False,True,fraud_ring,RING_007
TXN_2c467f882bc1,ACC_547f03e21d9c,True,False,True,fraud_ring,RING_007
TXN_28294eb96f19,ACC_547f03e21d9c,True,False,True,fraud_ring,RING_007
TXN_94c3e9fd31a7,ACC_547f03e21d9c,True,False,True,fraud_ring,RING_007
TXN_706ab1b769b6,ACC_547f03e21d9c,True,False,True,fraud_ring,RING_007
TXN_0a68cf85a229,ACC_547f03e21d9c,True,False,True,fraud_ring,RING_007
TXN_5a157a155da2,ACC_547f03e21d9c,True,False,True,fraud_ring,RING_007
TXN_373ffe607a34,ACC_547f03e21d9c,True,False,True,fraud_ring,RING_007
TXN_251340723781,ACC_547f03e21d9c,True,False,True,fraud_ring,RING_007
TXN_1c0db91ada6a,ACC_547f03e21d9c,True,False,True,fraud_ring,RING_007
TXN_1875ec5e3641,ACC_7baa41be8e9b,False,False,False,normal,
TXN_c0200578878d,ACC_7baa41be8e9b,False,False,False,normal,
TXN_aea8d68c771a,ACC_7baa41be8e9b,False,False,False,normal,
TXN_04c2cc14454a,ACC_7baa41be8e9b,False,False,False,normal,
TXN_70cafd42a161,ACC_7baa41be8e9b,False,False,False,normal,
TXN_058003f71cca,ACC_7baa41be8e9b,False,False,False,normal,
TXN_28e316ef7aaf,ACC_7baa41be8e9b,False,False,False,normal,
TXN_05faa4471cd8,ACC_7baa41be8e9b,False,False,False,normal,
TXN_bbc314f86a55,ACC_7baa41be8e9b,False,False,False,normal,
TXN_d402a91623a3,ACC_7baa41be8e9b,False,False,False,normal,
TXN_ff3a1cedd63d,ACC_259d8f7ee60a,False,False,False,normal,
TXN_6bbccfc6164d,ACC_259d8f7ee60a,False,False,False,normal,
TXN_a789908a7b6b,ACC_259d8f7ee60a,False,False,False,normal,
TXN_fd14fd640c10,ACC_259d8f7ee60a,False,False,False,normal,
TXN_c25fe8c8bed2,ACC_259d8f7ee60a,False,False,False,normal,
TXN_83c4e8272753,ACC_259d8f7ee60a,False,False,False,normal,
TXN_3a6a4976a2cd,ACC_259d8f7ee60a,False,False,False,normal,
TXN_b19dc33f8cb0,ACC_259d8f7ee60a,False,False,False,normal,
TXN_1d32d7d96065,ACC_259d8f7ee60a,False,False,False,normal,
TXN_e552747deccc,ACC_259d8f7ee60a,False,False,False,normal,
TXN_a24b9a772f67,ACC_e1a3b1b2dbd6,False,False,False,normal,
TXN_2def45101771,ACC_e1a3b1b2dbd6,False,False,False,normal,
TXN_a7844cd91131,ACC_e1a3b1b2dbd6,False,False,False,normal,
TXN_ebd7de3cbe51,ACC_e1a3b1b2dbd6,False,False,False,normal,
TXN_68a1fc4d0a72,ACC_e1a3b1b2dbd6,False,False,False,normal,
TXN_64e9d4b1cd19,ACC_e1a3b1b2dbd6,False,False,False,normal,
TXN_db9cf182b73e,ACC_e1a3b1b2dbd6,False,False,False,normal,
TXN_db3976e11faf,ACC_e1a3b1b2dbd6,False,False,False,normal,
TXN_a230514efd09,ACC_e1a3b1b2dbd6,False,False,False,normal,
TXN_4e88e88ab5d6,ACC_e1a3b1b2dbd6,False,False,False,normal,
TXN_b0c5e24f7771,ACC_09608149d7a8,False,False,False,normal,
TXN_d769e6998df6,ACC_09608149d7a8,False,False,False,normal,
TXN_4315c6d48e77,ACC_09608149d7a8,False,False,False,normal,
TXN_d8874671abea,ACC_09608149d7a8,False,False,False,normal,
TXN_30763619ab73,ACC_09608149d7a8,False,False,False,normal,
TXN_c856f13a867f,ACC_09608149d7a8,False,False,False,normal,
TXN_2dc7a03b7a29,ACC_09608149d7a8,False,False,False,normal,
TXN_9fc52a54fa70,ACC_09608149d7a8,False,False,False,normal,
TXN_f92b7ae929a2,ACC_09608149d7a8,False,False,False,normal,
TXN_959812bf3a5d,ACC_09608149d7a8,False,False,False,normal,
TXN_5d5497e7651c,ACC_6323601c05da,False,False,False,normal,
TXN_487633137749,ACC_6323601c05da,False,False,False,normal,
TXN_d97777011bfe,ACC_6323601c05da,False,False,False,normal,
TXN_a3e6b895a254,ACC_6323601c05da,False,False,False,normal,
TXN_e3fcf98f388b,ACC_6323601c05da,False,False,False,normal,
TXN_4c2e963c61d7,ACC_6323601c05da,False,False,False,normal,
TXN_37ad0a3da33b,ACC_6323601c05da,False,False,False,normal,
TXN_e6bbf26bd170,ACC_6323601c05da,False,False,False,normal,
TXN_cec3c32d34e3,ACC_6323601c05da,False,False,False,normal,
TXN_4d4a5e682e02,ACC_6323601c05da,False,False,False,normal,
TXN_2d72a5687572,ACC_94969203c58a,False,False,False,normal,
TXN_79f72e710e69,ACC_94969203c58a,False,False,False,normal,
TXN_9ec0a6758fc9,ACC_94969203c58a,False,False,False,normal,
TXN_9f55eb1dcec1,ACC_94969203c58a,False,False,False,normal,
TXN_3003554eb7c8,ACC_94969203c58a,False,False,False,normal,
TXN_93e423639abf,ACC_94969203c58a,False,False,False,normal,
TXN_1232ad3774be,ACC_94969203c58a,False,False,False,normal,
TXN_5fc7b0e5e89f,ACC_94969203c58a,False,False,False,normal,
TXN_56dc867c4cb8,ACC_94969203c58a,False,False,False,normal,
TXN_c9a67d88038c,ACC_94969203c58a,False,False,False,normal,
TXN_b9c251e5edf0,ACC_515a149590e2,False,False,False,normal,
TXN_1fa476f1350a,ACC_515a149590e2,False,False,False,normal,
TXN_4c0f46372524,ACC_515a149590e2,False,False,False,normal,
TXN_25f615295b5d,ACC_515a149590e2,False,False,False,normal,
TXN_fcc41fa2cb13,ACC_515a149590e2,False,False,False,normal,
TXN_9fd09060875b,ACC_515a149590e2,False,False,False,normal,
TXN_f2a610e7ebf7,ACC_515a149590e2,False,False,False,normal,
TXN_eb202bf950b5,ACC_515a149590e2,False,False,False,normal,
TXN_17315bd5f756,ACC_515a149590e2,False,False,False,normal,
TXN_7453b5402b76,ACC_515a149590e2,False,False,False,normal,
TXN_f9942e2491ba,ACC_49322960fc13,False,False,False,normal,
TXN_1dbb97c12f5a,ACC_49322960fc13,False,False,False,normal,
TXN_b2821ec083da,ACC_49322960fc13,False,False,False,normal,
TXN_f96c205806e0,ACC_49322960fc13,False,False,False,normal,
TXN_c861da437a45,ACC_49322960fc13,False,False,False,normal,
TXN_5f762ad87fe2,ACC_49322960fc13,False,False,False,normal,
TXN_f71597e3ebd0,ACC_49322960fc13,False,False,False,normal,
TXN_300685a05e5e,ACC_49322960fc13,False,False,False,normal,
TXN_9a9b7a63926a,ACC_49322960fc13,False,False,False,normal,
TXN_3322cffbba8c,ACC_49322960fc13,False,False,False,normal,
TXN_dd72ff32d3f1,ACC_0a44bfa76441,False,False,False,normal,
TXN_1143c5ea6c41,ACC_0a44bfa76441,False,False,False,normal,
TXN_fb9d4a17e19c,ACC_0a44bfa76441,False,False,False,normal,
TXN_26f89a234e43,ACC_0a44bfa76441,False,False,False,normal,
TXN_42a2703bb366,ACC_0a44bfa76441,False,False,False,normal,
TXN_622fdfa9b38a,ACC_0a44bfa76441,False,False,False,normal,
TXN_496392d4190a,ACC_0a44bfa76441,False,False,False,normal,
TXN_a856ddce7637,ACC_0a44bfa76441,False,False,False,normal,
TXN_decf065572c6,ACC_0a44bfa76441,False,False,False,normal,
TXN_76f9636b540a,ACC_0a44bfa76441,False,False,False,normal,
TXN_dc3d2f0b6eba,ACC_f45cf3b996d0,False,False,False,normal,
TXN_3cf5fb043f44,ACC_f45cf3b996d0,False,False,False,normal,
TXN_13ead430cd6f,ACC_f45cf3b996d0,False,False,False,normal,
TXN_778c8e9b5527,ACC_f45cf3b996d0,False,False,False,normal,
TXN_c141fc9ca590,ACC_f45cf3b996d0,False,False,False,normal,
TXN_8a1773d0f3a3,ACC_f45cf3b996d0,False,False,False,normal,
TXN_b9e63c67f768,ACC_f45cf3b996d0,False,False,False,normal,
TXN_749e105b4c4e,ACC_f45cf3b996d0,False,False,False,normal,
TXN_0c4ae4f7b2f0,ACC_f45cf3b996d0,False,False,False,normal,
TXN_b4d8ab362b3f,ACC_f45cf3b996d0,False,False,False,normal,
TXN_992cddfab2a3,ACC_4ed257497b8a,False,True,True,behavioral_anomaly,
TXN_835426f521da,ACC_4ed257497b8a,False,True,True,behavioral_anomaly,
TXN_8dc6346b13d6,ACC_4ed257497b8a,False,True,True,behavioral_anomaly,
TXN_3c10cc16243a,ACC_4ed257497b8a,False,True,True,behavioral_anomaly,
TXN_597314788be8,ACC_4ed257497b8a,False,True,True,behavioral_anomaly,
TXN_41e97e4679d0,ACC_4ed257497b8a,False,True,True,behavioral_anomaly,
TXN_2322f0623db9,ACC_4ed257497b8a,False,True,True,behavioral_anomaly,
TXN_7205b4f55429,ACC_4ed257497b8a,False,True,True,behavioral_anomaly,
TXN_df668458d894,ACC_4ed257497b8a,False,True,True,behavioral_anomaly,
TXN_6f0e2538780a,ACC_4ed257497b8a,False,True,True,behavioral_anomaly,
TXN_de0ffa042676,ACC_92eace16fb6c,False,False,False,normal,
TXN_bce916fc20bb,ACC_92eace16fb6c,False,False,False,normal,
TXN_9bebf66b60bb,ACC_92eace16fb6c,False,False,False,normal,
TXN_4ac7e6cc62fe,ACC_92eace16fb6c,False,False,False,normal,
TXN_5a424a8c9784,ACC_92eace16fb6c,False,False,False,normal,
TXN_e9ee7efa71d8,ACC_92eace16fb6c,False,False,False,normal,
TXN_44256391390d,ACC_92eace16fb6c,False,False,False,normal,
TXN_638e5bd58ea2,ACC_92eace16fb6c,False,False,False,normal,
TXN_7c6290ca78a8,ACC_92eace16fb6c,False,False,False,normal,
TXN_681ad4f45577,ACC_92eace16fb6c,False,False,False,normal,
TXN_50d32b540dba,ACC_03bc35dd8e93,False,False,False,normal,
TXN_a570274909f6,ACC_03bc35dd8e93,False,False,False,normal,
TXN_fd88109522a5,ACC_03bc35dd8e93,False,False,False,normal,
TXN_6de9f1a3337f,ACC_03bc35dd8e93,False,False,False,normal,
TXN_1d44e4b7c062,ACC_03bc35dd8e93,False,False,False,normal,
TXN_5005bdabcaec,ACC_03bc35dd8e93,False,False,False,normal,
TXN_e2a40c1661b4,ACC_03bc35dd8e93,False,False,False,normal,
TXN_5112600784ef,ACC_03bc35dd8e93,False,False,False,normal,
TXN_c2701515f167,ACC_03bc35dd8e93,False,False,False,normal,
TXN_3a21c5b02685,ACC_03bc35dd8e93,False,False,False,normal,
TXN_2d9a7ded4966,ACC_4eb5eadd8787,True,False,True,fraud_ring,RING_003
TXN_60e34b0e6099,ACC_4eb5eadd8787,True,False,True,fraud_ring,RING_003
TXN_b3e10d9c3de5,ACC_4eb5eadd8787,True,False,True,fraud_ring,RING_003
TXN_ab376c9fe58a,ACC_4eb5eadd8787,True,False,True,fraud_ring,RING_003
TXN_a132d8fe7272,ACC_4eb5eadd8787,True,False,True,fraud_ring,RING_003
TXN_1dbadb046524,ACC_4eb5eadd8787,True,False,True,fraud_ring,RING_003
TXN_5f1995a6ec99,ACC_4eb5eadd8787,True,False,True,fraud_ring,RING_003
TXN_83d0ec67a178,ACC_4eb5eadd8787,True,False,True,fraud_ring,RING_003
TXN_c295a91b45dc,ACC_4eb5eadd8787,True,False,True,fraud_ring,RING_003
TXN_558509bb71e5,ACC_4eb5eadd8787,True,False,True,fraud_ring,RING_003
TXN_4eeb1ef74e9e,ACC_182cdfd04aa4,False,False,False,normal,
TXN_d341f1cd1086,ACC_182cdfd04aa4,False,False,False,normal,
TXN_507a54038535,ACC_182cdfd04aa4,False,False,False,normal,
TXN_62ee9a436b5e,ACC_182cdfd04aa4,False,False,False,normal,
TXN_d1a3d34f4605,ACC_182cdfd04aa4,False,False,False,normal,
TXN_8f235a4ccfa7,ACC_182cdfd04aa4,False,False,False,normal,
TXN_6c5e42f0e9e7,ACC_182cdfd04aa4,False,False,False,normal,
TXN_40d6ab7e92a4,ACC_182cdfd04aa4,False,False,False,normal,
TXN_6fa1ff158eb3,ACC_182cdfd04aa4,False,False,False,normal,
TXN_59a114fb6311,ACC_182cdfd04aa4,False,False,False,normal,
TXN_5d46dc833c08,ACC_b02304c0d13a,False,False,False,normal,
TXN_e61755a2ddf9,ACC_b02304c0d13a,False,False,False,normal,
TXN_c76f1b74228f,ACC_b02304c0d13a,False,False,False,normal,
TXN_196f5ed6aa5b,ACC_b02304c0d13a,False,False,False,normal,
TXN_ce3938efedc1,ACC_b02304c0d13a,False,False,False,normal,
TXN_47bbcd232d3a,ACC_b02304c0d13a,False,False,False,normal,
TXN_d684577cba2a,ACC_b02304c0d13a,False,False,False,normal,
TXN_5edd813296b9,ACC_b02304c0d13a,False,False,False,normal,
TXN_8f08a120c3c9,ACC_b02304c0d13a,False,False,False,normal,
TXN_114adbfecc74,ACC_b02304c0d13a,False,False,False,normal,
TXN_e05cf82dd013,ACC_85416ba3c6e8,False,False,False,normal,
TXN_7248915e48a4,ACC_85416ba3c6e8,False,False,False,normal,
TXN_a32d40129e7d,ACC_85416ba3c6e8,False,False,False,normal,
TXN_78a71c2f9d06,ACC_85416ba3c6e8,False,False,False,normal,
TXN_edaacfc509ff,ACC_85416ba3c6e8,False,False,False,normal,
TXN_cf055e044ab1,ACC_85416ba3c6e8,False,False,False,normal,
TXN_1541014a67da,ACC_85416ba3c6e8,False,False,False,normal,
TXN_e94d0c34dd3d,ACC_85416ba3c6e8,False,False,False,normal,
TXN_265b9b749e0a,ACC_85416ba3c6e8,False,False,False,normal,
TXN_67117101ed39,ACC_85416ba3c6e8,False,False,False,normal,
TXN_abee855df6a3,ACC_82b2ea0089e3,False,False,False,normal,
TXN_a1afcf32fb24,ACC_82b2ea0089e3,False,False,False,normal,
TXN_443c5d602698,ACC_82b2ea0089e3,False,False,False,normal,
TXN_db49fac671e6,ACC_82b2ea0089e3,False,False,False,normal,
TXN_1ba3cddd649c,ACC_82b2ea0089e3,False,False,False,normal,
TXN_3ac451bc1f84,ACC_82b2ea0089e3,False,False,False,normal,
TXN_d46ed807d610,ACC_82b2ea0089e3,False,False,False,normal,
TXN_ae3ed21b6455,ACC_82b2ea0089e3,False,False,False,normal,
TXN_d7d1685c65ae,ACC_82b2ea0089e3,False,False,False,normal,
TXN_aab57b890013,ACC_82b2ea0089e3,False,False,False,normal,
TXN_fc581f69065d,ACC_c0571c299e13,False,False,False,normal,
TXN_4d9eb763dd0e,ACC_c0571c299e13,False,False,False,normal,
TXN_1e7a43516c48,ACC_c0571c299e13,False,False,False,normal,
TXN_a2e29ca50c68,ACC_c0571c299e13,False,False,False,normal,
TXN_1f38c14e89e4,ACC_c0571c299e13,False,False,False,normal,
TXN_86b6f3bf05f8,ACC_c0571c299e13,False,False,False,normal,
TXN_cefde5976d16,ACC_c0571c299e13,False,False,False,normal,
TXN_711148db23ea,ACC_c0571c299e13,False,False,False,normal,
TXN_13fe713f574a,ACC_c0571c299e13,False,False,False,normal,
TXN_b85be4616940,ACC_c0571c299e13,False,False,False,normal,
TXN_ffc4c3522622,ACC_0b96f13433d8,False,False,False,normal,
TXN_dc84cb6ee6c2,ACC_0b96f13433d8,False,False,False,normal,
TXN_284b6c5ab3e6,ACC_0b96f13433d8,False,False,False,normal,
TXN_16e2f4576fa8,ACC_0b96f13433d8,False,False,False,normal,
TXN_c257f18e29f9,ACC_0b96f13433d8,False,False,False,normal,
TXN_3b7b093f0f90,ACC_0b96f13433d8,False,False,False,normal,
TXN_fc7743cc6d2f,ACC_0b96f13433d8,False,False,False,normal,
TXN_187aeffd284d,ACC_0b96f13433d8,False,False,False,normal,
TXN_454b079067c4,ACC_0b96f13433d8,False,False,False,normal,
TXN_4c6cb998dc63,ACC_0b96f13433d8,False,False,False,normal,
TXN_8777499533a0,ACC_f041b2d0cbc8,False,False,False,normal,
TXN_6382ed57dad3,ACC_f041b2d0cbc8,False,False,False,normal,
TXN_1580cc5ffc11,ACC_f041b2d0cbc8,False,False,False,normal,
TXN_5da38c0535fa,ACC_f041b2d0cbc8,False,False,False,normal,
TXN_756910670bb4,ACC_f041b2d0cbc8,False,False,False,normal,
TXN_8c5b8cbb71e2,ACC_f041b2d0cbc8,False,False,False,normal,
TXN_958b158d11e0,ACC_f041b2d0cbc8,False,False,False,normal,
TXN_d7d2ef889b2f,ACC_f041b2d0cbc8,False,False,False,normal,
TXN_c03b567bd32e,ACC_f041b2d0cbc8,False,False,False,normal,
TXN_63eb38ba3fae,ACC_f041b2d0cbc8,False,False,False,normal,
TXN_9e9ed768d009,ACC_d5b3989a2abd,False,False,False,normal,
TXN_43844814bb75,ACC_d5b3989a2abd,False,False,False,normal,
TXN_d9653c84e00f,ACC_d5b3989a2abd,False,False,False,normal,
TXN_4007dc5d7f94,ACC_d5b3989a2abd,False,False,False,normal,
TXN_b607cb03669b,ACC_d5b3989a2abd,False,False,False,normal,
TXN_41744b864ed8,ACC_d5b3989a2abd,False,False,False,normal,
TXN_c7a2f60f9c60,ACC_d5b3989a2abd,False,False,False,normal,
TXN_812fb8d633b4,ACC_d5b3989a2abd,False,False,False,normal,
TXN_6a87b94daf8f,ACC_d5b3989a2abd,False,False,False,normal,
TXN_947718bfc384,ACC_d5b3989a2abd,False,False,False,normal,
TXN_0e033c9e63ee,ACC_6af9486b657a,False,False,False,normal,
TXN_9f99f1734c64,ACC_6af9486b657a,False,False,False,normal,
TXN_ec50fcff76de,ACC_6af9486b657a,False,False,False,normal,
TXN_521d22cf6354,ACC_6af9486b657a,False,False,False,normal,
TXN_ea08c5c1ff72,ACC_6af9486b657a,False,False,False,normal,
TXN_06815bed7f2a,ACC_6af9486b657a,False,False,False,normal,
TXN_f5bea8cfc584,ACC_6af9486b657a,False,False,False,normal,
TXN_c6b845ccc4a9,ACC_6af9486b657a,False,False,False,normal,
TXN_6a2fc3b7eb89,ACC_6af9486b657a,False,False,False,normal,
TXN_01d58afb80ce,ACC_6af9486b657a,False,False,False,normal,
TXN_4d1db0ade834,ACC_cf7a74ae67ad,False,False,False,normal,
TXN_71ef9c3ac2f7,ACC_cf7a74ae67ad,False,False,False,normal,
TXN_0863d09fd238,ACC_cf7a74ae67ad,False,False,False,normal,
TXN_1415679a1425,ACC_cf7a74ae67ad,False,False,False,normal,
TXN_dd94c5e3c98b,ACC_cf7a74ae67ad,False,False,False,normal,
TXN_db0204b0aecc,ACC_cf7a74ae67ad,False,False,False,normal,
TXN_37c1ab5a9671,ACC_cf7a74ae67ad,False,False,False,normal,
TXN_ede6dbfc99eb,ACC_cf7a74ae67ad,False,False,False,normal,
TXN_2090a96f3fcc,ACC_cf7a74ae67ad,False,False,False,normal,
TXN_d4f6d9d4ccc3,ACC_cf7a74ae67ad,False,False,False,normal,
TXN_07680791064d,ACC_bb6ca995c376,False,False,False,normal,
TXN_d163eee382d7,ACC_bb6ca995c376,False,False,False,normal,
TXN_d57ea885232a,ACC_bb6ca995c376,False,False,False,normal,
TXN_7ba6e0e47ed8,ACC_bb6ca995c376,False,False,False,normal,
TXN_e8f1d832d931,ACC_bb6ca995c376,False,False,False,normal,
TXN_e8793e3ad88f,ACC_bb6ca995c376,False,False,False,normal,
TXN_4689c0dd33c5,ACC_bb6ca995c376,False,False,False,normal,
TXN_7dc104eb5a24,ACC_bb6ca995c376,False,False,False,normal,
TXN_676b3fcf9f18,ACC_bb6ca995c376,False,False,False,normal,
TXN_6b6b66ea5dbf,ACC_bb6ca995c376,False,False,False,normal,
TXN_9f529431cbc0,ACC_7bcae33d95cf,False,False,False,normal,
TXN_fae82bf490bc,ACC_7bcae33d95cf,False,False,False,normal,
TXN_0b915fb34fd7,ACC_7bcae33d95cf,False,False,False,normal,
TXN_38408b9c57f4,ACC_7bcae33d95cf,False,False,False,normal,
TXN_646e41499d4e,ACC_7bcae33d95cf,False,False,False,normal,
TXN_a144e2ae08be,ACC_7bcae33d95cf,False,False,False,normal,
TXN_af21c23a80b0,ACC_7bcae33d95cf,False,False,False,normal,
TXN_3b20c54c4fef,ACC_7bcae33d95cf,False,False,False,normal,
TXN_c428c26679d3,ACC_7bcae33d95cf,False,False,False,normal,
TXN_f967de344fab,ACC_7bcae33d95cf,False,False,False,normal,
TXN_bb28c52f2a51,ACC_4208fe3e4dc2,False,False,False,normal,
TXN_857a92b5a350,ACC_4208fe3e4dc2,False,False,False,normal,
TXN_4b98bf1ed345,ACC_4208fe3e4dc2,False,False,False,normal,
TXN_d4d67f5f3960,ACC_4208fe3e4dc2,False,False,False,normal,
TXN_660a073e280d,ACC_4208fe3e4dc2,False,False,False,normal,
TXN_3dc0947f40aa,ACC_4208fe3e4dc2,False,False,False,normal,
TXN_dd5edfe6d13c,ACC_4208fe3e4dc2,False,False,False,normal,
TXN_34ee66c7e3c0,ACC_4208fe3e4dc2,False,False,False,normal,
TXN_92e3f03f8dbb,ACC_4208fe3e4dc2,False,False,False,normal,
TXN_6ca87f5e1393,ACC_4208fe3e4dc2,False,False,False,normal,
TXN_8c8f9b16a790,ACC_d267ec18ed20,False,False,False,normal,
TXN_cac803f65f16,ACC_d267ec18ed20,False,False,False,normal,
TXN_6ba779a5d2b7,ACC_d267ec18ed20,False,False,False,normal,
TXN_8e0768af4712,ACC_d267ec18ed20,False,False,False,normal,
TXN_edbd4a661117,ACC_d267ec18ed20,False,False,False,normal,
TXN_5daa9facf572,ACC_d267ec18ed20,False,False,False,normal,
TXN_dd3e7b78c02a,ACC_d267ec18ed20,False,False,False,normal,
TXN_2c0a5079d8d1,ACC_d267ec18ed20,False,False,False,normal,
TXN_5a41f15083d6,ACC_d267ec18ed20,False,False,False,normal,
TXN_31f357de0b12,ACC_d267ec18ed20,False,False,False,normal,
TXN_7e06f063386d,ACC_8f7032628ea7,False,False,False,normal,
TXN_841601e5e83d,ACC_8f7032628ea7,False,False,False,normal,
TXN_d6323d0c71f5,ACC_8f7032628ea7,False,False,False,normal,
TXN_559dc803ed28,ACC_8f7032628ea7,False,False,False,normal,
TXN_7d62822a366c,ACC_8f7032628ea7,False,False,False,normal,
TXN_39dd8e586537,ACC_8f7032628ea7,False,False,False,normal,
TXN_3fb949ad9194,ACC_8f7032628ea7,False,False,False,normal,
TXN_64b65119c06f,ACC_8f7032628ea7,False,False,False,normal,
TXN_453ab7f00cd3,ACC_8f7032628ea7,False,False,False,normal,
TXN_6ae9321f2df1,ACC_8f7032628ea7,False,False,False,normal,
TXN_00932ffbb0f0,ACC_aa617102b5f3,False,False,False,normal,
TXN_876e66c56e5e,ACC_aa617102b5f3,False,False,False,normal,
TXN_9f2800e47289,ACC_aa617102b5f3,False,False,False,normal,
TXN_9ea9d5fe549e,ACC_aa617102b5f3,False,False,False,normal,
TXN_6b6450a1ac06,ACC_aa617102b5f3,False,False,False,normal,
TXN_bac0708b3a7e,ACC_aa617102b5f3,False,False,False,normal,
TXN_eec600a9c74b,ACC_aa617102b5f3,False,False,False,normal,
TXN_4ab2ad1ec197,ACC_aa617102b5f3,False,False,False,normal,
TXN_7ce9a1fd1f4d,ACC_aa617102b5f3,False,False,False,normal,
TXN_e4ffae2c86e2,ACC_aa617102b5f3,False,False,False,normal,
TXN_251a20a71a35,ACC_45af7814173f,False,False,False,normal,
TXN_fd1cca5c8ca3,ACC_45af7814173f,False,False,False,normal,
TXN_5f08580edce5,ACC_45af7814173f,False,False,False,normal,
TXN_545c637d44cb,ACC_45af7814173f,False,False,False,normal,
TXN_19974d00944b,ACC_45af7814173f,False,False,False,normal,
TXN_302d293728e5,ACC_45af7814173f,False,False,False,normal,
TXN_42bb3eee885d,ACC_45af7814173f,False,False,False,normal,
TXN_572c5ac8bd1b,ACC_45af7814173f,False,False,False,normal,
TXN_e7f4a920d1ed,ACC_45af7814173f,False,False,False,normal,
TXN_c1acc23821f3,ACC_45af7814173f,False,False,False,normal,
TXN_b9b2282adbf5,ACC_76deb011c995,False,False,False,normal,
TXN_b60f4f71b6ee,ACC_76deb011c995,False,False,False,normal,
TXN_1d0e81f4b4c3,ACC_76deb011c995,False,False,False,normal,
TXN_2a4ca5faef67,ACC_76deb011c995,False,False,False,normal,
TXN_9f4a0f683be2,ACC_76deb011c995,False,False,False,normal,
TXN_d7453cf59450,ACC_76deb011c995,False,False,False,normal,
TXN_0b9f2d0a07a7,ACC_76deb011c995,False,False,False,normal,
TXN_2ecc36e99250,ACC_76deb011c995,False,False,False,normal,
TXN_2e0c78b40926,ACC_76deb011c995,False,False,False,normal,
TXN_19aa57740a9f,ACC_76deb011c995,False,False,False,normal,
TXN_bdc1d7b9ff66,ACC_d517ce8b9fe4,False,False,False,normal,
TXN_d3f55d31a284,ACC_d517ce8b9fe4,False,False,False,normal,
TXN_2f227ed917a6,ACC_d517ce8b9fe4,False,False,False,normal,
TXN_608296150aa8,ACC_d517ce8b9fe4,False,False,False,normal,
TXN_25336e78489d,ACC_d517ce8b9fe4,False,False,False,normal,
TXN_5655c352b1d9,ACC_d517ce8b9fe4,False,False,False,normal,
TXN_63460b0db70d,ACC_d517ce8b9fe4,False,False,False,normal,
TXN_23d6620d23a8,ACC_d517ce8b9fe4,False,False,False,normal,
TXN_fa6da52a981c,ACC_d517ce8b9fe4,False,False,False,normal,
TXN_7547b79ebb1f,ACC_d517ce8b9fe4,False,False,False,normal,
TXN_0771d64bccc9,ACC_528c4fefe802,False,False,False,normal,
TXN_6248a03839ee,ACC_528c4fefe802,False,False,False,normal,
TXN_eb69669194a1,ACC_528c4fefe802,False,False,False,normal,
TXN_12da872e2b68,ACC_528c4fefe802,False,False,False,normal,
TXN_8146004274ac,ACC_528c4fefe802,False,False,False,normal,
TXN_45658d317329,ACC_528c4fefe802,False,False,False,normal,
TXN_ce9fe2120438,ACC_528c4fefe802,False,False,False,normal,
TXN_abcb57eb6f11,ACC_528c4fefe802,False,False,False,normal,
TXN_1a20150863a0,ACC_528c4fefe802,False,False,False,normal,
TXN_f431b1035599,ACC_528c4fefe802,False,False,False,normal,
TXN_e47a7c1afc7d,ACC_2fc0faf94234,False,False,False,normal,
TXN_9ee3deab393b,ACC_2fc0faf94234,False,False,False,normal,
TXN_c414138fce91,ACC_2fc0faf94234,False,False,False,normal,
TXN_3c42ab3ed406,ACC_2fc0faf94234,False,False,False,normal,
TXN_49c99cb71ed0,ACC_2fc0faf94234,False,False,False,normal,
TXN_fb034a331bb1,ACC_2fc0faf94234,False,False,False,normal,
TXN_3740342711e1,ACC_2fc0faf94234,False,False,False,normal,
TXN_38a2dca882ec,ACC_2fc0faf94234,False,False,False,normal,
TXN_40381d5e2624,ACC_2fc0faf94234,False,False,False,normal,
TXN_2181082f478c,ACC_2fc0faf94234,False,False,False,normal,
TXN_248927a1317d,ACC_a7bf9ef15ffe,False,False,False,normal,
TXN_c1332641d83d,ACC_a7bf9ef15ffe,False,False,False,normal,
TXN_da4d39465ce0,ACC_a7bf9ef15ffe,False,False,False,normal,
TXN_cc06cb2f11c6,ACC_a7bf9ef15ffe,False,False,False,normal,
TXN_82c5b7bd3e45,ACC_a7bf9ef15ffe,False,False,False,normal,
TXN_82daacdbdc38,ACC_a7bf9ef15ffe,False,False,False,normal,
TXN_2c5a27dd058f,ACC_a7bf9ef15ffe,False,False,False,normal,
TXN_fb142ae5b0d4,ACC_a7bf9ef15ffe,False,False,False,normal,
TXN_3bc2bd19c7ba,ACC_a7bf9ef15ffe,False,False,False,normal,
TXN_9913aa5d6dfe,ACC_a7bf9ef15ffe,False,False,False,normal,
TXN_54116fac9fe3,ACC_8cd1145c9a2d,False,False,False,normal,
TXN_ab4dc5cb681b,ACC_8cd1145c9a2d,False,False,False,normal,
TXN_0f456dc28d40,ACC_8cd1145c9a2d,False,False,False,normal,
TXN_e805a6245a2b,ACC_8cd1145c9a2d,False,False,False,normal,
TXN_28741538e3fd,ACC_8cd1145c9a2d,False,False,False,normal,
TXN_6a3b6d0cc7b0,ACC_8cd1145c9a2d,False,False,False,normal,
TXN_5f98cafbbf26,ACC_8cd1145c9a2d,False,False,False,normal,
TXN_3e52197785e3,ACC_8cd1145c9a2d,False,False,False,normal,
TXN_44fd3dd5112c,ACC_8cd1145c9a2d,False,False,False,normal,
TXN_8d6a6d48feec,ACC_8cd1145c9a2d,False,False,False,normal,
TXN_bb44fe3d41df,ACC_a9556f03b617,False,False,False,normal,
TXN_35f33ce92514,ACC_a9556f03b617,False,False,False,normal,
TXN_80f690b4f848,ACC_a9556f03b617,False,False,False,normal,
TXN_98db5b8e62be,ACC_a9556f03b617,False,False,False,normal,
TXN_e030ec289d08,ACC_a9556f03b617,False,False,False,normal,
TXN_9e9b8be6fcc1,ACC_a9556f03b617,False,False,False,normal,
TXN_338dee872274,ACC_a9556f03b617,False,False,False,normal,
TXN_48e325f59bfc,ACC_a9556f03b617,False,False,False,normal,
TXN_52041ed60e42,ACC_a9556f03b617,False,False,False,normal,
TXN_266a4b6effcb,ACC_a9556f03b617,False,False,False,normal,
TXN_76024620fbd6,ACC_1409c3106697,False,False,False,normal,
TXN_6a1e7be925f1,ACC_1409c3106697,False,False,False,normal,
TXN_6550db5561af,ACC_1409c3106697,False,False,False,normal,
TXN_314570ae72f3,ACC_1409c3106697,False,False,False,normal,
TXN_10aca0596562,ACC_1409c3106697,False,False,False,normal,
TXN_5cffa4e45b54,ACC_1409c3106697,False,False,False,normal,
TXN_87b830a52a1a,ACC_1409c3106697,False,False,False,normal,
TXN_c4c93ce1274a,ACC_1409c3106697,False,False,False,normal,
TXN_dd22f46ffc0a,ACC_1409c3106697,False,False,False,normal,
TXN_3ffa9ba77bc0,ACC_1409c3106697,False,False,False,normal,
TXN_61c0a65a6c88,ACC_520f9d99d818,False,False,False,normal,
TXN_9ae07483557f,ACC_520f9d99d818,False,False,False,normal,
TXN_83a88d1f62dd,ACC_520f9d99d818,False,False,False,normal,
TXN_22e9f079608a,ACC_520f9d99d818,False,False,False,normal,
TXN_574844d3a1f6,ACC_520f9d99d818,False,False,False,normal,
TXN_e41967086b8d,ACC_520f9d99d818,False,False,False,normal,
TXN_adf6d67136df,ACC_520f9d99d818,False,False,False,normal,
TXN_658a7da9147d,ACC_520f9d99d818,False,False,False,normal,
TXN_89fc96f41bfd,ACC_520f9d99d818,False,False,False,normal,
TXN_6e7eadd0d0b7,ACC_520f9d99d818,False,False,False,normal,
TXN_864032153b82,ACC_a41b47638b63,False,False,False,normal,
TXN_daa072cb38cc,ACC_a41b47638b63,False,False,False,normal,
TXN_fd19b1e0fb41,ACC_a41b47638b63,False,False,False,normal,
TXN_8bac66fd7807,ACC_a41b47638b63,False,False,False,normal,
TXN_be1d8c9260e8,ACC_a41b47638b63,False,False,False,normal,
TXN_014f9059fb42,ACC_a41b47638b63,False,False,False,normal,
TXN_86fd58be97de,ACC_a41b47638b63,False,False,False,normal,
TXN_4938f6a345a5,ACC_a41b47638b63,False,False,False,normal,
TXN_fe58d23cdd3f,ACC_a41b47638b63,False,False,False,normal,
TXN_f7d0facbfac6,ACC_a41b47638b63,False,False,False,normal,
TXN_299b1b6c5804,ACC_18d73d269f9b,False,False,False,normal,
TXN_663b8d03cf01,ACC_18d73d269f9b,False,False,False,normal,
TXN_c0b34e4c298b,ACC_18d73d269f9b,False,False,False,normal,
TXN_840474cfbd5a,ACC_18d73d269f9b,False,False,False,normal,
TXN_5bb93c7c25d3,ACC_18d73d269f9b,False,False,False,normal,
TXN_b64af8500bc4,ACC_18d73d269f9b,False,False,False,normal,
TXN_8486a8374685,ACC_18d73d269f9b,False,False,False,normal,
TXN_1ce69b2ff0d6,ACC_18d73d269f9b,False,False,False,normal,
TXN_676f300b04bc,ACC_18d73d269f9b,False,False,False,normal,
TXN_ce41a9c3be9b,ACC_18d73d269f9b,False,False,False,normal,
TXN_6b1646b8fb08,ACC_01deaf4c0d88,False,False,False,normal,
TXN_6c66d136ed5d,ACC_01deaf4c0d88,False,False,False,normal,
TXN_89880fdced63,ACC_01deaf4c0d88,False,False,False,normal,
TXN_42386a83228e,ACC_01deaf4c0d88,False,False,False,normal,
TXN_5d11643436e0,ACC_01deaf4c0d88,False,False,False,normal,
TXN_6cce425a588c,ACC_01deaf4c0d88,False,False,False,normal,
TXN_a340418f8f66,ACC_01deaf4c0d88,False,False,False,normal,
TXN_993b27fe0f01,ACC_01deaf4c0d88,False,False,False,normal,
TXN_f0c00be57c0e,ACC_01deaf4c0d88,False,False,False,normal,
TXN_1477dfe85f0e,ACC_01deaf4c0d88,False,False,False,normal,
TXN_c1c6116dd4da,ACC_eaca487a9355,True,False,True,fraud_ring,RING_009
TXN_2e63eab9d610,ACC_eaca487a9355,True,False,True,fraud_ring,RING_009
TXN_2d00fd2c9d4a,ACC_eaca487a9355,True,False,True,fraud_ring,RING_009
TXN_534a5d8b6b4f,ACC_eaca487a9355,True,False,True,fraud_ring,RING_009
TXN_aab06024eedf,ACC_eaca487a9355,True,False,True,fraud_ring,RING_009
TXN_814b2b50215d,ACC_eaca487a9355,True,False,True,fraud_ring,RING_009
TXN_7cc8a5c5f364,ACC_eaca487a9355,True,False,True,fraud_ring,RING_009
TXN_a700141667d1,ACC_eaca487a9355,True,False,True,fraud_ring,RING_009
TXN_a2ef7379242c,ACC_eaca487a9355,True,False,True,fraud_ring,RING_009
TXN_79bd62f51989,ACC_eaca487a9355,True,False,True,fraud_ring,RING_009
TXN_b9d46019bd4b,ACC_b06df833e51b,False,False,False,normal,
TXN_9c77db69eee1,ACC_b06df833e51b,False,False,False,normal,
TXN_603515057b34,ACC_b06df833e51b,False,False,False,normal,
TXN_88a2593969fa,ACC_b06df833e51b,False,False,False,normal,
TXN_7edfed82ef81,ACC_b06df833e51b,False,False,False,normal,
TXN_c419aaf45321,ACC_b06df833e51b,False,False,False,normal,
TXN_bdae75d2dbfb,ACC_b06df833e51b,False,False,False,normal,
TXN_e2f52c7dd5b4,ACC_b06df833e51b,False,False,False,normal,
TXN_7b12f9393669,ACC_b06df833e51b,False,False,False,normal,
TXN_ccee8eeed20b,ACC_b06df833e51b,False,False,False,normal,
TXN_7f0f69924159,ACC_23297bcb8b7e,True,False,True,fraud_ring,RING_003
TXN_83b056ee3aaa,ACC_23297bcb8b7e,True,False,True,fraud_ring,RING_003
TXN_4dc4319565dc,ACC_23297bcb8b7e,True,False,True,fraud_ring,RING_003
TXN_5de4487c5bc1,ACC_23297bcb8b7e,True,False,True,fraud_ring,RING_003
TXN_fc8f93c7977b,ACC_23297bcb8b7e,True,False,True,fraud_ring,RING_003
TXN_2005beaee741,ACC_23297bcb8b7e,True,False,True,fraud_ring,RING_003
TXN_b973dccbcf82,ACC_23297bcb8b7e,True,False,True,fraud_ring,RING_003
TXN_b60c19148bb7,ACC_23297bcb8b7e,True,False,True,fraud_ring,RING_003
TXN_06e9d7eb4ae2,ACC_23297bcb8b7e,True,False,True,fraud_ring,RING_003
TXN_7edaf6a36b87,ACC_23297bcb8b7e,True,False,True,fraud_ring,RING_003
TXN_361f7f4d6bda,ACC_5f12121c54bb,False,False,False,normal,
TXN_0b3f102b6816,ACC_5f12121c54bb,False,False,False,normal,
TXN_35abc1ec9523,ACC_5f12121c54bb,False,False,False,normal,
TXN_281caf96b974,ACC_5f12121c54bb,False,False,False,normal,
TXN_186207573435,ACC_5f12121c54bb,False,False,False,normal,
TXN_dff97f2a8288,ACC_5f12121c54bb,False,False,False,normal,
TXN_6c2bb7ac6bfe,ACC_5f12121c54bb,False,False,False,normal,
TXN_80ac56ee82b3,ACC_5f12121c54bb,False,False,False,normal,
TXN_c546c53455d3,ACC_5f12121c54bb,False,False,False,normal,
TXN_0c72b0a6d71f,ACC_5f12121c54bb,False,False,False,normal,
TXN_d1b5977c1a33,ACC_acead81a44a4,False,False,False,normal,
TXN_33b4a1244f51,ACC_acead81a44a4,False,False,False,normal,
TXN_5850f9a0af72,ACC_acead81a44a4,False,False,False,normal,
TXN_3f3680a98aa5,ACC_acead81a44a4,False,False,False,normal,
TXN_ace387c6dcf8,ACC_acead81a44a4,False,False,False,normal,
TXN_bb71797dd4a5,ACC_acead81a44a4,False,False,False,normal,
TXN_232ddb0c670e,ACC_acead81a44a4,False,False,False,normal,
TXN_7fb53ebfe364,ACC_acead81a44a4,False,False,False,normal,
TXN_e576ff9e1324,ACC_acead81a44a4,False,False,False,normal,
TXN_53848118c923,ACC_acead81a44a4,False,False,False,normal,
TXN_00356cf456a0,ACC_b5aa72360259,False,False,False,normal,
TXN_71db518ed28e,ACC_b5aa72360259,False,False,False,normal,
TXN_90802268f377,ACC_b5aa72360259,False,False,False,normal,
TXN_a5573f7b6518,ACC_b5aa72360259,False,False,False,normal,
TXN_78950275c2c1,ACC_b5aa72360259,False,False,False,normal,
TXN_8602a2e45cfc,ACC_b5aa72360259,False,False,False,normal,
TXN_059f30c18ad3,ACC_b5aa72360259,False,False,False,normal,
TXN_22ea1c092617,ACC_b5aa72360259,False,False,False,normal,
TXN_6ef0ec10236b,ACC_b5aa72360259,False,False,False,normal,
TXN_b348f073a2cf,ACC_b5aa72360259,False,False,False,normal,
TXN_da4131ec96d3,ACC_4a732fc109d8,False,False,False,normal,
TXN_c66714c24a56,ACC_4a732fc109d8,False,False,False,normal,
TXN_97a1be0ad08d,ACC_4a732fc109d8,False,False,False,normal,
TXN_0f05ed3e7d3a,ACC_4a732fc109d8,False,False,False,normal,
TXN_530f7e743019,ACC_4a732fc109d8,False,False,False,normal,
TXN_44b3fa2442f4,ACC_4a732fc109d8,False,False,False,normal,
TXN_220df6e594ac,ACC_4a732fc109d8,False,False,False,normal,
TXN_066d0e7efd00,ACC_4a732fc109d8,False,False,False,normal,
TXN_8569c6fecae3,ACC_4a732fc109d8,False,False,False,normal,
TXN_9e98255bf949,ACC_4a732fc109d8,False,False,False,normal,
TXN_1811a006113b,ACC_a679bd32dcab,False,False,False,normal,
TXN_963477b69f4d,ACC_a679bd32dcab,False,False,False,normal,
TXN_e0f496eb91ca,ACC_a679bd32dcab,False,False,False,normal,
TXN_8156d3a1c007,ACC_a679bd32dcab,False,False,False,normal,
TXN_30e93841ab4b,ACC_a679bd32dcab,False,False,False,normal,
TXN_e2a1a31df55a,ACC_a679bd32dcab,False,False,False,normal,
TXN_e73e964a0c83,ACC_a679bd32dcab,False,False,False,normal,
TXN_eb03293a27ec,ACC_a679bd32dcab,False,False,False,normal,
TXN_6c460f6e1706,ACC_a679bd32dcab,False,False,False,normal,
TXN_890054346786,ACC_a679bd32dcab,False,False,False,normal,
TXN_2916592b806a,ACC_038551c08fdb,False,False,False,normal,
TXN_b4eeb284e148,ACC_038551c08fdb,False,False,False,normal,
TXN_78ad146bb3f6,ACC_038551c08fdb,False,False,False,normal,
TXN_f3bba1c89f2e,ACC_038551c08fdb,False,False,False,normal,
TXN_e5d0b5199e4f,ACC_038551c08fdb,False,False,False,normal,
TXN_4f460860a912,ACC_038551c08fdb,False,False,False,normal,
TXN_ff6b9d373fd9,ACC_038551c08fdb,False,False,False,normal,
TXN_37ca2f874a34,ACC_038551c08fdb,False,False,False,normal,
TXN_e63a848b41b1,ACC_038551c08fdb,False,False,False,normal,
TXN_94198ab37c60,ACC_038551c08fdb,False,False,False,normal,
TXN_4573c2e505d3,ACC_36cd2c7b034b,False,False,False,normal,
TXN_89dd19ffa65f,ACC_36cd2c7b034b,False,False,False,normal,
TXN_3718f79d6dfd,ACC_36cd2c7b034b,False,False,False,normal,
TXN_a2b0d0d12740,ACC_36cd2c7b034b,False,False,False,normal,
TXN_7407dbea2a42,ACC_36cd2c7b034b,False,False,False,normal,
TXN_128f4aa30127,ACC_36cd2c7b034b,False,False,False,normal,
TXN_2b96143e957d,ACC_36cd2c7b034b,False,False,False,normal,
TXN_611dd37e8f52,ACC_36cd2c7b034b,False,False,False,normal,
TXN_4abe7e7fcf90,ACC_36cd2c7b034b,False,False,False,normal,
TXN_ca22d376a65a,ACC_36cd2c7b034b,False,False,False,normal,
TXN_752a0d8860b0,ACC_9a105ae3b4fb,False,False,False,normal,
TXN_ae5d599e922f,ACC_9a105ae3b4fb,False,False,False,normal,
TXN_9fb25f1531e8,ACC_9a105ae3b4fb,False,False,False,normal,
TXN_1a880beef7d4,ACC_9a105ae3b4fb,False,False,False,normal,
TXN_39e54069c768,ACC_9a105ae3b4fb,False,False,False,normal,
TXN_66f3eeebc1c1,ACC_9a105ae3b4fb,False,False,False,normal,
TXN_adcbbfe84574,ACC_9a105ae3b4fb,False,False,False,normal,
TXN_1f2b04291a5e,ACC_9a105ae3b4fb,False,False,False,normal,
TXN_c0f6ba30fd35,ACC_9a105ae3b4fb,False,False,False,normal,
TXN_688ee820ff90,ACC_9a105ae3b4fb,False,False,False,normal,
TXN_cd94e3328e5c,ACC_8fa0492772f7,False,False,False,normal,
TXN_7f35d53e31a2,ACC_8fa0492772f7,False,False,False,normal,
TXN_e4896edc8fce,ACC_8fa0492772f7,False,False,False,normal,
TXN_a3435d469bbd,ACC_8fa0492772f7,False,False,False,normal,
TXN_58ac75b8b66a,ACC_8fa0492772f7,False,False,False,normal,
TXN_17c7141d1676,ACC_8fa0492772f7,False,False,False,normal,
TXN_85633bacf249,ACC_8fa0492772f7,False,False,False,normal,
TXN_4ca0762e6ce3,ACC_8fa0492772f7,False,False,False,normal,
TXN_fcde2f8d080f,ACC_8fa0492772f7,False,False,False,normal,
TXN_a2766ce27bfc,ACC_8fa0492772f7,False,False,False,normal,
TXN_6f98cdffd7b5,ACC_bfc2a6b092d2,False,False,False,normal,
TXN_fc1d45e2e407,ACC_bfc2a6b092d2,False,False,False,normal,
TXN_16030093e42a,ACC_bfc2a6b092d2,False,False,False,normal,
TXN_9ddfdca6835c,ACC_bfc2a6b092d2,False,False,False,normal,
TXN_bbcf929530c7,ACC_bfc2a6b092d2,False,False,False,normal,
TXN_0856b2bd73be,ACC_bfc2a6b092d2,False,False,False,normal,
TXN_b2142d0e2d5c,ACC_bfc2a6b092d2,False,False,False,normal,
TXN_18b2f92f3c90,ACC_bfc2a6b092d2,False,False,False,normal,
TXN_5d0e89441ad4,ACC_bfc2a6b092d2,False,False,False,normal,
TXN_10563a8ba2d0,ACC_bfc2a6b092d2,False,False,False,normal,
TXN_a9665dfca743,ACC_d1da4d595b74,False,False,False,normal,
TXN_7dccd2df2586,ACC_d1da4d595b74,False,False,False,normal,
TXN_0831e8e08b08,ACC_d1da4d595b74,False,False,False,normal,
TXN_b2294388b6ab,ACC_d1da4d595b74,False,False,False,normal,
TXN_0a89966701db,ACC_d1da4d595b74,False,False,False,normal,
TXN_97281fa9b48f,ACC_d1da4d595b74,False,False,False,normal,
TXN_5608629b17c5,ACC_d1da4d595b74,False,False,False,normal,
TXN_c24454a1f775,ACC_d1da4d595b74,False,False,False,normal,
TXN_64425b638a40,ACC_d1da4d595b74,False,False,False,normal,
TXN_05a62b3c314b,ACC_d1da4d595b74,False,False,False,normal,
TXN_238c64341d18,ACC_c5eb3b724d2f,False,False,False,normal,
TXN_c7946b7a2624,ACC_c5eb3b724d2f,False,False,False,normal,
TXN_295f63134d9e,ACC_c5eb3b724d2f,False,False,False,normal,
TXN_20ecc72618df,ACC_c5eb3b724d2f,False,False,False,normal,
TXN_a5f731ddb700,ACC_c5eb3b724d2f,False,False,False,normal,
TXN_fc64fd77ba34,ACC_c5eb3b724d2f,False,False,False,normal,
TXN_c4e80c734c95,ACC_c5eb3b724d2f,False,False,False,normal,
TXN_47f49f89a4ff,ACC_c5eb3b724d2f,False,False,False,normal,
TXN_69e6284f9012,ACC_c5eb3b724d2f,False,False,False,normal,
TXN_f56b28d82378,ACC_c5eb3b724d2f,False,False,False,normal,
TXN_b4437d40af6c,ACC_3810609a8e3c,False,False,False,normal,
TXN_4a6d07acfaee,ACC_3810609a8e3c,False,False,False,normal,
TXN_2454e9831549,ACC_3810609a8e3c,False,False,False,normal,
TXN_9ceb056786fd,ACC_3810609a8e3c,False,False,False,normal,
TXN_d731dec16b11,ACC_3810609a8e3c,False,False,False,normal,
TXN_f7b43cecc34b,ACC_3810609a8e3c,False,False,False,normal,
TXN_5e3911b5b121,ACC_3810609a8e3c,False,False,False,normal,
TXN_217c1d20d73e,ACC_3810609a8e3c,False,False,False,normal,
TXN_f1b221e15d44,ACC_3810609a8e3c,False,False,False,normal,
TXN_255ce8adeccf,ACC_3810609a8e3c,False,False,False,normal,
TXN_1ec6813fea15,ACC_bf4d00ee7609,False,False,False,normal,
TXN_730f41a75249,ACC_bf4d00ee7609,False,False,False,normal,
TXN_4cf037aaac51,ACC_bf4d00ee7609,False,False,False,normal,
TXN_8bd755a30cbc,ACC_bf4d00ee7609,False,False,False,normal,
TXN_7722df8be661,ACC_bf4d00ee7609,False,False,False,normal,
TXN_1934233d1470,ACC_bf4d00ee7609,False,False,False,normal,
TXN_0af10d5ea492,ACC_bf4d00ee7609,False,False,False,normal,
TXN_08739a8f720d,ACC_bf4d00ee7609,False,False,False,normal,
TXN_5568fe92c2e3,ACC_bf4d00ee7609,False,False,False,normal,
TXN_e473d626c487,ACC_bf4d00ee7609,False,False,False,normal,
TXN_5082eceb095b,ACC_2fff422a70bb,False,True,True,behavioral_anomaly,
TXN_33002b0b0f63,ACC_2fff422a70bb,False,True,True,behavioral_anomaly,
TXN_b0ddb10cf246,ACC_2fff422a70bb,False,True,True,behavioral_anomaly,
TXN_dcfd9dc4a8fc,ACC_2fff422a70bb,False,True,True,behavioral_anomaly,
TXN_7000094a457a,ACC_2fff422a70bb,False,True,True,behavioral_anomaly,
TXN_2057f439012b,ACC_2fff422a70bb,False,True,True,behavioral_anomaly,
TXN_82a6b92908ea,ACC_2fff422a70bb,False,True,True,behavioral_anomaly,
TXN_db03900fd034,ACC_2fff422a70bb,False,True,True,behavioral_anomaly,
TXN_57f82330fc90,ACC_2fff422a70bb,False,True,True,behavioral_anomaly,
TXN_35304ec38334,ACC_2fff422a70bb,False,True,True,behavioral_anomaly,
TXN_b882473f41d5,ACC_4a92b23da024,False,True,True,behavioral_anomaly,
TXN_4ee15d5241f6,ACC_4a92b23da024,False,True,True,behavioral_anomaly,
TXN_938413e45378,ACC_4a92b23da024,False,True,True,behavioral_anomaly,
TXN_8e53ac6adb6b,ACC_4a92b23da024,False,True,True,behavioral_anomaly,
TXN_20c96f19b234,ACC_4a92b23da024,False,True,True,behavioral_anomaly,
TXN_060e56b6d1ae,ACC_4a92b23da024,False,True,True,behavioral_anomaly,
TXN_57d4b2bcbdd5,ACC_4a92b23da024,False,True,True,behavioral_anomaly,
TXN_8e61c6c74b9a,ACC_4a92b23da024,False,True,True,behavioral_anomaly,
TXN_cdd5417cc5ae,ACC_4a92b23da024,False,True,True,behavioral_anomaly,
TXN_8a762a871b6a,ACC_4a92b23da024,False,True,True,behavioral_anomaly,
TXN_10022e57f2e9,ACC_4c0ba1031041,False,False,False,normal,
TXN_c2298e4f178e,ACC_4c0ba1031041,False,False,False,normal,
TXN_b85cf494aa35,ACC_4c0ba1031041,False,False,False,normal,
TXN_677e32e4b9b9,ACC_4c0ba1031041,False,False,False,normal,
TXN_326a5dc4c0bf,ACC_4c0ba1031041,False,False,False,normal,
TXN_3bf7493106f4,ACC_4c0ba1031041,False,False,False,normal,
TXN_8130a7e77e3f,ACC_4c0ba1031041,False,False,False,normal,
TXN_5df1cfd272dc,ACC_4c0ba1031041,False,False,False,normal,
TXN_b530c86efa50,ACC_4c0ba1031041,False,False,False,normal,
TXN_3f6b39e35287,ACC_4c0ba1031041,False,False,False,normal,
TXN_5f74d72f42e2,ACC_68dee65bb322,False,False,False,normal,
TXN_b84d1354fcac,ACC_68dee65bb322,False,False,False,normal,
TXN_832d035a1465,ACC_68dee65bb322,False,False,False,normal,
TXN_242a2ab048ac,ACC_68dee65bb322,False,False,False,normal,
TXN_d2565f5f81e8,ACC_68dee65bb322,False,False,False,normal,
TXN_65b8ef43677b,ACC_68dee65bb322,False,False,False,normal,
TXN_9db5c7d3915c,ACC_68dee65bb322,False,False,False,normal,
TXN_8f716c0cc2af,ACC_68dee65bb322,False,False,False,normal,
TXN_68c732907ef0,ACC_68dee65bb322,False,False,False,normal,
TXN_a297f44c0c79,ACC_68dee65bb322,False,False,False,normal,
TXN_901f835b1847,ACC_011f9e6a8330,False,False,False,normal,
TXN_3fb10fe44159,ACC_011f9e6a8330,False,False,False,normal,
TXN_340863135b79,ACC_011f9e6a8330,False,False,False,normal,
TXN_61b147a5de96,ACC_011f9e6a8330,False,False,False,normal,
TXN_7aadb0b73589,ACC_011f9e6a8330,False,False,False,normal,
TXN_53792aaa8d7d,ACC_011f9e6a8330,False,False,False,normal,
TXN_0dcf4712891a,ACC_011f9e6a8330,False,False,False,normal,
TXN_2fcd3afb9d1b,ACC_011f9e6a8330,False,False,False,normal,
TXN_7fbdfd864f0a,ACC_011f9e6a8330,False,False,False,normal,
TXN_cdce92413660,ACC_011f9e6a8330,False,False,False,normal,
TXN_28208ba160ec,ACC_ca5fcf27afdf,False,False,False,normal,
TXN_24fc9b7752a3,ACC_ca5fcf27afdf,False,False,False,normal,
TXN_595676c691ab,ACC_ca5fcf27afdf,False,False,False,normal,
TXN_31f05eccf7d4,ACC_ca5fcf27afdf,False,False,False,normal,
TXN_eebb5d085850,ACC_ca5fcf27afdf,False,False,False,normal,
TXN_2af9e6a84a9c,ACC_ca5fcf27afdf,False,False,False,normal,
TXN_af013d820de4,ACC_ca5fcf27afdf,False,False,False,normal,
TXN_5276d59d7cc4,ACC_ca5fcf27afdf,False,False,False,normal,
TXN_81bf062a2f4d,ACC_ca5fcf27afdf,False,False,False,normal,
TXN_ab7a9719de4a,ACC_ca5fcf27afdf,False,False,False,normal,
TXN_d9fae0443e55,ACC_bea1cc08e325,False,False,False,normal,
TXN_b1b0ad66764a,ACC_bea1cc08e325,False,False,False,normal,
TXN_10f3665e83b6,ACC_bea1cc08e325,False,False,False,normal,
TXN_5a013d602125,ACC_bea1cc08e325,False,False,False,normal,
TXN_9306b9d77307,ACC_bea1cc08e325,False,False,False,normal,
TXN_f34381f984eb,ACC_bea1cc08e325,False,False,False,normal,
TXN_cef19cabdd03,ACC_bea1cc08e325,False,False,False,normal,
TXN_a0ae963efa54,ACC_bea1cc08e325,False,False,False,normal,
TXN_7da3b37ec84f,ACC_bea1cc08e325,False,False,False,normal,
TXN_71774433cf41,ACC_bea1cc08e325,False,False,False,normal,
TXN_090c8e29449b,ACC_20e23a3ef51c,False,False,False,normal,
TXN_c28d04e305a0,ACC_20e23a3ef51c,False,False,False,normal,
TXN_006f0feb66a8,ACC_20e23a3ef51c,False,False,False,normal,
TXN_bd364f9b3c21,ACC_20e23a3ef51c,False,False,False,normal,
TXN_32f7659064bb,ACC_20e23a3ef51c,False,False,False,normal,
TXN_f4f18942d42e,ACC_20e23a3ef51c,False,False,False,normal,
TXN_506272fa8111,ACC_20e23a3ef51c,False,False,False,normal,
TXN_a55dd1f766f4,ACC_20e23a3ef51c,False,False,False,normal,
TXN_3fd1e2c05d69,ACC_20e23a3ef51c,False,False,False,normal,
TXN_25c816fd00ba,ACC_20e23a3ef51c,False,False,False,normal,
TXN_3aeb00b480cc,ACC_c8c04b28d032,False,False,False,normal,
TXN_36d9b3499ad1,ACC_c8c04b28d032,False,False,False,normal,
TXN_b8be1cf4c38a,ACC_c8c04b28d032,False,False,False,normal,
TXN_2a9c6d1f1cdb,ACC_c8c04b28d032,False,False,False,normal,
TXN_65508328902d,ACC_c8c04b28d032,False,False,False,normal,
TXN_5c8f2e4c981d,ACC_c8c04b28d032,False,False,False,normal,
TXN_1099d5af02a5,ACC_c8c04b28d032,False,False,False,normal,
TXN_ffd858ad5685,ACC_c8c04b28d032,False,False,False,normal,
TXN_8c36341ee101,ACC_c8c04b28d032,False,False,False,normal,
TXN_f93d48f07ece,ACC_c8c04b28d032,False,False,False,normal,
TXN_db35ead2fc17,ACC_ce86e24a88e2,False,False,False,normal,
TXN_d5e07abe045a,ACC_ce86e24a88e2,False,False,False,normal,
TXN_a1969efe5a42,ACC_ce86e24a88e2,False,False,False,normal,
TXN_1ceca8ae327e,ACC_ce86e24a88e2,False,False,False,normal,
TXN_1fab73679080,ACC_ce86e24a88e2,False,False,False,normal,
TXN_bcb50dfe76c0,ACC_ce86e24a88e2,False,False,False,normal,
TXN_4453cd0c119e,ACC_ce86e24a88e2,False,False,False,normal,
TXN_148830a4a71d,ACC_ce86e24a88e2,False,False,False,normal,
TXN_99835f42e6a4,ACC_ce86e24a88e2,False,False,False,normal,
TXN_b4b6283c440a,ACC_ce86e24a88e2,False,False,False,normal,
TXN_c5b42def1e6e,ACC_649085d62b6e,False,False,False,normal,
TXN_ad284d92974c,ACC_649085d62b6e,False,False,False,normal,
TXN_c72014bb747d,ACC_649085d62b6e,False,False,False,normal,
TXN_0a00386ce107,ACC_649085d62b6e,False,False,False,normal,
TXN_a2081289328b,ACC_649085d62b6e,False,False,False,normal,
TXN_b3a49efc8ab6,ACC_649085d62b6e,False,False,False,normal,
TXN_e812a78a24e8,ACC_649085d62b6e,False,False,False,normal,
TXN_befc20d3e9ad,ACC_649085d62b6e,False,False,False,normal,
TXN_a269d3217ed3,ACC_649085d62b6e,False,False,False,normal,
TXN_52abcb98706a,ACC_649085d62b6e,False,False,False,normal,
TXN_bffc24046885,ACC_6708d5e5ab1e,False,False,False,normal,
TXN_e582c294c265,ACC_6708d5e5ab1e,False,False,False,normal,
TXN_36a3fc1f4230,ACC_6708d5e5ab1e,False,False,False,normal,
TXN_bb6d9af3cacd,ACC_6708d5e5ab1e,False,False,False,normal,
TXN_d53e75c18ba2,ACC_6708d5e5ab1e,False,False,False,normal,
TXN_cfe77c03d82e,ACC_6708d5e5ab1e,False,False,False,normal,
TXN_14728573f4c4,ACC_6708d5e5ab1e,False,False,False,normal,
TXN_5724414c3dc8,ACC_6708d5e5ab1e,False,False,False,normal,
TXN_3d64b6d5a4b8,ACC_6708d5e5ab1e,False,False,False,normal,
TXN_18cdce5868c4,ACC_6708d5e5ab1e,False,False,False,normal,
TXN_827f53d5c2a6,ACC_4b5be14933b3,False,False,False,normal,
TXN_ab16e898ad3d,ACC_4b5be14933b3,False,False,False,normal,
TXN_ee0432932cb8,ACC_4b5be14933b3,False,False,False,normal,
TXN_6fee67556792,ACC_4b5be14933b3,False,False,False,normal,
TXN_d70a529e874e,ACC_4b5be14933b3,False,False,False,normal,
TXN_82d52fa7725b,ACC_4b5be14933b3,False,False,False,normal,
TXN_6e4a0f306577,ACC_4b5be14933b3,False,False,False,normal,
TXN_dae45e33610c,ACC_4b5be14933b3,False,False,False,normal,
TXN_601dc4c961f9,ACC_4b5be14933b3,False,False,False,normal,
TXN_088ee6842785,ACC_4b5be14933b3,False,False,False,normal,
TXN_2ae468a826e1,ACC_ebea37397956,False,False,False,normal,
TXN_923058219252,ACC_ebea37397956,False,False,False,normal,
TXN_6d55fb3f44f9,ACC_ebea37397956,False,False,False,normal,
TXN_e1269ef39f36,ACC_ebea37397956,False,False,False,normal,
TXN_039c2712d7c3,ACC_ebea37397956,False,False,False,normal,
TXN_a5fcd2499a6f,ACC_ebea37397956,False,False,False,normal,
TXN_0cd849c5bd6d,ACC_ebea37397956,False,False,False,normal,
TXN_1ed53124a88b,ACC_ebea37397956,False,False,False,normal,
TXN_b4f02716c54f,ACC_ebea37397956,False,False,False,normal,
TXN_58020cc7807d,ACC_ebea37397956,False,False,False,normal,
TXN_b705d050a02c,ACC_4bf2bc812a95,False,True,True,behavioral_anomaly,
TXN_93c95cc2fad4,ACC_4bf2bc812a95,False,True,True,behavioral_anomaly,
TXN_d1670d5c9123,ACC_4bf2bc812a95,False,True,True,behavioral_anomaly,
TXN_502d231c5bff,ACC_4bf2bc812a95,False,True,True,behavioral_anomaly,
TXN_0bf4134f5731,ACC_4bf2bc812a95,False,True,True,behavioral_anomaly,
TXN_762d92b81f2d,ACC_4bf2bc812a95,False,True,True,behavioral_anomaly,
TXN_a15525d67221,ACC_4bf2bc812a95,False,True,True,behavioral_anomaly,
TXN_9c204b51529f,ACC_4bf2bc812a95,False,True,True,behavioral_anomaly,
TXN_e8796df33605,ACC_4bf2bc812a95,False,True,True,behavioral_anomaly,
TXN_6f546288fd94,ACC_4bf2bc812a95,False,True,True,behavioral_anomaly,
TXN_a5a173bea332,ACC_83f3351a0489,False,False,False,normal,
TXN_abafe2b726dc,ACC_83f3351a0489,False,False,False,normal,
TXN_ffe41aa037b2,ACC_83f3351a0489,False,False,False,normal,
TXN_3a361bccdfde,ACC_83f3351a0489,False,False,False,normal,
TXN_143f7442d366,ACC_83f3351a0489,False,False,False,normal,
TXN_6c9b6dd74fc6,ACC_83f3351a0489,False,False,False,normal,
TXN_a502be567440,ACC_83f3351a0489,False,False,False,normal,
TXN_387be099b7a2,ACC_83f3351a0489,False,False,False,normal,
TXN_afa47d0431b1,ACC_83f3351a0489,False,False,False,normal,
TXN_2b5473c2cd8e,ACC_83f3351a0489,False,False,False,normal,
TXN_14cc34a99a31,ACC_21ac1bda0509,False,False,False,normal,
TXN_59ff3ada891d,ACC_21ac1bda0509,False,False,False,normal,
TXN_920fcc3e6088,ACC_21ac1bda0509,False,False,False,normal,
TXN_e86f19204fe3,ACC_21ac1bda0509,False,False,False,normal,
TXN_1edbfbb06fe0,ACC_21ac1bda0509,False,False,False,normal,
TXN_02b8b6638c02,ACC_21ac1bda0509,False,False,False,normal,
TXN_adae6f835874,ACC_21ac1bda0509,False,False,False,normal,
TXN_e1d8a9c43a3e,ACC_21ac1bda0509,False,False,False,normal,
TXN_a59136b0b750,ACC_21ac1bda0509,False,False,False,normal,
TXN_8193ac293cde,ACC_21ac1bda0509,False,False,False,normal,
TXN_4b014e5c9eda,ACC_c2b4c600c432,False,False,False,normal,
TXN_693ebe90d3af,ACC_c2b4c600c432,False,False,False,normal,
TXN_c695019e3271,ACC_c2b4c600c432,False,False,False,normal,
TXN_9ca468d61c69,ACC_c2b4c600c432,False,False,False,normal,
TXN_47667f88074a,ACC_c2b4c600c432,False,False,False,normal,
TXN_e2af6fe1eb90,ACC_c2b4c600c432,False,False,False,normal,
TXN_69689971e0f6,ACC_c2b4c600c432,False,False,False,normal,
TXN_13444f74223a,ACC_c2b4c600c432,False,False,False,normal,
TXN_94c61914e58f,ACC_c2b4c600c432,False,False,False,normal,
TXN_4ff910e38c7c,ACC_c2b4c600c432,False,False,False,normal,
TXN_ad9fd86c2d49,ACC_13197a7a4de2,False,False,False,normal,
TXN_1241b2ba2d08,ACC_13197a7a4de2,False,False,False,normal,
TXN_27f0d3399abb,ACC_13197a7a4de2,False,False,False,normal,
TXN_e52a080315ce,ACC_13197a7a4de2,False,False,False,normal,
TXN_fb12c1e40f1f,ACC_13197a7a4de2,False,False,False,normal,
TXN_d08cbd16e062,ACC_13197a7a4de2,False,False,False,normal,
TXN_98bebc9265db,ACC_13197a7a4de2,False,False,False,normal,
TXN_f03c86ac35b3,ACC_13197a7a4de2,False,False,False,normal,
TXN_be05aa3c8b93,ACC_13197a7a4de2,False,False,False,normal,
TXN_5d369fca3c51,ACC_13197a7a4de2,False,False,False,normal,
TXN_28e28ced3090,ACC_fc0eb78eb136,False,False,False,normal,
TXN_6c7f960ff3ff,ACC_fc0eb78eb136,False,False,False,normal,
TXN_8e4ca31941fd,ACC_fc0eb78eb136,False,False,False,normal,
TXN_8ffebfb4ae97,ACC_fc0eb78eb136,False,False,False,normal,
TXN_ac10747ab95a,ACC_fc0eb78eb136,False,False,False,normal,
TXN_9e400551fa5e,ACC_fc0eb78eb136,False,False,False,normal,
TXN_92b17a998648,ACC_fc0eb78eb136,False,False,False,normal,
TXN_85a7dfa67f49,ACC_fc0eb78eb136,False,False,False,normal,
TXN_140065f48b20,ACC_fc0eb78eb136,False,False,False,normal,
TXN_17e2876d2762,ACC_fc0eb78eb136,False,False,False,normal,
TXN_5d95291dfc64,ACC_2f8a46873910,True,False,True,fraud_ring,RING_005
TXN_f4e14af9e476,ACC_2f8a46873910,True,False,True,fraud_ring,RING_005
TXN_6ef6cd00b9ea,ACC_2f8a46873910,True,False,True,fraud_ring,RING_005
TXN_147e28abc2a1,ACC_2f8a46873910,True,False,True,fraud_ring,RING_005
TXN_4eeec1ce84cd,ACC_2f8a46873910,True,False,True,fraud_ring,RING_005
TXN_27fe08d66c93,ACC_2f8a46873910,True,False,True,fraud_ring,RING_005
TXN_997f4036caf2,ACC_2f8a46873910,True,False,True,fraud_ring,RING_005
TXN_4701fcc5d5ea,ACC_2f8a46873910,True,False,True,fraud_ring,RING_005
TXN_8cf260ff88aa,ACC_2f8a46873910,True,False,True,fraud_ring,RING_005
TXN_50f7d22e4557,ACC_2f8a46873910,True,False,True,fraud_ring,RING_005
TXN_510e64b2f2fc,ACC_fa24635aa215,False,False,False,normal,
TXN_b51387a02cc2,ACC_fa24635aa215,False,False,False,normal,
TXN_f5d1689d9c12,ACC_fa24635aa215,False,False,False,normal,
TXN_0d93c5cf5b5e,ACC_fa24635aa215,False,False,False,normal,
TXN_8e04606676d0,ACC_fa24635aa215,False,False,False,normal,
TXN_c5e60cb17b5a,ACC_fa24635aa215,False,False,False,normal,
TXN_58ef4b4f653a,ACC_fa24635aa215,False,False,False,normal,
TXN_73e4364b781d,ACC_fa24635aa215,False,False,False,normal,
TXN_1e1ac99a2009,ACC_fa24635aa215,False,False,False,normal,
TXN_44af00b42e9a,ACC_fa24635aa215,False,False,False,normal,
TXN_4ba559346255,ACC_4084e974114c,False,False,False,normal,
TXN_ac6571272b04,ACC_4084e974114c,False,False,False,normal,
TXN_5e53c5b55a02,ACC_4084e974114c,False,False,False,normal,
TXN_ccd11029c706,ACC_4084e974114c,False,False,False,normal,
TXN_75a7629df8e5,ACC_4084e974114c,False,False,False,normal,
TXN_cd12cd417674,ACC_4084e974114c,False,False,False,normal,
TXN_2dbc3b87f957,ACC_4084e974114c,False,False,False,normal,
TXN_285ab851dc62,ACC_4084e974114c,False,False,False,normal,
TXN_9f3895795d69,ACC_4084e974114c,False,False,False,normal,
TXN_354b6a75b0c7,ACC_4084e974114c,False,False,False,normal,
TXN_715637a6cd44,ACC_f3628f69c492,False,False,False,normal,
TXN_c81e39048633,ACC_f3628f69c492,False,False,False,normal,
TXN_b9c94b2e911e,ACC_f3628f69c492,False,False,False,normal,
TXN_04631a902c71,ACC_f3628f69c492,False,False,False,normal,
TXN_f7010074103d,ACC_f3628f69c492,False,False,False,normal,
TXN_80c5c718cf28,ACC_f3628f69c492,False,False,False,normal,
TXN_57f2dddc157e,ACC_f3628f69c492,False,False,False,normal,
TXN_5c12196fcef9,ACC_f3628f69c492,False,False,False,normal,
TXN_f7ce25ee33ba,ACC_f3628f69c492,False,False,False,normal,
TXN_d031ef8f2832,ACC_f3628f69c492,False,False,False,normal,
TXN_587495e2ebb0,ACC_84a8891f3cbe,False,False,False,normal,
TXN_d561f1022d19,ACC_84a8891f3cbe,False,False,False,normal,
TXN_3adf27b41dc6,ACC_84a8891f3cbe,False,False,False,normal,
TXN_d9788fef6e17,ACC_84a8891f3cbe,False,False,False,normal,
TXN_078c9c8d2805,ACC_84a8891f3cbe,False,False,False,normal,
TXN_91a9a4f83e61,ACC_84a8891f3cbe,False,False,False,normal,
TXN_c4a2e91561f6,ACC_84a8891f3cbe,False,False,False,normal,
TXN_327e6b6bb93f,ACC_84a8891f3cbe,False,False,False,normal,
TXN_1125729fc9f6,ACC_84a8891f3cbe,False,False,False,normal,
TXN_1d3acfb2338d,ACC_84a8891f3cbe,False,False,False,normal,
TXN_1ee8b5d0bb50,ACC_4eb167381722,False,False,False,normal,
TXN_93c25f7de824,ACC_4eb167381722,False,False,False,normal,
TXN_5d2b4c0aff33,ACC_4eb167381722,False,False,False,normal,
TXN_283b5545c29d,ACC_4eb167381722,False,False,False,normal,
TXN_61a8c5f9744a,ACC_4eb167381722,False,False,False,normal,
TXN_bdc49dc05601,ACC_4eb167381722,False,False,False,normal,
TXN_33f3be16b075,ACC_4eb167381722,False,False,False,normal,
TXN_036d369e55fb,ACC_4eb167381722,False,False,False,normal,
TXN_262d92631eba,ACC_4eb167381722,False,False,False,normal,
TXN_9deb2cd5b58c,ACC_4eb167381722,False,False,False,normal,
TXN_dad839fa4e33,ACC_8b2df67f2246,False,False,False,normal,
TXN_23c36b56e968,ACC_8b2df67f2246,False,False,False,normal,
TXN_9ed7fd877bbc,ACC_8b2df67f2246,False,False,False,normal,
TXN_c003cece1eeb,ACC_8b2df67f2246,False,False,False,normal,
TXN_3760c5308beb,ACC_8b2df67f2246,False,False,False,normal,
TXN_f9074d9d7b41,ACC_8b2df67f2246,False,False,False,normal,
TXN_c887997327af,ACC_8b2df67f2246,False,False,False,normal,
TXN_4d3a6adaa45e,ACC_8b2df67f2246,False,False,False,normal,
TXN_365bb60ec91d,ACC_8b2df67f2246,False,False,False,normal,
TXN_9704b0715b46,ACC_8b2df67f2246,False,False,False,normal,
TXN_13a73986ab3c,ACC_b8c408aca4f0,False,False,False,normal,
TXN_777973da6154,ACC_b8c408aca4f0,False,False,False,normal,
TXN_da41761d8d1b,ACC_b8c408aca4f0,False,False,False,normal,
TXN_8e40ed5338d7,ACC_b8c408aca4f0,False,False,False,normal,
TXN_70174d1042fe,ACC_b8c408aca4f0,False,False,False,normal,
TXN_f386e4ff0b76,ACC_b8c408aca4f0,False,False,False,normal,
TXN_b898fcf9c38a,ACC_b8c408aca4f0,False,False,False,normal,
TXN_57a6dd94bce6,ACC_b8c408aca4f0,False,False,False,normal,
TXN_4a32c7a5f8f2,ACC_b8c408aca4f0,False,False,False,normal,
TXN_c314bd3b5014,ACC_b8c408aca4f0,False,False,False,normal,
TXN_a767a29c33a7,ACC_c3476bc59e58,False,False,False,normal,
TXN_66b1eee0d04a,ACC_c3476bc59e58,False,False,False,normal,
TXN_22f97990d9f8,ACC_c3476bc59e58,False,False,False,normal,
TXN_bcd4cea5d68a,ACC_c3476bc59e58,False,False,False,normal,
TXN_1126d2818b83,ACC_c3476bc59e58,False,False,False,normal,
TXN_b7e85140ee23,ACC_c3476bc59e58,False,False,False,normal,
TXN_551b3bc034d8,ACC_c3476bc59e58,False,False,False,normal,
TXN_fecbf68a9408,ACC_c3476bc59e58,False,False,False,normal,
TXN_0b66b78963e7,ACC_c3476bc59e58,False,False,False,normal,
TXN_c17652b562f9,ACC_c3476bc59e58,False,False,False,normal,
TXN_3713285aa7c7,ACC_daf7886a5522,False,False,False,normal,
TXN_64c761ee4914,ACC_daf7886a5522,False,False,False,normal,
TXN_1e4d9a2f01b7,ACC_daf7886a5522,False,False,False,normal,
TXN_f7a386bd8a71,ACC_daf7886a5522,False,False,False,normal,
TXN_1287f61bad1b,ACC_daf7886a5522,False,False,False,normal,
TXN_318e9c9f6441,ACC_daf7886a5522,False,False,False,normal,
TXN_1d497fe21465,ACC_daf7886a5522,False,False,False,normal,
TXN_e01e7151cfca,ACC_daf7886a5522,False,False,False,normal,
TXN_b9a3461d30bb,ACC_daf7886a5522,False,False,False,normal,
TXN_81bf54c294c3,ACC_daf7886a5522,False,False,False,normal,
TXN_9ea8bdc91c7e,ACC_2c364c5fe3fa,False,False,False,normal,
TXN_f46b8fec880c,ACC_2c364c5fe3fa,False,False,False,normal,
TXN_7667b5cc00cd,ACC_2c364c5fe3fa,False,False,False,normal,
TXN_7644692f3607,ACC_2c364c5fe3fa,False,False,False,normal,
TXN_4294a2fb8df1,ACC_2c364c5fe3fa,False,False,False,normal,
TXN_b215dc677f11,ACC_2c364c5fe3fa,False,False,False,normal,
TXN_04c0b056a84c,ACC_2c364c5fe3fa,False,False,False,normal,
TXN_07722035d500,ACC_2c364c5fe3fa,False,False,False,normal,
TXN_c17f78240f6d,ACC_2c364c5fe3fa,False,False,False,normal,
TXN_a99567805fc7,ACC_2c364c5fe3fa,False,False,False,normal,
TXN_3f5c220a96c8,ACC_5bd85c1d8639,False,False,False,normal,
TXN_05e19ff26241,ACC_5bd85c1d8639,False,False,False,normal,
TXN_0ffdb76d50c6,ACC_5bd85c1d8639,False,False,False,normal,
TXN_2c00696cbf4b,ACC_5bd85c1d8639,False,False,False,normal,
TXN_011570e478ac,ACC_5bd85c1d8639,False,False,False,normal,
TXN_3916216361aa,ACC_5bd85c1d8639,False,False,False,normal,
TXN_8a9620038da8,ACC_5bd85c1d8639,False,False,False,normal,
TXN_4ef8695f0fe8,ACC_5bd85c1d8639,False,False,False,normal,
TXN_efd15a35d536,ACC_5bd85c1d8639,False,False,False,normal,
TXN_7b11884f3c03,ACC_5bd85c1d8639,False,False,False,normal,
TXN_999a94d09bc1,ACC_aa53e07c0ec2,False,False,False,normal,
TXN_89baeecb07eb,ACC_aa53e07c0ec2,False,False,False,normal,
TXN_ad0c7a593b6d,ACC_aa53e07c0ec2,False,False,False,normal,
TXN_445b01061f25,ACC_aa53e07c0ec2,False,False,False,normal,
TXN_39fcd9083e6e,ACC_aa53e07c0ec2,False,False,False,normal,
TXN_d7208716a735,ACC_aa53e07c0ec2,False,False,False,normal,
TXN_587863b69426,ACC_aa53e07c0ec2,False,False,False,normal,
TXN_099c6a2c197a,ACC_aa53e07c0ec2,False,False,False,normal,
TXN_a5a161a74e2d,ACC_aa53e07c0ec2,False,False,False,normal,
TXN_87f8ad9ead86,ACC_aa53e07c0ec2,False,False,False,normal,
TXN_9bdd6344c800,ACC_3bd1c8f51766,False,False,False,normal,
TXN_78facd367803,ACC_3bd1c8f51766,False,False,False,normal,
TXN_e077ef514964,ACC_3bd1c8f51766,False,False,False,normal,
TXN_7816300fa33f,ACC_3bd1c8f51766,False,False,False,normal,
TXN_feb8361849b5,ACC_3bd1c8f51766,False,False,False,normal,
TXN_d8a371e9625f,ACC_3bd1c8f51766,False,False,False,normal,
TXN_a3137fcc1105,ACC_3bd1c8f51766,False,False,False,normal,
TXN_c4cdac8ff9c0,ACC_3bd1c8f51766,False,False,False,normal,
TXN_0b105febfabf,ACC_3bd1c8f51766,False,False,False,normal,
TXN_1af08013a6f8,ACC_3bd1c8f51766,False,False,False,normal,
TXN_4add072f3d2c,ACC_c46769163bfe,False,False,False,normal,
TXN_9aa32c303cba,ACC_c46769163bfe,False,False,False,normal,
TXN_3d3e7cb4c319,ACC_c46769163bfe,False,False,False,normal,
TXN_553049c5c496,ACC_c46769163bfe,False,False,False,normal,
TXN_e7a30ca72570,ACC_c46769163bfe,False,False,False,normal,
TXN_c21b3415ceb9,ACC_c46769163bfe,False,False,False,normal,
TXN_0f9dd8bb673b,ACC_c46769163bfe,False,False,False,normal,
TXN_af3111d396c7,ACC_c46769163bfe,False,False,False,normal,
TXN_a26cdd349d23,ACC_c46769163bfe,False,False,False,normal,
TXN_01c34c407ecf,ACC_c46769163bfe,False,False,False,normal,
TXN_bfff4bc45063,ACC_a1db96690ef5,False,False,False,normal,
TXN_15fcdbda2b83,ACC_a1db96690ef5,False,False,False,normal,
TXN_4ba40b2e1dd5,ACC_a1db96690ef5,False,False,False,normal,
TXN_3d09a0c49b65,ACC_a1db96690ef5,False,False,False,normal,
TXN_1dc647fa7048,ACC_a1db96690ef5,False,False,False,normal,
TXN_14d339e39bd7,ACC_a1db96690ef5,False,False,False,normal,
TXN_794ef5beba6c,ACC_a1db96690ef5,False,False,False,normal,
TXN_f6f9ccf3ffd0,ACC_a1db96690ef5,False,False,False,normal,
TXN_d252f65793d7,ACC_a1db96690ef5,False,False,False,normal,
TXN_0dda2f9d3440,ACC_a1db96690ef5,False,False,False,normal,
TXN_d2b2afd15a23,ACC_bac30bc36573,False,False,False,normal,
TXN_f3230a202a71,ACC_bac30bc36573,False,False,False,normal,
TXN_79ab25a2c053,ACC_bac30bc36573,False,False,False,normal,
TXN_11fe57f2aed6,ACC_bac30bc36573,False,False,False,normal,
TXN_a56ef6cc06b6,ACC_bac30bc36573,False,False,False,normal,
TXN_d9fe4e7d69cd,ACC_bac30bc36573,False,False,False,normal,
TXN_7eff4fe2256c,ACC_bac30bc36573,False,False,False,normal,
TXN_df7c53521a5b,ACC_bac30bc36573,False,False,False,normal,
TXN_a4a464045ecb,ACC_bac30bc36573,False,False,False,normal,
TXN_a6a42a832a64,ACC_bac30bc36573,False,False,False,normal,
TXN_ba395363b672,ACC_f434bebbf1fc,False,True,True,behavioral_anomaly,
TXN_6908f079af1d,ACC_f434bebbf1fc,False,True,True,behavioral_anomaly,
TXN_495dfcc211a2,ACC_f434bebbf1fc,False,True,True,behavioral_anomaly,
TXN_0d1c1c1fd1cf,ACC_f434bebbf1fc,False,True,True,behavioral_anomaly,
TXN_b4d53d3341f6,ACC_f434bebbf1fc,False,True,True,behavioral_anomaly,
TXN_6227d4454e67,ACC_f434bebbf1fc,False,True,True,behavioral_anomaly,
TXN_b8e7792655ad,ACC_f434bebbf1fc,False,True,True,behavioral_anomaly,
TXN_25719bf92b10,ACC_f434bebbf1fc,False,True,True,behavioral_anomaly,
TXN_5add20a243f7,ACC_f434bebbf1fc,False,True,True,behavioral_anomaly,
TXN_860b7556e6c7,ACC_f434bebbf1fc,False,True,True,behavioral_anomaly,
TXN_9d51bb5a5a33,ACC_1c9cc08f7777,False,False,False,normal,
TXN_c96b28ac15c4,ACC_1c9cc08f7777,False,False,False,normal,
TXN_97dc425ca18f,ACC_1c9cc08f7777,False,False,False,normal,
TXN_19143f88a385,ACC_1c9cc08f7777,False,False,False,normal,
TXN_94b4a8f8f3e6,ACC_1c9cc08f7777,False,False,False,normal,
TXN_c5d2615578df,ACC_1c9cc08f7777,False,False,False,normal,
TXN_63a37604dbbe,ACC_1c9cc08f7777,False,False,False,normal,
TXN_0d124b9dc811,ACC_1c9cc08f7777,False,False,False,normal,
TXN_f8b06602a922,ACC_1c9cc08f7777,False,False,False,normal,
TXN_fcfe6e8de6b0,ACC_1c9cc08f7777,False,False,False,normal,
TXN_6d741ec35755,ACC_52d57634079b,False,False,False,normal,
TXN_013b505ae930,ACC_52d57634079b,False,False,False,normal,
TXN_bd3db13d1f68,ACC_52d57634079b,False,False,False,normal,
TXN_4a8af7bfca01,ACC_52d57634079b,False,False,False,normal,
TXN_5063b6b4db8f,ACC_52d57634079b,False,False,False,normal,
TXN_0ed7cd692bef,ACC_52d57634079b,False,False,False,normal,
TXN_65c708c0b70b,ACC_52d57634079b,False,False,False,normal,
TXN_af32241d2d63,ACC_52d57634079b,False,False,False,normal,
TXN_d293cb16b4e2,ACC_52d57634079b,False,False,False,normal,
TXN_f9deb9878d21,ACC_52d57634079b,False,False,False,normal,
TXN_285a701e902c,ACC_819b5cd08ea7,False,False,False,normal,
TXN_a6b6db6fa284,ACC_819b5cd08ea7,False,False,False,normal,
TXN_640b5d3bb2d5,ACC_819b5cd08ea7,False,False,False,normal,
TXN_06dbe1905ced,ACC_819b5cd08ea7,False,False,False,normal,
TXN_879be34b83e0,ACC_819b5cd08ea7,False,False,False,normal,
TXN_b909e3d5e76f,ACC_819b5cd08ea7,False,False,False,normal,
TXN_a4fc7214904a,ACC_819b5cd08ea7,False,False,False,normal,
TXN_17078d2228f8,ACC_819b5cd08ea7,False,False,False,normal,
TXN_7e76366da00f,ACC_819b5cd08ea7,False,False,False,normal,
TXN_2caefb22c436,ACC_819b5cd08ea7,False,False,False,normal,
TXN_55ffca4ffdc3,ACC_4599908d52e6,False,True,True,behavioral_anomaly,
TXN_d25da16a9f88,ACC_4599908d52e6,False,True,True,behavioral_anomaly,
TXN_e396112507e0,ACC_4599908d52e6,False,True,True,behavioral_anomaly,
TXN_d4b241b91c62,ACC_4599908d52e6,False,True,True,behavioral_anomaly,
TXN_c7a505594742,ACC_4599908d52e6,False,True,True,behavioral_anomaly,
TXN_de885d98e748,ACC_4599908d52e6,False,True,True,behavioral_anomaly,
TXN_e1bd3d3c676f,ACC_4599908d52e6,False,True,True,behavioral_anomaly,
TXN_450e95388a85,ACC_4599908d52e6,False,True,True,behavioral_anomaly,
TXN_1f9cd1d92371,ACC_4599908d52e6,False,True,True,behavioral_anomaly,
TXN_8c09a5039394,ACC_4599908d52e6,False,True,True,behavioral_anomaly,
TXN_4a67e23e6dc7,ACC_c8d7b226f7b5,False,False,False,normal,
TXN_27dc56e53d3e,ACC_c8d7b226f7b5,False,False,False,normal,
TXN_79ceb7b392b5,ACC_c8d7b226f7b5,False,False,False,normal,
TXN_d84ebf87215b,ACC_c8d7b226f7b5,False,False,False,normal,
TXN_a460f4021c5d,ACC_c8d7b226f7b5,False,False,False,normal,
TXN_10d72b9b96bd,ACC_c8d7b226f7b5,False,False,False,normal,
TXN_3919b0551754,ACC_c8d7b226f7b5,False,False,False,normal,
TXN_a8c0396f61d8,ACC_c8d7b226f7b5,False,False,False,normal,
TXN_5575761fc74d,ACC_c8d7b226f7b5,False,False,False,normal,
TXN_391a35402eea,ACC_c8d7b226f7b5,False,False,False,normal,
TXN_4df607e29040,ACC_94f9dbb9fa2b,False,True,True,behavioral_anomaly,
TXN_06e5bde2cf30,ACC_94f9dbb9fa2b,False,True,True,behavioral_anomaly,
TXN_077774a60e60,ACC_94f9dbb9fa2b,False,True,True,behavioral_anomaly,
TXN_4fdf25050ec9,ACC_94f9dbb9fa2b,False,True,True,behavioral_anomaly,
TXN_b60deb039b1b,ACC_94f9dbb9fa2b,False,True,True,behavioral_anomaly,
TXN_938740ba5aed,ACC_94f9dbb9fa2b,False,True,True,behavioral_anomaly,
TXN_ef5b0e26cdb7,ACC_94f9dbb9fa2b,False,True,True,behavioral_anomaly,
TXN_05ac3671f806,ACC_94f9dbb9fa2b,False,True,True,behavioral_anomaly,
TXN_7c97ac7db399,ACC_94f9dbb9fa2b,False,True,True,behavioral_anomaly,
TXN_25b3d3d0742e,ACC_94f9dbb9fa2b,False,True,True,behavioral_anomaly,
TXN_ec64b59efd75,ACC_ea314a861afd,False,False,False,normal,
TXN_b875f085c4c2,ACC_ea314a861afd,False,False,False,normal,
TXN_19ebff984d58,ACC_ea314a861afd,False,False,False,normal,
TXN_34b056be6dd2,ACC_ea314a861afd,False,False,False,normal,
TXN_e6d7774a9057,ACC_ea314a861afd,False,False,False,normal,
TXN_b8c5fc1ec0ba,ACC_ea314a861afd,False,False,False,normal,
TXN_4d2c999c8f8c,ACC_ea314a861afd,False,False,False,normal,
TXN_a0cb55bf6368,ACC_ea314a861afd,False,False,False,normal,
TXN_20ea059e4707,ACC_ea314a861afd,False,False,False,normal,
TXN_654447445b37,ACC_ea314a861afd,False,False,False,normal,
TXN_5d8d18319d8a,ACC_2a6fefe1c646,False,True,True,behavioral_anomaly,
TXN_462f5f8dfb0c,ACC_2a6fefe1c646,False,True,True,behavioral_anomaly,
TXN_ea0cf598546b,ACC_2a6fefe1c646,False,True,True,behavioral_anomaly,
TXN_fa3fe3a62b7e,ACC_2a6fefe1c646,False,True,True,behavioral_anomaly,
TXN_0065f31af226,ACC_2a6fefe1c646,False,True,True,behavioral_anomaly,
TXN_1a5556cb5882,ACC_2a6fefe1c646,False,True,True,behavioral_anomaly,
TXN_f77c6e0a478f,ACC_2a6fefe1c646,False,True,True,behavioral_anomaly,
TXN_0ff773cff794,ACC_2a6fefe1c646,False,True,True,behavioral_anomaly,
TXN_cf4e8c16064d,ACC_2a6fefe1c646,False,True,True,behavioral_anomaly,
TXN_308daac7510f,ACC_2a6fefe1c646,False,True,True,behavioral_anomaly,
TXN_85849dc3bf5f,ACC_d0fcf38729d3,False,False,False,normal,
TXN_9bfe37d03006,ACC_d0fcf38729d3,False,False,False,normal,
TXN_d9d25664e73b,ACC_d0fcf38729d3,False,False,False,normal,
TXN_ddf673b63047,ACC_d0fcf38729d3,False,False,False,normal,
TXN_fb0e8db55f5f,ACC_d0fcf38729d3,False,False,False,normal,
TXN_a9e0fb3d7b18,ACC_d0fcf38729d3,False,False,False,normal,
TXN_483b976cf4c7,ACC_d0fcf38729d3,False,False,False,normal,
TXN_f721c6fb6d08,ACC_d0fcf38729d3,False,False,False,normal,
TXN_48b0e36563e9,ACC_d0fcf38729d3,False,False,False,normal,
TXN_574e4d5b0bd1,ACC_d0fcf38729d3,False,False,False,normal,
TXN_02550e4dda3b,ACC_690f5bcde205,False,True,True,behavioral_anomaly,
TXN_294adc80e246,ACC_690f5bcde205,False,True,True,behavioral_anomaly,
TXN_119a12a13684,ACC_690f5bcde205,False,True,True,behavioral_anomaly,
TXN_c30dbb1becfd,ACC_690f5bcde205,False,True,True,behavioral_anomaly,
TXN_57afb655200f,ACC_690f5bcde205,False,True,True,behavioral_anomaly,
TXN_c58632176b91,ACC_690f5bcde205,False,True,True,behavioral_anomaly,
TXN_f08f08adcc8a,ACC_690f5bcde205,False,True,True,behavioral_anomaly,
TXN_a1b9bd50fb93,ACC_690f5bcde205,False,True,True,behavioral_anomaly,
TXN_9215ca5eaadb,ACC_690f5bcde205,False,True,True,behavioral_anomaly,
TXN_a04062418b64,ACC_690f5bcde205,False,True,True,behavioral_anomaly,
TXN_86b71785d435,ACC_539c045fe1c8,False,False,False,normal,
TXN_ae0761507455,ACC_539c045fe1c8,False,False,False,normal,
TXN_94654d281b3a,ACC_539c045fe1c8,False,False,False,normal,
TXN_700c72555b76,ACC_539c045fe1c8,False,False,False,normal,
TXN_5aa430ae3fcd,ACC_539c045fe1c8,False,False,False,normal,
TXN_ffc57c511aa1,ACC_539c045fe1c8,False,False,False,normal,
TXN_3bc16eab09de,ACC_539c045fe1c8,False,False,False,normal,
TXN_677e9a3940b2,ACC_539c045fe1c8,False,False,False,normal,
TXN_48651ea1738f,ACC_539c045fe1c8,False,False,False,normal,
TXN_a0af9d8cec6e,ACC_539c045fe1c8,False,False,False,normal,
TXN_130619dabc17,ACC_464071d4aae5,False,False,False,normal,
TXN_ee91a1c346b4,ACC_464071d4aae5,False,False,False,normal,
TXN_7795ea77a835,ACC_464071d4aae5,False,False,False,normal,
TXN_a9ebdfe4e166,ACC_464071d4aae5,False,False,False,normal,
TXN_5eedb416b4f3,ACC_464071d4aae5,False,False,False,normal,
TXN_13b55d22af4a,ACC_464071d4aae5,False,False,False,normal,
TXN_c05ab2562f8e,ACC_464071d4aae5,False,False,False,normal,
TXN_049c04fa17a3,ACC_464071d4aae5,False,False,False,normal,
TXN_7550c9a3af83,ACC_464071d4aae5,False,False,False,normal,
TXN_4890ab35e07e,ACC_464071d4aae5,False,False,False,normal,
TXN_8ddf274edb88,ACC_f17a5f4758ba,False,False,False,normal,
TXN_3bcee2bdfae6,ACC_f17a5f4758ba,False,False,False,normal,
TXN_9e06e2b430ea,ACC_f17a5f4758ba,False,False,False,normal,
TXN_1176921522a5,ACC_f17a5f4758ba,False,False,False,normal,
TXN_13a189e674d3,ACC_f17a5f4758ba,False,False,False,normal,
TXN_2f820bee047a,ACC_f17a5f4758ba,False,False,False,normal,
TXN_e66047a4dcc6,ACC_f17a5f4758ba,False,False,False,normal,
TXN_b9147931e23c,ACC_f17a5f4758ba,False,False,False,normal,
TXN_bc18c160da72,ACC_f17a5f4758ba,False,False,False,normal,
TXN_8e4586dd1df0,ACC_f17a5f4758ba,False,False,False,normal,
TXN_011399364b5b,ACC_b107f18dd9f1,False,False,False,normal,
TXN_5e2069b1f1d8,ACC_b107f18dd9f1,False,False,False,normal,
TXN_56bc9dfeeb4a,ACC_b107f18dd9f1,False,False,False,normal,
TXN_b320e93a68e0,ACC_b107f18dd9f1,False,False,False,normal,
TXN_64705a46d64b,ACC_b107f18dd9f1,False,False,False,normal,
TXN_ae4036175fa1,ACC_b107f18dd9f1,False,False,False,normal,
TXN_2d65a5a6d617,ACC_b107f18dd9f1,False,False,False,normal,
TXN_bd200208b106,ACC_b107f18dd9f1,False,False,False,normal,
TXN_e79648740a02,ACC_b107f18dd9f1,False,False,False,normal,
TXN_a344e000fef9,ACC_b107f18dd9f1,False,False,False,normal,
TXN_0b526966cf97,ACC_cee3f396e12f,False,False,False,normal,
TXN_427f4ccafff2,ACC_cee3f396e12f,False,False,False,normal,
TXN_8324ba75215c,ACC_cee3f396e12f,False,False,False,normal,
TXN_d9997be39ff7,ACC_cee3f396e12f,False,False,False,normal,
TXN_4c60238fd884,ACC_cee3f396e12f,False,False,False,normal,
TXN_5740a8d40b33,ACC_cee3f396e12f,False,False,False,normal,
TXN_5053bc937f78,ACC_cee3f396e12f,False,False,False,normal,
TXN_6290c2588503,ACC_cee3f396e12f,False,False,False,normal,
TXN_a2cfaf20c150,ACC_cee3f396e12f,False,False,False,normal,
TXN_953af42b3151,ACC_cee3f396e12f,False,False,False,normal,
TXN_1ba063614ee6,ACC_44f009d2acc9,False,False,False,normal,
TXN_4e302d271aeb,ACC_44f009d2acc9,False,False,False,normal,
TXN_b571f490bceb,ACC_44f009d2acc9,False,False,False,normal,
TXN_ca0b30572587,ACC_44f009d2acc9,False,False,False,normal,
TXN_484c6a70bd2e,ACC_44f009d2acc9,False,False,False,normal,
TXN_1a3431b9017b,ACC_44f009d2acc9,False,False,False,normal,
TXN_12c6929d492d,ACC_44f009d2acc9,False,False,False,normal,
TXN_82c1c6a69cab,ACC_44f009d2acc9,False,False,False,normal,
TXN_28455f09aa84,ACC_44f009d2acc9,False,False,False,normal,
TXN_3701bf0161b5,ACC_44f009d2acc9,False,False,False,normal,
TXN_3c03b5b6b445,ACC_bdd62ae52d2b,False,False,False,normal,
TXN_439f79499ec6,ACC_bdd62ae52d2b,False,False,False,normal,
TXN_baf800f990e4,ACC_bdd62ae52d2b,False,False,False,normal,
TXN_bad5af87277b,ACC_bdd62ae52d2b,False,False,False,normal,
TXN_c366bd952561,ACC_bdd62ae52d2b,False,False,False,normal,
TXN_cecb8e15e2c8,ACC_bdd62ae52d2b,False,False,False,normal,
TXN_d5b41a7252e0,ACC_bdd62ae52d2b,False,False,False,normal,
TXN_aed2a1a98a64,ACC_bdd62ae52d2b,False,False,False,normal,
TXN_7e69e1a9dc68,ACC_bdd62ae52d2b,False,False,False,normal,
TXN_a65096a5ee63,ACC_bdd62ae52d2b,False,False,False,normal,
TXN_b41e50a7f8e2,ACC_c8b1231656d6,False,False,False,normal,
TXN_72a3a2df25a3,ACC_c8b1231656d6,False,False,False,normal,
TXN_3728f5c7852a,ACC_c8b1231656d6,False,False,False,normal,
TXN_3185256688bd,ACC_c8b1231656d6,False,False,False,normal,
TXN_62052477e123,ACC_c8b1231656d6,False,False,False,normal,
TXN_de00180fea88,ACC_c8b1231656d6,False,False,False,normal,
TXN_4812086a2c23,ACC_c8b1231656d6,False,False,False,normal,
TXN_b438c82f00c7,ACC_c8b1231656d6,False,False,False,normal,
TXN_f6f6e8377375,ACC_c8b1231656d6,False,False,False,normal,
TXN_17232e3c7ff8,ACC_c8b1231656d6,False,False,False,normal,
TXN_baf6070bfccd,ACC_540e078f9cb7,False,False,False,normal,
TXN_4f620b2eddfa,ACC_540e078f9cb7,False,False,False,normal,
TXN_403daaecfda3,ACC_540e078f9cb7,False,False,False,normal,
TXN_b00dfca3d791,ACC_540e078f9cb7,False,False,False,normal,
TXN_e5a291bd8c37,ACC_540e078f9cb7,False,False,False,normal,
TXN_769575561da7,ACC_540e078f9cb7,False,False,False,normal,
TXN_a0a4bdf28a08,ACC_540e078f9cb7,False,False,False,normal,
TXN_c8459e86f224,ACC_540e078f9cb7,False,False,False,normal,
TXN_5248930cee77,ACC_540e078f9cb7,False,False,False,normal,
TXN_9aafcc7099e6,ACC_540e078f9cb7,False,False,False,normal,
TXN_a3f0ebcf7e8d,ACC_1ba916e89e3d,False,False,False,normal,
TXN_78f2a021f749,ACC_1ba916e89e3d,False,False,False,normal,
TXN_7eccb077bd25,ACC_1ba916e89e3d,False,False,False,normal,
TXN_38c81de48ebd,ACC_1ba916e89e3d,False,False,False,normal,
TXN_4c33a6acb997,ACC_1ba916e89e3d,False,False,False,normal,
TXN_ef78894a4bea,ACC_1ba916e89e3d,False,False,False,normal,
TXN_11d2f2fb555a,ACC_1ba916e89e3d,False,False,False,normal,
TXN_2a5d5195c244,ACC_1ba916e89e3d,False,False,False,normal,
TXN_cfb288388f32,ACC_1ba916e89e3d,False,False,False,normal,
TXN_a36d3ee386e9,ACC_1ba916e89e3d,False,False,False,normal,
TXN_245c096dd256,ACC_acccb209ac6e,False,False,False,normal,
TXN_33f0c1da63c0,ACC_acccb209ac6e,False,False,False,normal,
TXN_0787e010b5eb,ACC_acccb209ac6e,False,False,False,normal,
TXN_1261c41a4c6e,ACC_acccb209ac6e,False,False,False,normal,
TXN_521d3f83f686,ACC_acccb209ac6e,False,False,False,normal,
TXN_27dec9e612ef,ACC_acccb209ac6e,False,False,False,normal,
TXN_96fd686f6811,ACC_acccb209ac6e,False,False,False,normal,
TXN_b429d28e6b53,ACC_acccb209ac6e,False,False,False,normal,
TXN_8fa40c9f0ad6,ACC_acccb209ac6e,False,False,False,normal,
TXN_68096f08eebc,ACC_acccb209ac6e,False,False,False,normal,
TXN_fc9a95b107fa,ACC_af99aafb6695,False,False,False,normal,
TXN_29e9229a926d,ACC_af99aafb6695,False,False,False,normal,
TXN_f2b88d969beb,ACC_af99aafb6695,False,False,False,normal,
TXN_5162f043fab0,ACC_af99aafb6695,False,False,False,normal,
TXN_e2e0b8f1b8bd,ACC_af99aafb6695,False,False,False,normal,
TXN_ca67aaa982ee,ACC_af99aafb6695,False,False,False,normal,
TXN_eae1546e406c,ACC_af99aafb6695,False,False,False,normal,
TXN_f92848ff59b1,ACC_af99aafb6695,False,False,False,normal,
TXN_f403f4902a1d,ACC_af99aafb6695,False,False,False,normal,
TXN_5ea376ed7b67,ACC_af99aafb6695,False,False,False,normal,
TXN_a1b4a1ceb0df,ACC_2d7882cfb903,False,False,False,normal,
TXN_f62a60c964e7,ACC_2d7882cfb903,False,False,False,normal,
TXN_4f89d174a404,ACC_2d7882cfb903,False,False,False,normal,
TXN_fde9e70a8c55,ACC_2d7882cfb903,False,False,False,normal,
TXN_f86ded167a2b,ACC_2d7882cfb903,False,False,False,normal,
TXN_745206738289,ACC_2d7882cfb903,False,False,False,normal,
TXN_10102f2415a8,ACC_2d7882cfb903,False,False,False,normal,
TXN_b0cfeb83f3c4,ACC_2d7882cfb903,False,False,False,normal,
TXN_b227d346dfa5,ACC_2d7882cfb903,False,False,False,normal,
TXN_ac7df6f3c6c5,ACC_2d7882cfb903,False,False,False,normal,
TXN_e2ba7560487d,ACC_a6f7e572efbb,False,False,False,normal,
TXN_269dfb7b2fba,ACC_a6f7e572efbb,False,False,False,normal,
TXN_5d74c36227ef,ACC_a6f7e572efbb,False,False,False,normal,
TXN_dd9c7a8b727f,ACC_a6f7e572efbb,False,False,False,normal,
TXN_9375afd27b97,ACC_a6f7e572efbb,False,False,False,normal,
TXN_aefee6fa6c07,ACC_a6f7e572efbb,False,False,False,normal,
TXN_0e463cb9b436,ACC_a6f7e572efbb,False,False,False,normal,
TXN_20b6526c6a1e,ACC_a6f7e572efbb,False,False,False,normal,
TXN_065d9b0bc9e8,ACC_a6f7e572efbb,False,False,False,normal,
TXN_6e1f87f95fcc,ACC_a6f7e572efbb,False,False,False,normal,
TXN_da8a3fb86d10,ACC_f2345c10c7b2,False,False,False,normal,
TXN_7d907bec8800,ACC_f2345c10c7b2,False,False,False,normal,
TXN_16b8e86aaed8,ACC_f2345c10c7b2,False,False,False,normal,
TXN_008bdefb6de8,ACC_f2345c10c7b2,False,False,False,normal,
TXN_dfc0581dc9ff,ACC_f2345c10c7b2,False,False,False,normal,
TXN_e0e61c2f2a5e,ACC_f2345c10c7b2,False,False,False,normal,
TXN_fff12ed0e05c,ACC_f2345c10c7b2,False,False,False,normal,
TXN_3dfa6287e713,ACC_f2345c10c7b2,False,False,False,normal,
TXN_45f2cf5aab98,ACC_f2345c10c7b2,False,False,False,normal,
TXN_6313b17b4670,ACC_f2345c10c7b2,False,False,False,normal,
TXN_6a8e70634efa,ACC_0c45cf1fd972,False,False,False,normal,
TXN_a23a3b5371fe,ACC_0c45cf1fd972,False,False,False,normal,
TXN_cfb1baca8eba,ACC_0c45cf1fd972,False,False,False,normal,
TXN_8e41dab9bd7b,ACC_0c45cf1fd972,False,False,False,normal,
TXN_f5ba97174cb0,ACC_0c45cf1fd972,False,False,False,normal,
TXN_1f8544c8efd3,ACC_0c45cf1fd972,False,False,False,normal,
TXN_692176019b7f,ACC_0c45cf1fd972,False,False,False,normal,
TXN_454414871ec2,ACC_0c45cf1fd972,False,False,False,normal,
TXN_6ed48da034fc,ACC_0c45cf1fd972,False,False,False,normal,
TXN_7e869e93babb,ACC_0c45cf1fd972,False,False,False,normal,
TXN_fb70b0f15546,ACC_ff77b93dbed9,False,False,False,normal,
TXN_ed82f2efd8c7,ACC_ff77b93dbed9,False,False,False,normal,
TXN_b3ac291fa055,ACC_ff77b93dbed9,False,False,False,normal,
TXN_a8ec3b97fb64,ACC_ff77b93dbed9,False,False,False,normal,
TXN_0029e589bf5c,ACC_ff77b93dbed9,False,False,False,normal,
TXN_42b9bbb502e2,ACC_ff77b93dbed9,False,False,False,normal,
TXN_1d5b71a757a7,ACC_ff77b93dbed9,False,False,False,normal,
TXN_ca91d7ba1619,ACC_ff77b93dbed9,False,False,False,normal,
TXN_66b00449acc5,ACC_ff77b93dbed9,False,False,False,normal,
TXN_afd9872f3903,ACC_ff77b93dbed9,False,False,False,normal,
TXN_2a6e335284e9,ACC_c01875279938,False,False,False,normal,
TXN_8d821c256fcb,ACC_c01875279938,False,False,False,normal,
TXN_15c2acb75770,ACC_c01875279938,False,False,False,normal,
TXN_4fcb66e398a3,ACC_c01875279938,False,False,False,normal,
TXN_40f4f6847de9,ACC_c01875279938,False,False,False,normal,
TXN_4d4873feaa1e,ACC_c01875279938,False,False,False,normal,
TXN_7549f9c2e51b,ACC_c01875279938,False,False,False,normal,
TXN_d841be812184,ACC_c01875279938,False,False,False,normal,
TXN_3a3f1cfc9074,ACC_c01875279938,False,False,False,normal,
TXN_2fe978002e38,ACC_c01875279938,False,False,False,normal,
TXN_96ec4cadff3b,ACC_028a06496144,False,False,False,normal,
TXN_d50747a9f435,ACC_028a06496144,False,False,False,normal,
TXN_668f9b04e452,ACC_028a06496144,False,False,False,normal,
TXN_9c01842f3de0,ACC_028a06496144,False,False,False,normal,
TXN_e825823923ea,ACC_028a06496144,False,False,False,normal,
TXN_96052a119615,ACC_028a06496144,False,False,False,normal,
TXN_a35d41988c9c,ACC_028a06496144,False,False,False,normal,
TXN_20206e723492,ACC_028a06496144,False,False,False,normal,
TXN_7fa8fca9f179,ACC_028a06496144,False,False,False,normal,
TXN_b8af760ada77,ACC_028a06496144,False,False,False,normal,
TXN_729844cac4c0,ACC_8e2a0ec17b93,False,False,False,normal,
TXN_21ea3e51ed50,ACC_8e2a0ec17b93,False,False,False,normal,
TXN_1f930a54bab2,ACC_8e2a0ec17b93,False,False,False,normal,
TXN_ebe65f4072f8,ACC_8e2a0ec17b93,False,False,False,normal,
TXN_c3ec005291ea,ACC_8e2a0ec17b93,False,False,False,normal,
TXN_aa827a7b752e,ACC_8e2a0ec17b93,False,False,False,normal,
TXN_7b63959e961b,ACC_8e2a0ec17b93,False,False,False,normal,
TXN_9f82c3973a92,ACC_8e2a0ec17b93,False,False,False,normal,
TXN_6a15cc057393,ACC_8e2a0ec17b93,False,False,False,normal,
TXN_e767b33fd580,ACC_8e2a0ec17b93,False,False,False,normal,
TXN_264761ec4a09,ACC_daa2479a5537,False,False,False,normal,
TXN_12e6cb347ed5,ACC_daa2479a5537,False,False,False,normal,
TXN_c89e5415b396,ACC_daa2479a5537,False,False,False,normal,
TXN_8ead4159f069,ACC_daa2479a5537,False,False,False,normal,
TXN_07df54f46e0c,ACC_daa2479a5537,False,False,False,normal,
TXN_62b61cadadec,ACC_daa2479a5537,False,False,False,normal,
TXN_2e6f1b80ce9f,ACC_daa2479a5537,False,False,False,normal,
TXN_609bcf2877ad,ACC_daa2479a5537,False,False,False,normal,
TXN_fd04a90f074b,ACC_daa2479a5537,False,False,False,normal,
TXN_cc075bbbd2a2,ACC_daa2479a5537,False,False,False,normal,
TXN_fcaa70c34d2e,ACC_06faaaa92db8,False,False,False,normal,
TXN_0ac1cb0c6411,ACC_06faaaa92db8,False,False,False,normal,
TXN_268d8ff1f3e2,ACC_06faaaa92db8,False,False,False,normal,
TXN_584cde87b590,ACC_06faaaa92db8,False,False,False,normal,
TXN_f8718479a84a,ACC_06faaaa92db8,False,False,False,normal,
TXN_db279c132628,ACC_06faaaa92db8,False,False,False,normal,
TXN_24af30984201,ACC_06faaaa92db8,False,False,False,normal,
TXN_4ce7994527eb,ACC_06faaaa92db8,False,False,False,normal,
TXN_cc2164fd7b2b,ACC_06faaaa92db8,False,False,False,normal,
TXN_e4c401998cc6,ACC_06faaaa92db8,False,False,False,normal,
TXN_a71c242e11b3,ACC_82b348b5ef99,True,False,True,fraud_ring,RING_002
TXN_8caa0ffc0532,ACC_82b348b5ef99,True,False,True,fraud_ring,RING_002
TXN_885a78645db3,ACC_82b348b5ef99,True,False,True,fraud_ring,RING_002
TXN_eaedb8339adc,ACC_82b348b5ef99,True,False,True,fraud_ring,RING_002
TXN_780d55e537e3,ACC_82b348b5ef99,True,False,True,fraud_ring,RING_002
TXN_4eb9ac5c3254,ACC_82b348b5ef99,True,False,True,fraud_ring,RING_002
TXN_be5215e4cefb,ACC_82b348b5ef99,True,False,True,fraud_ring,RING_002
TXN_e1dd182ad4d0,ACC_82b348b5ef99,True,False,True,fraud_ring,RING_002
TXN_3d20e7a7de49,ACC_82b348b5ef99,True,False,True,fraud_ring,RING_002
TXN_0168cbc8edd4,ACC_82b348b5ef99,True,False,True,fraud_ring,RING_002
TXN_591aeff47456,ACC_01ba4ee3e751,False,False,False,normal,
TXN_f2d599ff64a8,ACC_01ba4ee3e751,False,False,False,normal,
TXN_a0fefdb431a7,ACC_01ba4ee3e751,False,False,False,normal,
TXN_b1fa8d93a54d,ACC_01ba4ee3e751,False,False,False,normal,
TXN_5e034d8efa13,ACC_01ba4ee3e751,False,False,False,normal,
TXN_37f3b5fe80be,ACC_01ba4ee3e751,False,False,False,normal,
TXN_e184ee0867c6,ACC_01ba4ee3e751,False,False,False,normal,
TXN_def7ac65381f,ACC_01ba4ee3e751,False,False,False,normal,
TXN_90261c071455,ACC_01ba4ee3e751,False,False,False,normal,
TXN_e11c50b3be0c,ACC_01ba4ee3e751,False,False,False,normal,
TXN_b1ef8273043d,ACC_cc5daaabbc53,False,False,False,normal,
TXN_ee75bb07952c,ACC_cc5daaabbc53,False,False,False,normal,
TXN_5b28c2c2d8e7,ACC_cc5daaabbc53,False,False,False,normal,
TXN_2e4b7105af33,ACC_cc5daaabbc53,False,False,False,normal,
TXN_c18a497ddce4,ACC_cc5daaabbc53,False,False,False,normal,
TXN_042557b54165,ACC_cc5daaabbc53,False,False,False,normal,
TXN_f90c124b6d1d,ACC_cc5daaabbc53,False,False,False,normal,
TXN_a9597f4ac0f5,ACC_cc5daaabbc53,False,False,False,normal,
TXN_57c2c395028a,ACC_cc5daaabbc53,False,False,False,normal,
TXN_1f0dc3d73d59,ACC_cc5daaabbc53,False,False,False,normal,
TXN_712308bf899a,ACC_92a1d55dbff7,False,True,True,behavioral_anomaly,
TXN_628ac584a577,ACC_92a1d55dbff7,False,True,True,behavioral_anomaly,
TXN_189ca0681cbf,ACC_92a1d55dbff7,False,True,True,behavioral_anomaly,
TXN_a2cd8d4ff9ca,ACC_92a1d55dbff7,False,True,True,behavioral_anomaly,
TXN_1611567f0abe,ACC_92a1d55dbff7,False,True,True,behavioral_anomaly,
TXN_f0a15a64f3ce,ACC_92a1d55dbff7,False,True,True,behavioral_anomaly,
TXN_846da101f9b3,ACC_92a1d55dbff7,False,True,True,behavioral_anomaly,
TXN_8e1802c084b7,ACC_92a1d55dbff7,False,True,True,behavioral_anomaly,
TXN_8a9501b2ee3a,ACC_92a1d55dbff7,False,True,True,behavioral_anomaly,
TXN_e8601a1b6b37,ACC_92a1d55dbff7,False,True,True,behavioral_anomaly,
TXN_ddf8369c0762,ACC_63ef531ca11c,False,False,False,normal,
TXN_9fadc545705d,ACC_63ef531ca11c,False,False,False,normal,
TXN_4556894c5a06,ACC_63ef531ca11c,False,False,False,normal,
TXN_fd6c1e4d9445,ACC_63ef531ca11c,False,False,False,normal,
TXN_f9a9aa6ff080,ACC_63ef531ca11c,False,False,False,normal,
TXN_9d50bbf5cfc0,ACC_63ef531ca11c,False,False,False,normal,
TXN_3e346edd5a23,ACC_63ef531ca11c,False,False,False,normal,
TXN_f70b83ab9576,ACC_63ef531ca11c,False,False,False,normal,
TXN_1822c60e7296,ACC_63ef531ca11c,False,False,False,normal,
TXN_17568492f67d,ACC_63ef531ca11c,False,False,False,normal,
TXN_c09d71b6c5a5,ACC_ed0952cbc34f,False,False,False,normal,
TXN_495abb66f7af,ACC_ed0952cbc34f,False,False,False,normal,
TXN_989005dbe40a,ACC_ed0952cbc34f,False,False,False,normal,
TXN_b5ba22ea8b5c,ACC_ed0952cbc34f,False,False,False,normal,
TXN_e1ff08025839,ACC_ed0952cbc34f,False,False,False,normal,
TXN_4de3baec8032,ACC_ed0952cbc34f,False,False,False,normal,
TXN_10c10558d6c7,ACC_ed0952cbc34f,False,False,False,normal,
TXN_03f17635a76d,ACC_ed0952cbc34f,False,False,False,normal,
TXN_5b41a53341af,ACC_ed0952cbc34f,False,False,False,normal,
TXN_e54cf992ff77,ACC_ed0952cbc34f,False,False,False,normal,
TXN_b70fc4bfb79b,ACC_15fb19fde6a2,False,False,False,normal,
TXN_9e4f06706a25,ACC_15fb19fde6a2,False,False,False,normal,
TXN_e8c5037e3d59,ACC_15fb19fde6a2,False,False,False,normal,
TXN_8e2fd78132e4,ACC_15fb19fde6a2,False,False,False,normal,
TXN_255f91d6ec1c,ACC_15fb19fde6a2,False,False,False,normal,
TXN_751788553ee4,ACC_15fb19fde6a2,False,False,False,normal,
TXN_de91adc57b8e,ACC_15fb19fde6a2,False,False,False,normal,
TXN_969fd14b7e0e,ACC_15fb19fde6a2,False,False,False,normal,
TXN_4440f564c489,ACC_15fb19fde6a2,False,False,False,normal,
TXN_33d6cc374326,ACC_15fb19fde6a2,False,False,False,normal,
TXN_474647ce66ae,ACC_9ca53e3f3067,False,False,False,normal,
TXN_13173acf5133,ACC_9ca53e3f3067,False,False,False,normal,
TXN_127f2b4773be,ACC_9ca53e3f3067,False,False,False,normal,
TXN_be997c04764f,ACC_9ca53e3f3067,False,False,False,normal,
TXN_dd811cf4aec4,ACC_9ca53e3f3067,False,False,False,normal,
TXN_fd60b947a08c,ACC_9ca53e3f3067,False,False,False,normal,
TXN_1ecfb765f8d8,ACC_9ca53e3f3067,False,False,False,normal,
TXN_64c510e6cd60,ACC_9ca53e3f3067,False,False,False,normal,
TXN_7a23f325774a,ACC_9ca53e3f3067,False,False,False,normal,
TXN_b7e80bca5bdb,ACC_9ca53e3f3067,False,False,False,normal,
TXN_09f03211d547,ACC_3780329c9c3b,False,False,False,normal,
TXN_d7715522af16,ACC_3780329c9c3b,False,False,False,normal,
TXN_acae623f2ea6,ACC_3780329c9c3b,False,False,False,normal,
TXN_c338747b2e8e,ACC_3780329c9c3b,False,False,False,normal,
TXN_de41687a1ab0,ACC_3780329c9c3b,False,False,False,normal,
TXN_36be177ff247,ACC_3780329c9c3b,False,False,False,normal,
TXN_0f729754d798,ACC_3780329c9c3b,False,False,False,normal,
TXN_88e62c00dbbd,ACC_3780329c9c3b,False,False,False,normal,
TXN_0f724289f137,ACC_3780329c9c3b,False,False,False,normal,
TXN_b835f6ee78c9,ACC_3780329c9c3b,False,False,False,normal,
TXN_f5339222c633,ACC_ee5c1a051649,False,True,True,behavioral_anomaly,
TXN_fe8891f47996,ACC_ee5c1a051649,False,True,True,behavioral_anomaly,
TXN_318250c4e5a9,ACC_ee5c1a051649,False,True,True,behavioral_anomaly,
TXN_f5538fa0747d,ACC_ee5c1a051649,False,True,True,behavioral_anomaly,
TXN_be46223bc4fa,ACC_ee5c1a051649,False,True,True,behavioral_anomaly,
TXN_7fa454c1b451,ACC_ee5c1a051649,False,True,True,behavioral_anomaly,
TXN_683b7582140a,ACC_ee5c1a051649,False,True,True,behavioral_anomaly,
TXN_19be01a72847,ACC_ee5c1a051649,False,True,True,behavioral_anomaly,
TXN_3778da9df8b9,ACC_ee5c1a051649,False,True,True,behavioral_anomaly,
TXN_b6e84e32e0e7,ACC_ee5c1a051649,False,True,True,behavioral_anomaly,
TXN_10be9384578d,ACC_96b322ac5727,False,False,False,normal,
TXN_2c5a3d023c85,ACC_96b322ac5727,False,False,False,normal,
TXN_bfe7d19943db,ACC_96b322ac5727,False,False,False,normal,
TXN_e8aa445893dd,ACC_96b322ac5727,False,False,False,normal,
TXN_377912247dcb,ACC_96b322ac5727,False,False,False,normal,
TXN_fedee2c19808,ACC_96b322ac5727,False,False,False,normal,
TXN_c0f1187a0f50,ACC_96b322ac5727,False,False,False,normal,
TXN_03464ffa857a,ACC_96b322ac5727,False,False,False,normal,
TXN_e3dd19e419af,ACC_96b322ac5727,False,False,False,normal,
TXN_79b494cff988,ACC_96b322ac5727,False,False,False,normal,
TXN_d493780f42a0,ACC_06bc6add2981,False,False,False,normal,
TXN_c454f3551ebc,ACC_06bc6add2981,False,False,False,normal,
TXN_5abf8d8ca8bc,ACC_06bc6add2981,False,False,False,normal,
TXN_19a28e57daa2,ACC_06bc6add2981,False,False,False,normal,
TXN_a63508cfb389,ACC_06bc6add2981,False,False,False,normal,
TXN_967fd93cc8fc,ACC_06bc6add2981,False,False,False,normal,
TXN_9fd70440c79c,ACC_06bc6add2981,False,False,False,normal,
TXN_00d4f59802ed,ACC_06bc6add2981,False,False,False,normal,
TXN_edd8bf309d6d,ACC_06bc6add2981,False,False,False,normal,
TXN_15b3495fa1c3,ACC_06bc6add2981,False,False,False,normal,
TXN_7853eb54788a,ACC_c42064bee61e,False,False,False,normal,
TXN_3de7ffbf4396,ACC_c42064bee61e,False,False,False,normal,
TXN_7d55b0a02ee4,ACC_c42064bee61e,False,False,False,normal,
TXN_1cf367fb29f2,ACC_c42064bee61e,False,False,False,normal,
TXN_d3cd2d01f7ad,ACC_c42064bee61e,False,False,False,normal,
TXN_1fd5c3017c68,ACC_c42064bee61e,False,False,False,normal,
TXN_dcca4cfb0339,ACC_c42064bee61e,False,False,False,normal,
TXN_8586fc79453c,ACC_c42064bee61e,False,False,False,normal,
TXN_77362f11869d,ACC_c42064bee61e,False,False,False,normal,
TXN_7e2116ba6759,ACC_c42064bee61e,False,False,False,normal,
TXN_ca5a5603ba38,ACC_409a4a447e5c,False,False,False,normal,
TXN_b2697a064d6f,ACC_409a4a447e5c,False,False,False,normal,
TXN_fddb6663eff6,ACC_409a4a447e5c,False,False,False,normal,
TXN_1a3f0715909e,ACC_409a4a447e5c,False,False,False,normal,
TXN_2c211b88820a,ACC_409a4a447e5c,False,False,False,normal,
TXN_3d02559af316,ACC_409a4a447e5c,False,False,False,normal,
TXN_77c786e86fc0,ACC_409a4a447e5c,False,False,False,normal,
TXN_241fa6b95ff7,ACC_409a4a447e5c,False,False,False,normal,
TXN_695a150068be,ACC_409a4a447e5c,False,False,False,normal,
TXN_3e6155c4b828,ACC_409a4a447e5c,False,False,False,normal,
TXN_0a9943510326,ACC_6034c163f741,False,False,False,normal,
TXN_21244cb30ca2,ACC_6034c163f741,False,False,False,normal,
TXN_e9e7d75c4a3a,ACC_6034c163f741,False,False,False,normal,
TXN_682b5a95ec63,ACC_6034c163f741,False,False,False,normal,
TXN_b78cd3ba6cd1,ACC_6034c163f741,False,False,False,normal,
TXN_e3d169d1aed6,ACC_6034c163f741,False,False,False,normal,
TXN_9148cc5732b7,ACC_6034c163f741,False,False,False,normal,
TXN_b3aadb66709c,ACC_6034c163f741,False,False,False,normal,
TXN_bd821db09f87,ACC_6034c163f741,False,False,False,normal,
TXN_afa0af9e22b3,ACC_6034c163f741,False,False,False,normal,
TXN_1f9a2ed2e4ac,ACC_19f1c1f93947,False,True,True,behavioral_anomaly,
TXN_6b9108ffe5ab,ACC_19f1c1f93947,False,True,True,behavioral_anomaly,
TXN_4a4c61f38ab7,ACC_19f1c1f93947,False,True,True,behavioral_anomaly,
TXN_ecc8562a82b1,ACC_19f1c1f93947,False,True,True,behavioral_anomaly,
TXN_aeb9ee4a346d,ACC_19f1c1f93947,False,True,True,behavioral_anomaly,
TXN_ac2ca2025371,ACC_19f1c1f93947,False,True,True,behavioral_anomaly,
TXN_bdc1f3c178f8,ACC_19f1c1f93947,False,True,True,behavioral_anomaly,
TXN_0af5736697e1,ACC_19f1c1f93947,False,True,True,behavioral_anomaly,
TXN_558c2e44d686,ACC_19f1c1f93947,False,True,True,behavioral_anomaly,
TXN_e38f70a59fe3,ACC_19f1c1f93947,False,True,True,behavioral_anomaly,
TXN_ba067b7374ed,ACC_f32e32f7decd,False,False,False,normal,
TXN_b7845c4116fd,ACC_f32e32f7decd,False,False,False,normal,
TXN_7ee3e9b03bda,ACC_f32e32f7decd,False,False,False,normal,
TXN_02ecc8a817fb,ACC_f32e32f7decd,False,False,False,normal,
TXN_aa58c96b4663,ACC_f32e32f7decd,False,False,False,normal,
TXN_d378b56acca1,ACC_f32e32f7decd,False,False,False,normal,
TXN_6e5b9188d23e,ACC_f32e32f7decd,False,False,False,normal,
TXN_4e5290c95724,ACC_f32e32f7decd,False,False,False,normal,
TXN_35c2f56aeb40,ACC_f32e32f7decd,False,False,False,normal,
TXN_af10fac5f69c,ACC_f32e32f7decd,False,False,False,normal,
TXN_569833ff7852,ACC_bbdc2469fbf0,False,True,True,behavioral_anomaly,
TXN_07f488b2950f,ACC_bbdc2469fbf0,False,True,True,behavioral_anomaly,
TXN_dc00c65425d4,ACC_bbdc2469fbf0,False,True,True,behavioral_anomaly,
TXN_c19191d54a6e,ACC_bbdc2469fbf0,False,True,True,behavioral_anomaly,
TXN_71ff5fafc799,ACC_bbdc2469fbf0,False,True,True,behavioral_anomaly,
TXN_361558f4c057,ACC_bbdc2469fbf0,False,True,True,behavioral_anomaly,
TXN_3a85f68cec15,ACC_bbdc2469fbf0,False,True,True,behavioral_anomaly,
TXN_34abf8387556,ACC_bbdc2469fbf0,False,True,True,behavioral_anomaly,
TXN_3b4f23526c3e,ACC_bbdc2469fbf0,False,True,True,behavioral_anomaly,
TXN_f3dab70c0e32,ACC_bbdc2469fbf0,False,True,True,behavioral_anomaly,
TXN_96a48144e7c0,ACC_0eaceb6d738d,False,False,False,normal,
TXN_8e4d070f8ef7,ACC_0eaceb6d738d,False,False,False,normal,
TXN_126603e406bc,ACC_0eaceb6d738d,False,False,False,normal,
TXN_2fcabcfb9e61,ACC_0eaceb6d738d,False,False,False,normal,
TXN_82c372b541b7,ACC_0eaceb6d738d,False,False,False,normal,
TXN_68d9bc8e749a,ACC_0eaceb6d738d,False,False,False,normal,
TXN_f588215ebfcf,ACC_0eaceb6d738d,False,False,False,normal,
TXN_12d13a228338,ACC_0eaceb6d738d,False,False,False,normal,
TXN_545fd0c45406,ACC_0eaceb6d738d,False,False,False,normal,
TXN_cc53d7abee88,ACC_0eaceb6d738d,False,False,False,normal,
TXN_be2ccba79086,ACC_6e7cd71b2d3e,False,False,False,normal,
TXN_232ed6ad4348,ACC_6e7cd71b2d3e,False,False,False,normal,
TXN_130ce6a9fb5a,ACC_6e7cd71b2d3e,False,False,False,normal,
TXN_8e1c1a007d74,ACC_6e7cd71b2d3e,False,False,False,normal,
TXN_af6a4942c2ec,ACC_6e7cd71b2d3e,False,False,False,normal,
TXN_5d09b06572dd,ACC_6e7cd71b2d3e,False,False,False,normal,
TXN_99ff64d4b9b1,ACC_6e7cd71b2d3e,False,False,False,normal,
TXN_b174da96fc16,ACC_6e7cd71b2d3e,False,False,False,normal,
TXN_1c3a84af436b,ACC_6e7cd71b2d3e,False,False,False,normal,
TXN_fb71d3838b8c,ACC_6e7cd71b2d3e,False,False,False,normal,
TXN_f39a86f7311a,ACC_6d4f5975ee9b,False,False,False,normal,
TXN_7fcedc6508ec,ACC_6d4f5975ee9b,False,False,False,normal,
TXN_e23c58ef36d4,ACC_6d4f5975ee9b,False,False,False,normal,
TXN_15c28eaa71d5,ACC_6d4f5975ee9b,False,False,False,normal,
TXN_27852f9cd37b,ACC_6d4f5975ee9b,False,False,False,normal,
TXN_b2b7fb68ca14,ACC_6d4f5975ee9b,False,False,False,normal,
TXN_c5141e50d24e,ACC_6d4f5975ee9b,False,False,False,normal,
TXN_a8cacc52b1b9,ACC_6d4f5975ee9b,False,False,False,normal,
TXN_c11bdf5fd64c,ACC_6d4f5975ee9b,False,False,False,normal,
TXN_4a2fb4f6dd6d,ACC_6d4f5975ee9b,False,False,False,normal,
TXN_224087819956,ACC_9f4bb0b1c9f9,False,False,False,normal,
TXN_9c1bb35b0b16,ACC_9f4bb0b1c9f9,False,False,False,normal,
TXN_ec8e4a8e2341,ACC_9f4bb0b1c9f9,False,False,False,normal,
TXN_7ab60a7f05d4,ACC_9f4bb0b1c9f9,False,False,False,normal,
TXN_328de49f1f82,ACC_9f4bb0b1c9f9,False,False,False,normal,
TXN_67359d813544,ACC_9f4bb0b1c9f9,False,False,False,normal,
TXN_133c89d92037,ACC_9f4bb0b1c9f9,False,False,False,normal,
TXN_d69b5edb0b01,ACC_9f4bb0b1c9f9,False,False,False,normal,
TXN_8538c3090fc2,ACC_9f4bb0b1c9f9,False,False,False,normal,
TXN_923c595c4fb9,ACC_9f4bb0b1c9f9,False,False,False,normal,
TXN_628573dee95a,ACC_a37ed918b9b0,False,True,True,behavioral_anomaly,
TXN_170a2afbaf67,ACC_a37ed918b9b0,False,True,True,behavioral_anomaly,
TXN_b785d80d9df6,ACC_a37ed918b9b0,False,True,True,behavioral_anomaly,
TXN_188ecc0765ca,ACC_a37ed918b9b0,False,True,True,behavioral_anomaly,
TXN_dea240bac493,ACC_a37ed918b9b0,False,True,True,behavioral_anomaly,
TXN_bbb4384d97b1,ACC_a37ed918b9b0,False,True,True,behavioral_anomaly,
TXN_76a791ca1a64,ACC_a37ed918b9b0,False,True,True,behavioral_anomaly,
TXN_0fc0d9692679,ACC_a37ed918b9b0,False,True,True,behavioral_anomaly,
TXN_0bf218869af3,ACC_a37ed918b9b0,False,True,True,behavioral_anomaly,
TXN_56e77a762a68,ACC_a37ed918b9b0,False,True,True,behavioral_anomaly,
TXN_37ad12d002b5,ACC_cdbd972366fa,False,False,False,normal,
TXN_451832fd42cc,ACC_cdbd972366fa,False,False,False,normal,
TXN_10abe6a0486a,ACC_cdbd972366fa,False,False,False,normal,
TXN_24df5cc211e5,ACC_cdbd972366fa,False,False,False,normal,
TXN_dc4fcda28611,ACC_cdbd972366fa,False,False,False,normal,
TXN_fbc5adc61899,ACC_cdbd972366fa,False,False,False,normal,
TXN_22c76c77c75a,ACC_cdbd972366fa,False,False,False,normal,
TXN_0a27de31fe06,ACC_cdbd972366fa,False,False,False,normal,
TXN_e084e5bded41,ACC_cdbd972366fa,False,False,False,normal,
TXN_86adf128bc9b,ACC_cdbd972366fa,False,False,False,normal,
TXN_dc918c408533,ACC_6424edbe0663,False,False,False,normal,
TXN_bc290637b643,ACC_6424edbe0663,False,False,False,normal,
TXN_8a61f4bbbffe,ACC_6424edbe0663,False,False,False,normal,
TXN_cff9fda4c6d0,ACC_6424edbe0663,False,False,False,normal,
TXN_370cc239a6b2,ACC_6424edbe0663,False,False,False,normal,
TXN_b676e2a43751,ACC_6424edbe0663,False,False,False,normal,
TXN_487d29ffcce4,ACC_6424edbe0663,False,False,False,normal,
TXN_2fd0ebed12eb,ACC_6424edbe0663,False,False,False,normal,
TXN_cac58ad690a7,ACC_6424edbe0663,False,False,False,normal,
TXN_ca5bd2eb2a49,ACC_6424edbe0663,False,False,False,normal,
TXN_fa14bfc9c957,ACC_975f5c927cb3,False,False,False,normal,
TXN_78833262666c,ACC_975f5c927cb3,False,False,False,normal,
TXN_3dce44437025,ACC_975f5c927cb3,False,False,False,normal,
TXN_c7d079987603,ACC_975f5c927cb3,False,False,False,normal,
TXN_4b1dbca7ba77,ACC_975f5c927cb3,False,False,False,normal,
TXN_161e984a763f,ACC_975f5c927cb3,False,False,False,normal,
TXN_58e87fc4397a,ACC_975f5c927cb3,False,False,False,normal,
TXN_fc144c7f9911,ACC_975f5c927cb3,False,False,False,normal,
TXN_39dd1d7e21e7,ACC_975f5c927cb3,False,False,False,normal,
TXN_5547a1def786,ACC_975f5c927cb3,False,False,False,normal,
TXN_e24fec946bde,ACC_8dfb61d02871,False,False,False,normal,
TXN_0da892317e78,ACC_8dfb61d02871,False,False,False,normal,
TXN_0336ecdd6b05,ACC_8dfb61d02871,False,False,False,normal,
TXN_3c37e3f7ef94,ACC_8dfb61d02871,False,False,False,normal,
TXN_8af43a11c47a,ACC_8dfb61d02871,False,False,False,normal,
TXN_e9e5f6a4b998,ACC_8dfb61d02871,False,False,False,normal,
TXN_5b2bf2298fcf,ACC_8dfb61d02871,False,False,False,normal,
TXN_db63910f70c9,ACC_8dfb61d02871,False,False,False,normal,
TXN_f821cc281612,ACC_8dfb61d02871,False,False,False,normal,
TXN_09bdd7d5b4cc,ACC_8dfb61d02871,False,False,False,normal,
TXN_0d49ef85dab9,ACC_04646ed8c04e,False,False,False,normal,
TXN_5bdbcdb00c6d,ACC_04646ed8c04e,False,False,False,normal,
TXN_91a8c7bd8f3b,ACC_04646ed8c04e,False,False,False,normal,
TXN_f3cf5dad304c,ACC_04646ed8c04e,False,False,False,normal,
TXN_8c5ba98d90f9,ACC_04646ed8c04e,False,False,False,normal,
TXN_5331ee249f32,ACC_04646ed8c04e,False,False,False,normal,
TXN_a97f28d5920c,ACC_04646ed8c04e,False,False,False,normal,
TXN_b02f49c1674e,ACC_04646ed8c04e,False,False,False,normal,
TXN_855ef2c8acdd,ACC_04646ed8c04e,False,False,False,normal,
TXN_ff77e74b7f23,ACC_04646ed8c04e,False,False,False,normal,
TXN_70ecad46ea1a,ACC_6e3640308299,False,False,False,normal,
TXN_5df94906eba4,ACC_6e3640308299,False,False,False,normal,
TXN_2c2aee6887d7,ACC_6e3640308299,False,False,False,normal,
TXN_0ebb4192f51d,ACC_6e3640308299,False,False,False,normal,
TXN_42ae36453592,ACC_6e3640308299,False,False,False,normal,
TXN_2c2fdb5042b9,ACC_6e3640308299,False,False,False,normal,
TXN_e5ded251acc1,ACC_6e3640308299,False,False,False,normal,
TXN_eb371ee16a6d,ACC_6e3640308299,False,False,False,normal,
TXN_2ede45fb7615,ACC_6e3640308299,False,False,False,normal,
TXN_9d42b79f4118,ACC_6e3640308299,False,False,False,normal,
TXN_5a8ad20f6f27,ACC_f771e21d3f8f,False,False,False,normal,
TXN_43a7765ea060,ACC_f771e21d3f8f,False,False,False,normal,
TXN_a1dbefe3b73d,ACC_f771e21d3f8f,False,False,False,normal,
TXN_f469c31d8471,ACC_f771e21d3f8f,False,False,False,normal,
TXN_6d086e78b10c,ACC_f771e21d3f8f,False,False,False,normal,
TXN_4cd494e517d9,ACC_f771e21d3f8f,False,False,False,normal,
TXN_2ecfd43ba180,ACC_f771e21d3f8f,False,False,False,normal,
TXN_bdace634127b,ACC_f771e21d3f8f,False,False,False,normal,
TXN_d2682123521f,ACC_f771e21d3f8f,False,False,False,normal,
TXN_f6022292e5c9,ACC_f771e21d3f8f,False,False,False,normal,
TXN_a842bef2efa3,ACC_630c7dbbc1a3,True,True,True,ring_and_anomaly,RING_001
TXN_51b6dd15e3e8,ACC_630c7dbbc1a3,True,True,True,ring_and_anomaly,RING_001
TXN_6e49c108342c,ACC_630c7dbbc1a3,True,True,True,ring_and_anomaly,RING_001
TXN_ce2522c0199c,ACC_630c7dbbc1a3,True,True,True,ring_and_anomaly,RING_001
TXN_983cbdf35f28,ACC_630c7dbbc1a3,True,True,True,ring_and_anomaly,RING_001
TXN_b15d92eec3b2,ACC_630c7dbbc1a3,True,True,True,ring_and_anomaly,RING_001
TXN_5f6596b0d279,ACC_630c7dbbc1a3,True,True,True,ring_and_anomaly,RING_001
TXN_d156596572f9,ACC_630c7dbbc1a3,True,True,True,ring_and_anomaly,RING_001
TXN_e60876908ef3,ACC_630c7dbbc1a3,True,True,True,ring_and_anomaly,RING_001
TXN_4be7daebaed8,ACC_630c7dbbc1a3,True,True,True,ring_and_anomaly,RING_001
TXN_d1b737110c36,ACC_873532e9a2e1,False,True,True,behavioral_anomaly,
TXN_de9fbcb41874,ACC_873532e9a2e1,False,True,True,behavioral_anomaly,
TXN_48e8f2557c2b,ACC_873532e9a2e1,False,True,True,behavioral_anomaly,
TXN_c9334767d9dc,ACC_873532e9a2e1,False,True,True,behavioral_anomaly,
TXN_dbbf4cb02414,ACC_873532e9a2e1,False,True,True,behavioral_anomaly,
TXN_950918f30367,ACC_873532e9a2e1,False,True,True,behavioral_anomaly,
TXN_05d4bd96103c,ACC_873532e9a2e1,False,True,True,behavioral_anomaly,
TXN_e941bede0d15,ACC_873532e9a2e1,False,True,True,behavioral_anomaly,
TXN_1ebea6d1e4b3,ACC_873532e9a2e1,False,True,True,behavioral_anomaly,
TXN_122a9e6f343a,ACC_873532e9a2e1,False,True,True,behavioral_anomaly,
TXN_a80b3782adde,ACC_7983e87df899,False,False,False,normal,
TXN_b2417ef8e10c,ACC_7983e87df899,False,False,False,normal,
TXN_b1d90253dc6a,ACC_7983e87df899,False,False,False,normal,
TXN_3edf9feb2925,ACC_7983e87df899,False,False,False,normal,
TXN_4a9612bc9169,ACC_7983e87df899,False,False,False,normal,
TXN_7a238343229e,ACC_7983e87df899,False,False,False,normal,
TXN_be9e139cf916,ACC_7983e87df899,False,False,False,normal,
TXN_1c256f8e3511,ACC_7983e87df899,False,False,False,normal,
TXN_8331a413798a,ACC_7983e87df899,False,False,False,normal,
TXN_dbba54f5e422,ACC_7983e87df899,False,False,False,normal,
TXN_a7f32614527d,ACC_e0c0f74bac05,False,True,True,behavioral_anomaly,
TXN_69824d605c8e,ACC_e0c0f74bac05,False,True,True,behavioral_anomaly,
TXN_a8304a89ec84,ACC_e0c0f74bac05,False,True,True,behavioral_anomaly,
TXN_ae48a9969f31,ACC_e0c0f74bac05,False,True,True,behavioral_anomaly,
TXN_0f9a0636a1e5,ACC_e0c0f74bac05,False,True,True,behavioral_anomaly,
TXN_ea542f39cbfd,ACC_e0c0f74bac05,False,True,True,behavioral_anomaly,
TXN_bb7f0944441f,ACC_e0c0f74bac05,False,True,True,behavioral_anomaly,
TXN_0ac2bc604a58,ACC_e0c0f74bac05,False,True,True,behavioral_anomaly,
TXN_664f2b586db5,ACC_e0c0f74bac05,False,True,True,behavioral_anomaly,
TXN_d811aa946bc6,ACC_e0c0f74bac05,False,True,True,behavioral_anomaly,
TXN_3b0906dcc22e,ACC_bf65dd16083b,False,False,False,normal,
TXN_a48ba54feb37,ACC_bf65dd16083b,False,False,False,normal,
TXN_cbd92e2a421f,ACC_bf65dd16083b,False,False,False,normal,
TXN_4ea9e9804412,ACC_bf65dd16083b,False,False,False,normal,
TXN_6619d2f6564b,ACC_bf65dd16083b,False,False,False,normal,
TXN_4e689df970f3,ACC_bf65dd16083b,False,False,False,normal,
TXN_decce1c8000f,ACC_bf65dd16083b,False,False,False,normal,
TXN_8058e533b827,ACC_bf65dd16083b,False,False,False,normal,
TXN_f6ffed02e963,ACC_bf65dd16083b,False,False,False,normal,
TXN_6f01300a98b0,ACC_bf65dd16083b,False,False,False,normal,
TXN_d2692860165d,ACC_c1a90aa3f4ff,False,False,False,normal,
TXN_676d2d5a20d7,ACC_c1a90aa3f4ff,False,False,False,normal,
TXN_96a2d630bfde,ACC_c1a90aa3f4ff,False,False,False,normal,
TXN_aec9abf2951d,ACC_c1a90aa3f4ff,False,False,False,normal,
TXN_a2a3c1adb78a,ACC_c1a90aa3f4ff,False,False,False,normal,
TXN_8b342d13f9e2,ACC_c1a90aa3f4ff,False,False,False,normal,
TXN_d095ffa36117,ACC_c1a90aa3f4ff,False,False,False,normal,
TXN_312063523dc9,ACC_c1a90aa3f4ff,False,False,False,normal,
TXN_f1f5f0c14c44,ACC_c1a90aa3f4ff,False,False,False,normal,
TXN_28c582f04838,ACC_c1a90aa3f4ff,False,False,False,normal,
TXN_f2142845091e,ACC_1a8737ea46e8,False,False,False,normal,
TXN_5d7aad228999,ACC_1a8737ea46e8,False,False,False,normal,
TXN_76385680a02a,ACC_1a8737ea46e8,False,False,False,normal,
TXN_62b64c892c14,ACC_1a8737ea46e8,False,False,False,normal,
TXN_4ff2c7cc6859,ACC_1a8737ea46e8,False,False,False,normal,
TXN_6943b489c19b,ACC_1a8737ea46e8,False,False,False,normal,
TXN_311593bf7dad,ACC_1a8737ea46e8,False,False,False,normal,
TXN_14ec091613f5,ACC_1a8737ea46e8,False,False,False,normal,
TXN_3cbe6f937475,ACC_1a8737ea46e8,False,False,False,normal,
TXN_068a2c9dd85f,ACC_1a8737ea46e8,False,False,False,normal,
TXN_b2f7ba773914,ACC_95c8c8e723e8,False,False,False,normal,
TXN_03f509aadc96,ACC_95c8c8e723e8,False,False,False,normal,
TXN_0de760f6e226,ACC_95c8c8e723e8,False,False,False,normal,
TXN_223d2d42302c,ACC_95c8c8e723e8,False,False,False,normal,
TXN_0cf22ca0e363,ACC_95c8c8e723e8,False,False,False,normal,
TXN_b8a98296c26a,ACC_95c8c8e723e8,False,False,False,normal,
TXN_90fc772d52db,ACC_95c8c8e723e8,False,False,False,normal,
TXN_9436405ae311,ACC_95c8c8e723e8,False,False,False,normal,
TXN_fdc5f0917b6b,ACC_95c8c8e723e8,False,False,False,normal,
TXN_d3daddf6f092,ACC_95c8c8e723e8,False,False,False,normal,
TXN_bf712a9ce484,ACC_94a94ec23fb2,False,False,False,normal,
TXN_42ea8d17988b,ACC_94a94ec23fb2,False,False,False,normal,
TXN_1eee36c947c5,ACC_94a94ec23fb2,False,False,False,normal,
TXN_b7d2f2ad6248,ACC_94a94ec23fb2,False,False,False,normal,
TXN_92b1effe2c34,ACC_94a94ec23fb2,False,False,False,normal,
TXN_5b65b4dbe0e2,ACC_94a94ec23fb2,False,False,False,normal,
TXN_45d7c0606f5b,ACC_94a94ec23fb2,False,False,False,normal,
TXN_2c475b66d154,ACC_94a94ec23fb2,False,False,False,normal,
TXN_376ddb7caf9d,ACC_94a94ec23fb2,False,False,False,normal,
TXN_6aaf236e7ffd,ACC_94a94ec23fb2,False,False,False,normal,
TXN_8d40efd666b0,ACC_f931c7e1dd8c,False,False,False,normal,
TXN_abecf27ed300,ACC_f931c7e1dd8c,False,False,False,normal,
TXN_ef308c6773db,ACC_f931c7e1dd8c,False,False,False,normal,
TXN_d36209450607,ACC_f931c7e1dd8c,False,False,False,normal,
TXN_c24d6aaa2614,ACC_f931c7e1dd8c,False,False,False,normal,
TXN_49b1bc97741b,ACC_f931c7e1dd8c,False,False,False,normal,
TXN_9c9088f8c853,ACC_f931c7e1dd8c,False,False,False,normal,
TXN_f6f1d6dfe77c,ACC_f931c7e1dd8c,False,False,False,normal,
TXN_13879e11f77b,ACC_f931c7e1dd8c,False,False,False,normal,
TXN_57b279de0a24,ACC_f931c7e1dd8c,False,False,False,normal,
TXN_38eff4c58fcc,ACC_a4695590abdb,False,False,False,normal,
TXN_7e7f921971bd,ACC_a4695590abdb,False,False,False,normal,
TXN_e542fc787181,ACC_a4695590abdb,False,False,False,normal,
TXN_16b0702cc0ce,ACC_a4695590abdb,False,False,False,normal,
TXN_c272f805b711,ACC_a4695590abdb,False,False,False,normal,
TXN_3a9484625987,ACC_a4695590abdb,False,False,False,normal,
TXN_3299cec0f0d8,ACC_a4695590abdb,False,False,False,normal,
TXN_c5fafa7d818b,ACC_a4695590abdb,False,False,False,normal,
TXN_1c2f0b677a90,ACC_a4695590abdb,False,False,False,normal,
TXN_af3b55d44896,ACC_a4695590abdb,False,False,False,normal,
TXN_1df96e7dfa9e,ACC_3218854d4df6,False,False,False,normal,
TXN_a912a9e824cc,ACC_3218854d4df6,False,False,False,normal,
TXN_555d05d93a17,ACC_3218854d4df6,False,False,False,normal,
TXN_2dd04a72fa9d,ACC_3218854d4df6,False,False,False,normal,
TXN_8d287de8e5d3,ACC_3218854d4df6,False,False,False,normal,
TXN_16e602294cfc,ACC_3218854d4df6,False,False,False,normal,
TXN_6a252c5137ae,ACC_3218854d4df6,False,False,False,normal,
TXN_27862a14cf78,ACC_3218854d4df6,False,False,False,normal,
TXN_00210285999c,ACC_3218854d4df6,False,False,False,normal,
TXN_75674f087f10,ACC_3218854d4df6,False,False,False,normal,
TXN_681631037b7e,ACC_cb012d115de5,True,False,True,fraud_ring,RING_007
TXN_b3985800d9b7,ACC_cb012d115de5,True,False,True,fraud_ring,RING_007
TXN_663afac78854,ACC_cb012d115de5,True,False,True,fraud_ring,RING_007
TXN_cbd9f140bdb1,ACC_cb012d115de5,True,False,True,fraud_ring,RING_007
TXN_4a8ccf87d6a0,ACC_cb012d115de5,True,False,True,fraud_ring,RING_007
TXN_6b7e5d41adcb,ACC_cb012d115de5,True,False,True,fraud_ring,RING_007
TXN_9244654511a9,ACC_cb012d115de5,True,False,True,fraud_ring,RING_007
TXN_864d00a62665,ACC_cb012d115de5,True,False,True,fraud_ring,RING_007
TXN_dd328f2dcf68,ACC_cb012d115de5,True,False,True,fraud_ring,RING_007
TXN_f1a1768a5312,ACC_cb012d115de5,True,False,True,fraud_ring,RING_007
TXN_b171375a1bc3,ACC_6b307edc09d6,False,False,False,normal,
TXN_b9e9718e46b3,ACC_6b307edc09d6,False,False,False,normal,
TXN_48756ea69237,ACC_6b307edc09d6,False,False,False,normal,
TXN_f55d62de7f52,ACC_6b307edc09d6,False,False,False,normal,
TXN_96afbbc0e56d,ACC_6b307edc09d6,False,False,False,normal,
TXN_ec32b1896e02,ACC_6b307edc09d6,False,False,False,normal,
TXN_8e793741c58a,ACC_6b307edc09d6,False,False,False,normal,
TXN_65b92b65cb88,ACC_6b307edc09d6,False,False,False,normal,
TXN_ba02bcae7109,ACC_6b307edc09d6,False,False,False,normal,
TXN_34e67c42e1f4,ACC_6b307edc09d6,False,False,False,normal,
TXN_4a44e60e0aaf,ACC_092f078a1b46,False,False,False,normal,
TXN_e69074128ebe,ACC_092f078a1b46,False,False,False,normal,
TXN_88330713862a,ACC_092f078a1b46,False,False,False,normal,
TXN_4b8dad11dad1,ACC_092f078a1b46,False,False,False,normal,
TXN_f8d7c8d72e04,ACC_092f078a1b46,False,False,False,normal,
TXN_84521b2087e2,ACC_092f078a1b46,False,False,False,normal,
TXN_48b2f99fb874,ACC_092f078a1b46,False,False,False,normal,
TXN_fdc48d049d2b,ACC_092f078a1b46,False,False,False,normal,
TXN_0838d06ee51a,ACC_092f078a1b46,False,False,False,normal,
TXN_5a8bd61e5a8c,ACC_092f078a1b46,False,False,False,normal,
TXN_15595e8b85ee,ACC_a491c7aa303b,False,False,False,normal,
TXN_db953c791b47,ACC_a491c7aa303b,False,False,False,normal,
TXN_e596ee2bc1d1,ACC_a491c7aa303b,False,False,False,normal,
TXN_b06c58d29535,ACC_a491c7aa303b,False,False,False,normal,
TXN_11ff54dd0602,ACC_a491c7aa303b,False,False,False,normal,
TXN_3e4e103b3560,ACC_a491c7aa303b,False,False,False,normal,
TXN_b2ffd364e6c5,ACC_a491c7aa303b,False,False,False,normal,
TXN_c6e926e3a3dc,ACC_a491c7aa303b,False,False,False,normal,
TXN_a209e7ab0989,ACC_a491c7aa303b,False,False,False,normal,
TXN_77b97a66f974,ACC_a491c7aa303b,False,False,False,normal,
TXN_d5175ef59857,ACC_2f38d8506fb2,False,False,False,normal,
TXN_b71b06116788,ACC_2f38d8506fb2,False,False,False,normal,
TXN_b7495f103c5d,ACC_2f38d8506fb2,False,False,False,normal,
TXN_af061459bbd6,ACC_2f38d8506fb2,False,False,False,normal,
TXN_8442ecd2a7ca,ACC_2f38d8506fb2,False,False,False,normal,
TXN_7cca72f50d1f,ACC_2f38d8506fb2,False,False,False,normal,
TXN_cdaef82d1291,ACC_2f38d8506fb2,False,False,False,normal,
TXN_348aaa993e74,ACC_2f38d8506fb2,False,False,False,normal,
TXN_c9935c924be9,ACC_2f38d8506fb2,False,False,False,normal,
TXN_7c235ae9a302,ACC_2f38d8506fb2,False,False,False,normal,
TXN_3ee496d9cfed,ACC_2916780246b1,False,False,False,normal,
TXN_cd8ca6d51f07,ACC_2916780246b1,False,False,False,normal,
TXN_3848f0126e42,ACC_2916780246b1,False,False,False,normal,
TXN_9a57561c1006,ACC_2916780246b1,False,False,False,normal,
TXN_34ccd331445f,ACC_2916780246b1,False,False,False,normal,
TXN_68e5ec993137,ACC_2916780246b1,False,False,False,normal,
TXN_ca24aa5011d4,ACC_2916780246b1,False,False,False,normal,
TXN_3560cb5b87e2,ACC_2916780246b1,False,False,False,normal,
TXN_e7339f98573a,ACC_2916780246b1,False,False,False,normal,
TXN_993a0cc55362,ACC_2916780246b1,False,False,False,normal,
TXN_5016d3199c53,ACC_af4da182c876,True,False,True,fraud_ring,RING_004
TXN_0fb26a21975e,ACC_af4da182c876,True,False,True,fraud_ring,RING_004
TXN_447d202c9f7d,ACC_af4da182c876,True,False,True,fraud_ring,RING_004
TXN_836ec478abe6,ACC_af4da182c876,True,False,True,fraud_ring,RING_004
TXN_fa3943b03855,ACC_af4da182c876,True,False,True,fraud_ring,RING_004
TXN_35ea32090ce3,ACC_af4da182c876,True,False,True,fraud_ring,RING_004
TXN_73c84a1877cf,ACC_af4da182c876,True,False,True,fraud_ring,RING_004
TXN_ad69cadd6ade,ACC_af4da182c876,True,False,True,fraud_ring,RING_004
TXN_abc9c1e473b9,ACC_af4da182c876,True,False,True,fraud_ring,RING_004
TXN_837ba1394e59,ACC_af4da182c876,True,False,True,fraud_ring,RING_004
TXN_264931b02e17,ACC_162a5e29ceda,False,False,False,normal,
TXN_69d00cf5d56b,ACC_162a5e29ceda,False,False,False,normal,
TXN_6f5d9997c806,ACC_162a5e29ceda,False,False,False,normal,
TXN_ea208f030800,ACC_162a5e29ceda,False,False,False,normal,
TXN_150af8babcec,ACC_162a5e29ceda,False,False,False,normal,
TXN_be89a97d22e2,ACC_162a5e29ceda,False,False,False,normal,
TXN_8749a31ccc27,ACC_162a5e29ceda,False,False,False,normal,
TXN_8e7aecea9c3a,ACC_162a5e29ceda,False,False,False,normal,
TXN_5dfe687fd71c,ACC_162a5e29ceda,False,False,False,normal,
TXN_601936b4e859,ACC_162a5e29ceda,False,False,False,normal,
TXN_67c06a0056e6,ACC_ea2c03db0623,False,False,False,normal,
TXN_ab207138fdbd,ACC_ea2c03db0623,False,False,False,normal,
TXN_242afe9c9c32,ACC_ea2c03db0623,False,False,False,normal,
TXN_70691df0e5f7,ACC_ea2c03db0623,False,False,False,normal,
TXN_d122511386c8,ACC_ea2c03db0623,False,False,False,normal,
TXN_12d201f2c158,ACC_ea2c03db0623,False,False,False,normal,
TXN_85c776deeb90,ACC_ea2c03db0623,False,False,False,normal,
TXN_ef3c9bfe3ec4,ACC_ea2c03db0623,False,False,False,normal,
TXN_dcfd752e3355,ACC_ea2c03db0623,False,False,False,normal,
TXN_8bb10d116e4d,ACC_ea2c03db0623,False,False,False,normal,
TXN_91bd51bed9af,ACC_03c19e2e60e3,False,False,False,normal,
TXN_e8cb4aeec28f,ACC_03c19e2e60e3,False,False,False,normal,
TXN_0019cdca15f9,ACC_03c19e2e60e3,False,False,False,normal,
TXN_cf446f0909dd,ACC_03c19e2e60e3,False,False,False,normal,
TXN_72b8b669e88a,ACC_03c19e2e60e3,False,False,False,normal,
TXN_3ebec6612b1d,ACC_03c19e2e60e3,False,False,False,normal,
TXN_8ab6be329ddb,ACC_03c19e2e60e3,False,False,False,normal,
TXN_0258bed4237a,ACC_03c19e2e60e3,False,False,False,normal,
TXN_344dbba51bae,ACC_03c19e2e60e3,False,False,False,normal,
TXN_47aad13901a5,ACC_03c19e2e60e3,False,False,False,normal,
TXN_04d023680053,ACC_66017fbb7cd7,False,False,False,normal,
TXN_64268712fe7a,ACC_66017fbb7cd7,False,False,False,normal,
TXN_bc742175d3bd,ACC_66017fbb7cd7,False,False,False,normal,
TXN_994281d075f3,ACC_66017fbb7cd7,False,False,False,normal,
TXN_cb46d5c00e0a,ACC_66017fbb7cd7,False,False,False,normal,
TXN_8bb63fadfe1c,ACC_66017fbb7cd7,False,False,False,normal,
TXN_aee35d9ddc62,ACC_66017fbb7cd7,False,False,False,normal,
TXN_12695fa74726,ACC_66017fbb7cd7,False,False,False,normal,
TXN_7cf46f4d64e1,ACC_66017fbb7cd7,False,False,False,normal,
TXN_e5ecb834b6ab,ACC_66017fbb7cd7,False,False,False,normal,
TXN_0a211f6f56f8,ACC_72363c255f4d,False,False,False,normal,
TXN_1c3b47acd911,ACC_72363c255f4d,False,False,False,normal,
TXN_46154817a793,ACC_72363c255f4d,False,False,False,normal,
TXN_4828c730f7aa,ACC_72363c255f4d,False,False,False,normal,
TXN_7ea8f7015dbb,ACC_72363c255f4d,False,False,False,normal,
TXN_ef347f10bb39,ACC_72363c255f4d,False,False,False,normal,
TXN_cb91e7acba20,ACC_72363c255f4d,False,False,False,normal,
TXN_fe1afeb4d9a3,ACC_72363c255f4d,False,False,False,normal,
TXN_53b89e7cdecd,ACC_72363c255f4d,False,False,False,normal,
TXN_14ff122846e2,ACC_72363c255f4d,False,False,False,normal,
TXN_d4c6c7ff7b1f,ACC_4ebd041a058f,False,False,False,normal,
TXN_45c2d0bc011c,ACC_4ebd041a058f,False,False,False,normal,
TXN_c1045bd5156d,ACC_4ebd041a058f,False,False,False,normal,
TXN_4af952bf0d3d,ACC_4ebd041a058f,False,False,False,normal,
TXN_937cc285f76a,ACC_4ebd041a058f,False,False,False,normal,
TXN_96a2f621ab24,ACC_4ebd041a058f,False,False,False,normal,
TXN_eb7e3ff11cb2,ACC_4ebd041a058f,False,False,False,normal,
TXN_b845e5964451,ACC_4ebd041a058f,False,False,False,normal,
TXN_aa44a4d00913,ACC_4ebd041a058f,False,False,False,normal,
TXN_a802ecabcf51,ACC_4ebd041a058f,False,False,False,normal,
TXN_d0c33a2a06b8,ACC_da3422778956,False,False,False,normal,
TXN_1a2cbbca2613,ACC_da3422778956,False,False,False,normal,
TXN_13f8128ca0d7,ACC_da3422778956,False,False,False,normal,
TXN_08f8f8df76da,ACC_da3422778956,False,False,False,normal,
TXN_f587c51878c3,ACC_da3422778956,False,False,False,normal,
TXN_016769601662,ACC_da3422778956,False,False,False,normal,
TXN_ecd03d30a064,ACC_da3422778956,False,False,False,normal,
TXN_b2c29c198f30,ACC_da3422778956,False,False,False,normal,
TXN_03f1a9d54bac,ACC_da3422778956,False,False,False,normal,
TXN_9960de7a9b22,ACC_da3422778956,False,False,False,normal,
TXN_f841ba5c67b0,ACC_494a5bd976da,False,False,False,normal,
TXN_b967fe69897c,ACC_494a5bd976da,False,False,False,normal,
TXN_02da93099aa2,ACC_494a5bd976da,False,False,False,normal,
TXN_37c8902e8a6f,ACC_494a5bd976da,False,False,False,normal,
TXN_bab29c2a73f6,ACC_494a5bd976da,False,False,False,normal,
TXN_6da48ed57e80,ACC_494a5bd976da,False,False,False,normal,
TXN_2be388f1aebe,ACC_494a5bd976da,False,False,False,normal,
TXN_120c78b50906,ACC_494a5bd976da,False,False,False,normal,
TXN_9fd168db00d9,ACC_494a5bd976da,False,False,False,normal,
TXN_e46ff726ca32,ACC_494a5bd976da,False,False,False,normal,
TXN_4bbda6b15c3b,ACC_704d996b1525,False,False,False,normal,
TXN_afc51ef5a5d0,ACC_704d996b1525,False,False,False,normal,
TXN_f9e9b91d97ca,ACC_704d996b1525,False,False,False,normal,
TXN_c301040db843,ACC_704d996b1525,False,False,False,normal,
TXN_da2fd588fc71,ACC_704d996b1525,False,False,False,normal,
TXN_130e75b770b9,ACC_704d996b1525,False,False,False,normal,
TXN_f256f112c7c8,ACC_704d996b1525,False,False,False,normal,
TXN_358c9ccc5467,ACC_704d996b1525,False,False,False,normal,
TXN_0ba813485eae,ACC_704d996b1525,False,False,False,normal,
TXN_65fcf5a7b7c4,ACC_704d996b1525,False,False,False,normal,
TXN_f0f5dd2e961a,ACC_f882148455ef,False,False,False,normal,
TXN_7e34d0a89fc9,ACC_f882148455ef,False,False,False,normal,
TXN_23714a046425,ACC_f882148455ef,False,False,False,normal,
TXN_13fdc07c44e8,ACC_f882148455ef,False,False,False,normal,
TXN_61ca8ea06f41,ACC_f882148455ef,False,False,False,normal,
TXN_db14c5dd5062,ACC_f882148455ef,False,False,False,normal,
TXN_4f2d29f6384f,ACC_f882148455ef,False,False,False,normal,
TXN_c9971cf7db44,ACC_f882148455ef,False,False,False,normal,
TXN_abbaf2ed3619,ACC_f882148455ef,False,False,False,normal,
TXN_6716d643e77c,ACC_f882148455ef,False,False,False,normal,
TXN_531ac8dea32f,ACC_6d960c6aa20c,False,True,True,behavioral_anomaly,
TXN_539763e2ec4f,ACC_6d960c6aa20c,False,True,True,behavioral_anomaly,
TXN_f0332eb6ef93,ACC_6d960c6aa20c,False,True,True,behavioral_anomaly,
TXN_b26bab155fa2,ACC_6d960c6aa20c,False,True,True,behavioral_anomaly,
TXN_b6162d4b41b3,ACC_6d960c6aa20c,False,True,True,behavioral_anomaly,
TXN_6a197dc5dc55,ACC_6d960c6aa20c,False,True,True,behavioral_anomaly,
TXN_43a130e75d77,ACC_6d960c6aa20c,False,True,True,behavioral_anomaly,
TXN_502dcf65c28d,ACC_6d960c6aa20c,False,True,True,behavioral_anomaly,
TXN_9c90c348f494,ACC_6d960c6aa20c,False,True,True,behavioral_anomaly,
TXN_5d778615240f,ACC_6d960c6aa20c,False,True,True,behavioral_anomaly,
TXN_b576429a48cf,ACC_17b3b7566c4b,False,False,False,normal,
TXN_e60cf03fb6bc,ACC_17b3b7566c4b,False,False,False,normal,
TXN_dc798c2e66bd,ACC_17b3b7566c4b,False,False,False,normal,
TXN_30d13650653c,ACC_17b3b7566c4b,False,False,False,normal,
TXN_e26878507062,ACC_17b3b7566c4b,False,False,False,normal,
TXN_4e46a60069a5,ACC_17b3b7566c4b,False,False,False,normal,
TXN_17445630654d,ACC_17b3b7566c4b,False,False,False,normal,
TXN_12da6f50e191,ACC_17b3b7566c4b,False,False,False,normal,
TXN_f39b0be14bdb,ACC_17b3b7566c4b,False,False,False,normal,
TXN_164c1f62faa1,ACC_17b3b7566c4b,False,False,False,normal,
TXN_8eba17d98520,ACC_97823aed5902,False,True,True,behavioral_anomaly,
TXN_8d9b406e0a72,ACC_97823aed5902,False,True,True,behavioral_anomaly,
TXN_28a3ea601ddd,ACC_97823aed5902,False,True,True,behavioral_anomaly,
TXN_9d0a3436f097,ACC_97823aed5902,False,True,True,behavioral_anomaly,
TXN_03545ba9c69e,ACC_97823aed5902,False,True,True,behavioral_anomaly,
TXN_a7e0009a440a,ACC_97823aed5902,False,True,True,behavioral_anomaly,
TXN_0c0be65bd447,ACC_97823aed5902,False,True,True,behavioral_anomaly,
TXN_e275a6f5128f,ACC_97823aed5902,False,True,True,behavioral_anomaly,
TXN_c1b8c039affd,ACC_97823aed5902,False,True,True,behavioral_anomaly,
TXN_3f210bdc2fc7,ACC_97823aed5902,False,True,True,behavioral_anomaly,
TXN_4a4329827d48,ACC_0ce51cc13f5c,False,False,False,normal,
TXN_5bcb18f1cac4,ACC_0ce51cc13f5c,False,False,False,normal,
TXN_00595fb14038,ACC_0ce51cc13f5c,False,False,False,normal,
TXN_bafc1d23a0b8,ACC_0ce51cc13f5c,False,False,False,normal,
TXN_d3312f0b27fd,ACC_0ce51cc13f5c,False,False,False,normal,
TXN_2cb9b9304aa4,ACC_0ce51cc13f5c,False,False,False,normal,
TXN_99d36b387e81,ACC_0ce51cc13f5c,False,False,False,normal,
TXN_4330f8a5dee2,ACC_0ce51cc13f5c,False,False,False,normal,
TXN_0f68f37b0cab,ACC_0ce51cc13f5c,False,False,False,normal,
TXN_a17a58cf2e20,ACC_0ce51cc13f5c,False,False,False,normal,
TXN_6b163d4f721e,ACC_148223cbd23c,False,False,False,normal,
TXN_efd1afca630c,ACC_148223cbd23c,False,False,False,normal,
TXN_8309db3b1bdc,ACC_148223cbd23c,False,False,False,normal,
TXN_cffe51333e6c,ACC_148223cbd23c,False,False,False,normal,
TXN_cd4fc0c03f76,ACC_148223cbd23c,False,False,False,normal,
TXN_9aa8757360ad,ACC_148223cbd23c,False,False,False,normal,
TXN_e6ca9fa2f539,ACC_148223cbd23c,False,False,False,normal,
TXN_d01ceab57dc4,ACC_148223cbd23c,False,False,False,normal,
TXN_05d8cf66f4cf,ACC_148223cbd23c,False,False,False,normal,
TXN_61cc6c830836,ACC_148223cbd23c,False,False,False,normal,
TXN_add258fa723b,ACC_512566321fc0,False,False,False,normal,
TXN_24e57bbb11dd,ACC_512566321fc0,False,False,False,normal,
TXN_5436f9097762,ACC_512566321fc0,False,False,False,normal,
TXN_049fa3f120db,ACC_512566321fc0,False,False,False,normal,
TXN_5b577510023b,ACC_512566321fc0,False,False,False,normal,
TXN_3b425056a34c,ACC_512566321fc0,False,False,False,normal,
TXN_b31285cf4dc7,ACC_512566321fc0,False,False,False,normal,
TXN_f0e704e8fa2b,ACC_512566321fc0,False,False,False,normal,
TXN_1d9c974a268c,ACC_512566321fc0,False,False,False,normal,
TXN_f5b4e6804cc2,ACC_512566321fc0,False,False,False,normal,
TXN_fbee66cb81d5,ACC_7762fa264492,False,False,False,normal,
TXN_7ce6163af086,ACC_7762fa264492,False,False,False,normal,
TXN_fd2439b833b9,ACC_7762fa264492,False,False,False,normal,
TXN_042bee8104cf,ACC_7762fa264492,False,False,False,normal,
TXN_f6728b8a5ec1,ACC_7762fa264492,False,False,False,normal,
TXN_a10a7be53212,ACC_7762fa264492,False,False,False,normal,
TXN_bac47d255536,ACC_7762fa264492,False,False,False,normal,
TXN_56cb2a05fd2e,ACC_7762fa264492,False,False,False,normal,
TXN_f4eeda744cdf,ACC_7762fa264492,False,False,False,normal,
TXN_b9ce435489da,ACC_7762fa264492,False,False,False,normal,
TXN_1a65731500e3,ACC_5d7201df983a,False,False,False,normal,
TXN_4de0903e95c0,ACC_5d7201df983a,False,False,False,normal,
TXN_1da73f035475,ACC_5d7201df983a,False,False,False,normal,
TXN_3eaa8ca741bc,ACC_5d7201df983a,False,False,False,normal,
TXN_0c04b54d5c57,ACC_5d7201df983a,False,False,False,normal,
TXN_6b94aaca053f,ACC_5d7201df983a,False,False,False,normal,
TXN_4021528be996,ACC_5d7201df983a,False,False,False,normal,
TXN_8d799679d1fb,ACC_5d7201df983a,False,False,False,normal,
TXN_b0879d633799,ACC_5d7201df983a,False,False,False,normal,
TXN_63942c38760f,ACC_5d7201df983a,False,False,False,normal,
TXN_4b044b5965f1,ACC_109943d13eef,True,False,True,fraud_ring,RING_006
TXN_555ae82463df,ACC_109943d13eef,True,False,True,fraud_ring,RING_006
TXN_52daedf1198c,ACC_109943d13eef,True,False,True,fraud_ring,RING_006
TXN_e60c53422243,ACC_109943d13eef,True,False,True,fraud_ring,RING_006
TXN_e2abfd9e02d9,ACC_109943d13eef,True,False,True,fraud_ring,RING_006
TXN_2ecadc164fbe,ACC_109943d13eef,True,False,True,fraud_ring,RING_006
TXN_9c85e31fcf64,ACC_109943d13eef,True,False,True,fraud_ring,RING_006
TXN_6c6ddfd2001d,ACC_109943d13eef,True,False,True,fraud_ring,RING_006
TXN_0c93092cddf0,ACC_109943d13eef,True,False,True,fraud_ring,RING_006
TXN_3d07e6a8d496,ACC_109943d13eef,True,False,True,fraud_ring,RING_006
TXN_fb21d7a2bf43,ACC_9577343eba51,False,False,False,normal,
TXN_471819071e77,ACC_9577343eba51,False,False,False,normal,
TXN_3e34105f374d,ACC_9577343eba51,False,False,False,normal,
TXN_1202a4e54869,ACC_9577343eba51,False,False,False,normal,
TXN_ce7e5e4533cd,ACC_9577343eba51,False,False,False,normal,
TXN_863a5952bd27,ACC_9577343eba51,False,False,False,normal,
TXN_ed9e6f7ebf39,ACC_9577343eba51,False,False,False,normal,
TXN_f333746e77ec,ACC_9577343eba51,False,False,False,normal,
TXN_731d4787a7f5,ACC_9577343eba51,False,False,False,normal,
TXN_80656c34e30b,ACC_9577343eba51,False,False,False,normal,
TXN_bfc8f9e58f58,ACC_209e1d82d711,False,False,False,normal,
TXN_c8aeb52d37fb,ACC_209e1d82d711,False,False,False,normal,
TXN_f89c5417538a,ACC_209e1d82d711,False,False,False,normal,
TXN_b908545f2f44,ACC_209e1d82d711,False,False,False,normal,
TXN_df7281a3754a,ACC_209e1d82d711,False,False,False,normal,
TXN_5bdd44f063b7,ACC_209e1d82d711,False,False,False,normal,
TXN_4d268138387a,ACC_209e1d82d711,False,False,False,normal,
TXN_7a718ac25c73,ACC_209e1d82d711,False,False,False,normal,
TXN_38cb9a13fa6a,ACC_209e1d82d711,False,False,False,normal,
TXN_2a783fddd2b7,ACC_209e1d82d711,False,False,False,normal,
TXN_0a4445b0cd54,ACC_23f466f43909,False,False,False,normal,
TXN_bfe7db113ee4,ACC_23f466f43909,False,False,False,normal,
TXN_132333b1043c,ACC_23f466f43909,False,False,False,normal,
TXN_226f63321f9b,ACC_23f466f43909,False,False,False,normal,
TXN_561e04016882,ACC_23f466f43909,False,False,False,normal,
TXN_451563dd55ba,ACC_23f466f43909,False,False,False,normal,
TXN_84f81ecaa25d,ACC_23f466f43909,False,False,False,normal,
TXN_5d4d856b84e0,ACC_23f466f43909,False,False,False,normal,
TXN_20c563363bc3,ACC_23f466f43909,False,False,False,normal,
TXN_d7c4d9d0bcd9,ACC_23f466f43909,False,False,False,normal,
TXN_9115e9923a63,ACC_3a879ebe3e74,True,False,True,fraud_ring,RING_003
TXN_dd2ccb6f224a,ACC_3a879ebe3e74,True,False,True,fraud_ring,RING_003
TXN_771063b6e0f0,ACC_3a879ebe3e74,True,False,True,fraud_ring,RING_003
TXN_4e4c010498d4,ACC_3a879ebe3e74,True,False,True,fraud_ring,RING_003
TXN_d962f371b492,ACC_3a879ebe3e74,True,False,True,fraud_ring,RING_003
TXN_1c1db4172cfb,ACC_3a879ebe3e74,True,False,True,fraud_ring,RING_003
TXN_16ee39c244d2,ACC_3a879ebe3e74,True,False,True,fraud_ring,RING_003
TXN_7f85dcd66665,ACC_3a879ebe3e74,True,False,True,fraud_ring,RING_003
TXN_41cc78be5315,ACC_3a879ebe3e74,True,False,True,fraud_ring,RING_003
TXN_58d7db9aa821,ACC_3a879ebe3e74,True,False,True,fraud_ring,RING_003
TXN_bd971023197f,ACC_197e096bb003,True,False,True,fraud_ring,RING_003
TXN_88c151bcdf1a,ACC_197e096bb003,True,False,True,fraud_ring,RING_003
TXN_82d5176a65d7,ACC_197e096bb003,True,False,True,fraud_ring,RING_003
TXN_e971532e4809,ACC_197e096bb003,True,False,True,fraud_ring,RING_003
TXN_20065a2ebf45,ACC_197e096bb003,True,False,True,fraud_ring,RING_003
TXN_042c0d78a36b,ACC_197e096bb003,True,False,True,fraud_ring,RING_003
TXN_c322eb14d1e3,ACC_197e096bb003,True,False,True,fraud_ring,RING_003
TXN_e04b162f1b65,ACC_197e096bb003,True,False,True,fraud_ring,RING_003
TXN_af8ca5173672,ACC_197e096bb003,True,False,True,fraud_ring,RING_003
TXN_a123f448bb32,ACC_197e096bb003,True,False,True,fraud_ring,RING_003
TXN_561d15ad1269,ACC_aa78ea1dff04,False,False,False,normal,
TXN_d262a62eabbf,ACC_aa78ea1dff04,False,False,False,normal,
TXN_38feae41603c,ACC_aa78ea1dff04,False,False,False,normal,
TXN_f4c6a94062e1,ACC_aa78ea1dff04,False,False,False,normal,
TXN_81bf8564fa68,ACC_aa78ea1dff04,False,False,False,normal,
TXN_f452eeef5ac8,ACC_aa78ea1dff04,False,False,False,normal,
TXN_0a80e94f3e45,ACC_aa78ea1dff04,False,False,False,normal,
TXN_2f5a84a22589,ACC_aa78ea1dff04,False,False,False,normal,
TXN_e2bd99520040,ACC_aa78ea1dff04,False,False,False,normal,
TXN_9b9f4d2c59ba,ACC_aa78ea1dff04,False,False,False,normal,
